###############################################################
## Evolution started on --- ---  - 13:56:16 2025
###############################################################
0 	 0.00000000016053879500 	 0.00000000000373285741 	 -0.00000000000000000000
1 	 0.00000005212720782519 	 0.00000000128815766984 	 0.00000000000000000000
2 	 0.00000127006245982802 	 0.00000005242408409066 	 0.00000000000000000000
3 	 0.00000142745315350145 	 0.00000022031964818939 	 0.00000000000000000000
4 	 0.00000142745315350145 	 0.00000033909887487047 	 0.00000000000000000000
5 	 0.00000257766054082614 	 0.00000030855263446650 	 0.00000000000000000000
6 	 0.00000258449391563721 	 0.00000059368560797079 	 0.00000000000000000000
7 	 0.00000278069678713062 	 0.00000098306407378622 	 0.00000000000000000000
8 	 0.00000278069678713062 	 0.00000082448207057090 	 0.00000000000000000000
9 	 0.00003110513181145697 	 0.00000188866804403415 	 0.00000000000000000000
10 	 0.00003269715533927773 	 0.00000400493516745104 	 0.00000000000000000000
11 	 0.00003280595897883720 	 0.00000864965512946801 	 0.00000000000000000000
12 	 0.00003283717667976712 	 0.00001269219872038361 	 0.00000000000000000000
13 	 0.00003303163430147829 	 0.00001176696941059265 	 0.00000000000000000000
14 	 0.00003304236589112135 	 0.00001233276252802821 	 0.00000000000000000000
15 	 0.00003307278361868399 	 0.00000986372862236669 	 0.00000000000000000000
16 	 0.00003307278361868399 	 0.00001053322041397901 	 0.00000000000000000000
17 	 0.00003310972501142166 	 0.00000974688130879623 	 0.00000000000000000000
18 	 0.00003310972501142166 	 0.00001008012396185549 	 0.00000000000000000000
19 	 0.00003330188070777755 	 0.00001150269470708811 	 0.00000000000000000000
20 	 0.00003359492198072061 	 0.00001138199552567391 	 0.00000000000000000000
21 	 0.00003359492198072061 	 0.00001057709194724457 	 0.00000000000000000000
22 	 0.00003359492198072061 	 0.00000994262191160946 	 0.00000000000000000000
23 	 0.00003383662895698895 	 0.00001275020387596738 	 0.00000000000000000000
24 	 0.00003383662895698895 	 0.00000840161716793410 	 0.00000000000000000000
25 	 0.00003383662895698895 	 0.00000721434890294528 	 0.00000000000000000000
26 	 0.00003383662895698895 	 0.00000703820021309298 	 0.00000000000000000000
27 	 0.00003585502306481076 	 0.00001005701588888517 	 0.00000000000000000000
28 	 0.00003585502306481076 	 0.00000695271123541126 	 0.00000000000000000000
29 	 0.00003585502306481076 	 0.00000956042412998184 	 0.00000000000000000000
30 	 0.00003585502306481076 	 0.00001467424926402608 	 0.00000000000000000000
31 	 0.00003594297563056531 	 0.00001665144018733768 	 0.00000000000000000000
32 	 0.00003596820481648553 	 0.00001046801055730618 	 0.00000000000000000000
33 	 0.00003608606358178064 	 0.00001136753236165629 	 0.00000000000000000000
34 	 0.00003703626350474489 	 0.00001065454039843172 	 0.00000000000000000000
35 	 0.00003703626350474489 	 0.00001189029378060491 	 0.00000000000000000000
36 	 0.00003703978391179387 	 0.00000912050985456022 	 0.00000000000000000000
37 	 0.00003703978391179387 	 0.00001228407603622983 	 0.00000000000000000000
38 	 0.00003703978391179387 	 0.00001116240145414515 	 0.00000000000000000000
39 	 0.00003703978391179387 	 0.00001221792154350490 	 0.00000000000000000000
40 	 0.00003703978391179387 	 0.00001086656490327114 	 0.00000000000000000000
41 	 0.00003712879481604883 	 0.00001183493497763053 	 0.00000000000000000000
42 	 0.00003712879481604883 	 0.00000935877861892380 	 0.00000000000000000000
43 	 0.00003712879481604883 	 0.00001282230818191239 	 0.00000000000000000000
44 	 0.00003719145833019871 	 0.00001096964807402191 	 0.00000000000000000000
45 	 0.00003728469640265185 	 0.00001246328383610760 	 0.00000000000000000000
46 	 0.00003728469640265185 	 0.00001475970772093718 	 0.00000000000000000000
47 	 0.00003728469640265185 	 0.00001131751617362703 	 0.00000000000000000000
48 	 0.00003728469640265185 	 0.00000691678573224338 	 0.00000000000000000000
49 	 0.00003728961264064011 	 0.00001120537454978392 	 -0.00000000000000000000
50 	 0.00003728961264064011 	 0.00000899185678830840 	 0.00000000000000000000
51 	 0.00003728961264064011 	 0.00001159348980810429 	 0.00000000000000000000
52 	 0.00003728961264064011 	 0.00000855479929697501 	 0.00000000000000000000
53 	 0.00003728961264064011 	 0.00001291923892309886 	 0.00000000000000000000
54 	 0.00003731352289165502 	 0.00001144457409780368 	 0.00000000000000000000
55 	 0.00003731352289165502 	 0.00001217061566455779 	 0.00000000000000000000
56 	 0.00003813776839376041 	 0.00001440127373428403 	 0.00000000000000000000
57 	 0.00003813776839376041 	 0.00001270318115762700 	 -0.00000000000000000000
58 	 0.00003813776839376041 	 0.00001108233987923204 	 0.00000000000000000000
59 	 0.00003814444587239677 	 0.00001514712136993970 	 0.00000000000000000000
60 	 0.00003814444587239677 	 0.00001279538226355613 	 0.00000000000000000000
61 	 0.00003814444587239677 	 0.00001056304041391316 	 0.00000000000000000000
62 	 0.00003842863737102591 	 0.00001445000565288968 	 -0.00000000000000000000
63 	 0.00003842863737102591 	 0.00001066233239686641 	 0.00000000000000000000
64 	 0.00003842863737102591 	 0.00001463935411978638 	 0.00000000000000000000
65 	 0.00003842863737102591 	 0.00001420086326361641 	 0.00000000000000000000
66 	 0.00003842863737102591 	 0.00001301666554212272 	 0.00000000000000000000
67 	 0.00003842863737102591 	 0.00001278559670328320 	 0.00000000000000000000
68 	 0.00003845919631349268 	 0.00001390192530022327 	 0.00000000000000000000
69 	 0.00003845919631349268 	 0.00001318651006430393 	 0.00000000000000000000
70 	 0.00003845919631349268 	 0.00000958110365517518 	 0.00000000000000000000
71 	 0.00003845919631349268 	 0.00001366297459768602 	 0.00000000000000000000
72 	 0.00003845919631349268 	 0.00001171062231248262 	 0.00000000000000000000
73 	 0.00003845919631349268 	 0.00001118834976136005 	 0.00000000000000000000
74 	 0.00003845919631349268 	 0.00001101513266285629 	 0.00000000000000000000
75 	 0.00003845919631349268 	 0.00001110261358200559 	 -0.00000000000000000000
76 	 0.00003845919631349268 	 0.00001075957565389606 	 0.00000000000000000000
77 	 0.00003845919631349268 	 0.00001321636881561789 	 0.00000000000000000000
78 	 0.00003845919631349268 	 0.00001043046728307178 	 0.00000000000000000000
79 	 0.00003845919631349268 	 0.00001019152777618016 	 -0.00000000000000000000
80 	 0.00003853705275635585 	 0.00001386035203683889 	 0.00000000000000000000
81 	 0.00003853705275635585 	 0.00001180256574476457 	 0.00000000000000000000
82 	 0.00003853705275635585 	 0.00001599697613064840 	 0.00000000000000000000
83 	 0.00003853705275635585 	 0.00000948989056382241 	 0.00000000000000000000
84 	 0.00003853705275635585 	 0.00001106471761654792 	 0.00000000000000000000
85 	 0.00003853705275635585 	 0.00001313122890695107 	 0.00000000000000000000
86 	 0.00003854260044971953 	 0.00001387104771528630 	 0.00000000000000000000
87 	 0.00003857893831681187 	 0.00001291094898725071 	 0.00000000000000000000
88 	 0.00003857893831681187 	 0.00001013693918861576 	 0.00000000000000000000
89 	 0.00003857893831681187 	 0.00001270804925797661 	 0.00000000000000000000
90 	 0.00003857893831681187 	 0.00001033948084107719 	 0.00000000000000000000
91 	 0.00003857893831681187 	 0.00001174192456715923 	 0.00000000000000000000
92 	 0.00003857893831681187 	 0.00001017610338337566 	 0.00000000000000000000
93 	 0.00003857893831681187 	 0.00001455810893927017 	 0.00000000000000000000
94 	 0.00003857893831681187 	 0.00001126015058898689 	 0.00000000000000000000
95 	 0.00003857893831681187 	 0.00001336780770787296 	 0.00000000000000000000
96 	 0.00003857893831681187 	 0.00001294556262777598 	 -0.00000000000000000000
97 	 0.00003858298523146537 	 0.00001178813553213597 	 -0.00000000000000000000
98 	 0.00003858298523146537 	 0.00001703763050231124 	 0.00000000000000000000
99 	 0.00003861885133029905 	 0.00001085198880876195 	 0.00000000000000000000
100 	 0.00003861885133029905 	 0.00001187209715636397 	 0.00000000000000000000
###############################################################
## Evolution ended on --- ---  - 14:20:53 2025
## Reason: Evolved till last generation 100
## The best individual was found in generation 99 (fitness: 0.00003862)
###############################################################
###############################################################
## Evolution started on --- ---  - 14:38:34 2025
###############################################################
101 	 0.00003861885060454547 	 0.00001532335921205875 	 0.00000000000000000000
102 	 0.00003861885060454547 	 0.00001608140225146305 	 -0.00000000000000000000
103 	 0.00003861885060454547 	 0.00001120940239436238 	 0.00000000000000000000
104 	 0.00003866206671411657 	 0.00001567925243425462 	 0.00000000000000000000
105 	 0.00003866206671411657 	 0.00000990532670009047 	 0.00000000000000000000
106 	 0.00003866206671411657 	 0.00001195495844162697 	 0.00000000000000000000
107 	 0.00003866206671411657 	 0.00001190004992433139 	 0.00000000000000000000
108 	 0.00003866206671411657 	 0.00001250193977930459 	 0.00000000000000000000
109 	 0.00003869140419760481 	 0.00001566744306957914 	 0.00000000000000000000
110 	 0.00003869140419760481 	 0.00001089174555698451 	 0.00000000000000000000
111 	 0.00003869140419760481 	 0.00001116645029736715 	 0.00000000000000000000
112 	 0.00003869140419760481 	 0.00001465097477203669 	 0.00000000000000000000
113 	 0.00003869140419760481 	 0.00001554767239492681 	 0.00000000000000000000
114 	 0.00003869140419760481 	 0.00001280568778890186 	 0.00000000000000000000
115 	 0.00003869140419760481 	 0.00001108924620028733 	 0.00000000000000000000
116 	 0.00003869140419760481 	 0.00001177461580701625 	 0.00000000000000000000
117 	 0.00003869140419760481 	 0.00001069268457548485 	 0.00000000000000000000
118 	 0.00003869140419760481 	 0.00001374721124057402 	 0.00000000000000000000
119 	 0.00003869140419760481 	 0.00001249083548313531 	 0.00000000000000000000
120 	 0.00003869140419760481 	 0.00001279225043450053 	 0.00000000000000000000
121 	 0.00003869355061969749 	 0.00001010633691401188 	 0.00000000000000000000
122 	 0.00003869355061969749 	 0.00001238024529621409 	 0.00000000000000000000
123 	 0.00003870120471357141 	 0.00001686196767372772 	 0.00000000000000000000
124 	 0.00003870120471357141 	 0.00000975994301566505 	 0.00000000000000000000
125 	 0.00003870120471357141 	 0.00000965202174492982 	 0.00000000000000000000
126 	 0.00003870120471357141 	 0.00000967866316634029 	 0.00000000000000000000
127 	 0.00003870656894917038 	 0.00001078781141384764 	 0.00000000000000000000
128 	 0.00003870656894917038 	 0.00001038420789738322 	 0.00000000000000000000
129 	 0.00003870656894917038 	 0.00001145184278285582 	 0.00000000000000000000
130 	 0.00003870656894917038 	 0.00001621951892983080 	 0.00000000000000000000
131 	 0.00003870656894917038 	 0.00001847261218116387 	 0.00000000000000000000
132 	 0.00003870656894917038 	 0.00001252760111573289 	 0.00000000000000000000
133 	 0.00003870656894917038 	 0.00001369849969446938 	 0.00000000000000000000
134 	 0.00003870656909358453 	 0.00001219444172878996 	 0.00000000000000000000
135 	 0.00003870656909358453 	 0.00001256183299160503 	 0.00000000000000000000
136 	 0.00003870656909358453 	 0.00001209320307596920 	 0.00000000000000000000
137 	 0.00003870656909358453 	 0.00001280182855113864 	 0.00000000000000000000
138 	 0.00003870656909358453 	 0.00001102271695756380 	 0.00000000000000000000
139 	 0.00003870656909358453 	 0.00001365388772667440 	 0.00000000000000000000
140 	 0.00003870656909358453 	 0.00001175038210411557 	 0.00000000000000000000
141 	 0.00003870656909358453 	 0.00001346184501326246 	 0.00000000000000000000
142 	 0.00003870656909358453 	 0.00001142037137806872 	 0.00000000000000000000
143 	 0.00003870656909358453 	 0.00001296310652917210 	 0.00000000000000000000
144 	 0.00003870656909358453 	 0.00001446350652756967 	 0.00000000000000000000
145 	 0.00003870656909358453 	 0.00001268074880567995 	 0.00000000000000000000
146 	 0.00003870656909358453 	 0.00001766032405710680 	 0.00000000000000000000
147 	 0.00003870656909358453 	 0.00000887652723546870 	 0.00000000000000000000
148 	 0.00003870656909358453 	 0.00000663044398460095 	 0.00000000000000000000
149 	 0.00003870656909358453 	 0.00001059868158049421 	 -0.00000000000000000000
150 	 0.00003870656909358453 	 0.00001219278257658691 	 0.00000000000000000000
151 	 0.00003870656909358453 	 0.00001173238499848944 	 0.00000000000000000000
152 	 0.00003870656909358453 	 0.00000835826927141428 	 0.00000000000000000000
153 	 0.00003871750728753091 	 0.00001257111709368089 	 0.00000000000000000000
154 	 0.00003871750728753091 	 0.00001009397102810676 	 0.00000000000000000000
155 	 0.00003871750728753091 	 0.00001383098502994331 	 0.00000000000000000000
156 	 0.00003871750728753091 	 0.00001409027380788363 	 0.00000000000000000000
157 	 0.00003871750728753091 	 0.00001507330785062171 	 -0.00000000000000000000
158 	 0.00003871750728753091 	 0.00001024589361064964 	 0.00000000000000000000
159 	 0.00003871750728753091 	 0.00001429653118345271 	 0.00000000000000000000
160 	 0.00003871750728753091 	 0.00001151584599174758 	 0.00000000000000000000
161 	 0.00003871750729297957 	 0.00000956740723248324 	 0.00000000000000000000
162 	 0.00003871750729297957 	 0.00001636775160520868 	 -0.00000000000000000000
163 	 0.00003871750729297957 	 0.00001134345295432323 	 -0.00000000000000000000
164 	 0.00003871750729297957 	 0.00001203858713510463 	 0.00000000000000000000
165 	 0.00003871750729297957 	 0.00001675827254724310 	 0.00000000000000000000
166 	 0.00003871750729297957 	 0.00001099832322111605 	 0.00000000000000000000
167 	 0.00003871750729297957 	 0.00001271351074788186 	 0.00000000000000000000
168 	 0.00003871750729297957 	 0.00001354075481523649 	 0.00000000000000000000
169 	 0.00003871750729297957 	 0.00001204521456154981 	 0.00000000000000000000
170 	 0.00003871750729297957 	 0.00000800777406618341 	 -0.00000000000000000000
171 	 0.00003871750729297957 	 0.00001496796851515496 	 0.00000000000000000000
172 	 0.00003871750729297957 	 0.00001061029678955853 	 0.00000000000000000000
173 	 0.00003871750729297957 	 0.00001320143627538408 	 0.00000000000000000000
174 	 0.00003871750729297957 	 0.00001047258120293728 	 0.00000000000000000000
175 	 0.00003871750729297957 	 0.00001233945083238302 	 -0.00000000000000000000
176 	 0.00003871750729297957 	 0.00001187115467073194 	 0.00000000000000000000
177 	 0.00003871750729297957 	 0.00001266713472424315 	 0.00000000000000000000
178 	 0.00003871750729297957 	 0.00001107305817934705 	 0.00000000000000000000
179 	 0.00003871750729297957 	 0.00001008542024682373 	 -0.00000000000000000000
180 	 0.00003871750729297957 	 0.00001261626113224539 	 0.00000000000000000000
181 	 0.00003871750729297957 	 0.00001092658164732887 	 0.00000000000000000000
182 	 0.00003871750729297957 	 0.00001419626762578763 	 -0.00000000000000000000
183 	 0.00003871750729297957 	 0.00001031975198174237 	 0.00000000000000000000
184 	 0.00003871750729297957 	 0.00001158421717837542 	 0.00000000000000000000
185 	 0.00003871750729297957 	 0.00001247088031944083 	 0.00000000000000000000
186 	 0.00003871750729297957 	 0.00001311766368100144 	 0.00000000000000000000
187 	 0.00003871750729297957 	 0.00001209540844659399 	 -0.00000000000000000000
188 	 0.00003871750729297957 	 0.00000695047677763303 	 0.00000000000000000000
189 	 0.00003871750729297957 	 0.00001437842712321562 	 0.00000000000000000000
190 	 0.00003871750729297957 	 0.00001004145050131139 	 0.00000000000000000000
191 	 0.00003871750729297957 	 0.00001256450058588284 	 0.00000000000000000000
192 	 0.00003871750729297957 	 0.00001176102534900214 	 0.00000000000000000000
193 	 0.00003871750729297957 	 0.00001283106245841494 	 0.00000000000000000000
194 	 0.00003871750729297957 	 0.00001345928358339129 	 0.00000000000000000000
195 	 0.00003871750729297957 	 0.00001398707525707523 	 0.00000000000000000000
196 	 0.00003871750729297957 	 0.00001390333842886700 	 0.00000000000000000000
197 	 0.00003871750729297957 	 0.00001245510655995591 	 -0.00000000000000000000
198 	 0.00003871750729297957 	 0.00001806386825619421 	 0.00000000000000000000
199 	 0.00003871750729327697 	 0.00001273052306272825 	 0.00000000000000000000
200 	 0.00003871750729327697 	 0.00001063101378261136 	 0.00000000000000000000
201 	 0.00003871750729327697 	 0.00001140980942868944 	 0.00000000000000000000
202 	 0.00003871750729327697 	 0.00001092240606929103 	 0.00000000000000000000
203 	 0.00003871750729327697 	 0.00002032576428781952 	 0.00000000000000000000
204 	 0.00003871750729327697 	 0.00001669267912755887 	 0.00000000000000000000
205 	 0.00003871750729327697 	 0.00001375289966891575 	 -0.00000000000000000000
206 	 0.00003871750729327697 	 0.00001461697736651016 	 0.00000000000000000000
207 	 0.00003871750729327697 	 0.00001193872106273470 	 0.00000000000000000000
208 	 0.00003871750729327697 	 0.00001190647739611485 	 0.00000000000000000000
209 	 0.00003871750729327697 	 0.00000902003164276826 	 0.00000000000000000000
210 	 0.00003871750729327697 	 0.00001173249467389300 	 0.00000000000000000000
211 	 0.00003871750729327697 	 0.00001007993107302548 	 0.00000000000000000000
212 	 0.00003871750729327697 	 0.00001195579921916774 	 0.00000000000000000000
213 	 0.00003871750729327697 	 0.00001162155490770133 	 0.00000000000000000000
214 	 0.00003871750729327697 	 0.00001424063536728074 	 0.00000000000000000000
215 	 0.00003871750729327697 	 0.00001041131166157909 	 0.00000000000000000000
216 	 0.00003871750729327697 	 0.00001588832663878368 	 0.00000000000000000000
217 	 0.00003871750729327697 	 0.00001146049469056427 	 0.00000000000000000000
218 	 0.00003871750729327697 	 0.00001637698693115263 	 0.00000000000000000000
219 	 0.00003871750729327697 	 0.00001651533631935758 	 0.00000000000000000000
220 	 0.00003871750729327697 	 0.00001063286879416564 	 -0.00000000000000000000
221 	 0.00003871750729327697 	 0.00001245333501968087 	 -0.00000000000000000000
222 	 0.00003871750729327697 	 0.00001194129104913961 	 0.00000000000000000000
223 	 0.00003871750729327697 	 0.00001357167944464807 	 0.00000000000000000000
224 	 0.00003871750729327697 	 0.00001484971965597236 	 0.00000000000000000000
225 	 0.00003871750729327697 	 0.00001222366223439916 	 0.00000000000000000000
226 	 0.00003871750729327697 	 0.00001129278693091282 	 0.00000000000000000000
227 	 0.00003871750729327697 	 0.00001450836920330002 	 0.00000000000000000000
228 	 0.00003871750729327697 	 0.00000830881525916043 	 0.00000000000000000000
229 	 0.00003871750729327697 	 0.00000962648767833572 	 0.00000000000000000000
230 	 0.00003871750729327697 	 0.00000953281043465901 	 0.00000000000000000000
231 	 0.00003871750729327697 	 0.00001501101741233291 	 0.00000000000000000000
232 	 0.00003871750729327697 	 0.00001061391737740031 	 0.00000000000000000000
233 	 0.00003871750729327697 	 0.00000874343246434029 	 0.00000000000000000000
234 	 0.00003871750729327697 	 0.00001137263041350173 	 -0.00000000000000000000
235 	 0.00003871750729327697 	 0.00000971653512037611 	 0.00000000000000000000
236 	 0.00003871750729327697 	 0.00000943786542057408 	 0.00000000000000000000
237 	 0.00003871750729327697 	 0.00001303613446473624 	 0.00000000000000000000
238 	 0.00003871750729327697 	 0.00001146117750230690 	 0.00000000000000000000
239 	 0.00003871750729327697 	 0.00000973704100285870 	 0.00000000000000000000
240 	 0.00003871750729327697 	 0.00001650589518620894 	 0.00000000000000000000
241 	 0.00003871750729327697 	 0.00000839708456054259 	 0.00000000000000000000
242 	 0.00003871750729327697 	 0.00001349719559315581 	 0.00000000000000000000
243 	 0.00003871750729327697 	 0.00001523765752430764 	 0.00000000000000000000
244 	 0.00003871750729327697 	 0.00001419443668219167 	 0.00000000000000000000
245 	 0.00003871750729327697 	 0.00001266822369555104 	 0.00000000000000000000
246 	 0.00003871750729327697 	 0.00001217520655382944 	 0.00000000000000000000
247 	 0.00003871750729327697 	 0.00001224192114942006 	 0.00000000000000000000
248 	 0.00003871753554976868 	 0.00000819713206969430 	 0.00000000000000000000
249 	 0.00003871753554976868 	 0.00001654001295978690 	 0.00000000000000000000
250 	 0.00003871753554976868 	 0.00001199195318930550 	 0.00000000000000000000
251 	 0.00003871753554976868 	 0.00001303955615689675 	 0.00000000000000000000
252 	 0.00003871753554976868 	 0.00001489689451335953 	 0.00000000000000000000
253 	 0.00003871753554976868 	 0.00001277565784535623 	 0.00000000000000000000
254 	 0.00003871753554976868 	 0.00000946836919800117 	 0.00000000000000000000
255 	 0.00003871753554976868 	 0.00001116099276481625 	 0.00000000000000000000
256 	 0.00003871753554976868 	 0.00000879106486913470 	 0.00000000000000000000
257 	 0.00003871753554976868 	 0.00001030410009889003 	 0.00000000000000000000
258 	 0.00003871753554976868 	 0.00000961304444200981 	 0.00000000000000000000
259 	 0.00003871753554976868 	 0.00001130073227099257 	 -0.00000000000000000000
260 	 0.00003871753554976868 	 0.00001284578299248756 	 0.00000000000000000000
261 	 0.00003871753554976868 	 0.00001032343731558804 	 0.00000000000000000000
262 	 0.00003871753554976868 	 0.00001152660068319206 	 0.00000000000000000000
263 	 0.00003871753554976868 	 0.00000952555806245389 	 -0.00000000000000000000
264 	 0.00003871753554976868 	 0.00001231086543436746 	 0.00000000000000000000
265 	 0.00003871753554976868 	 0.00000936453880910754 	 0.00000000000000000000
266 	 0.00003871753554976868 	 0.00001001224341998154 	 0.00000000000000000000
267 	 0.00003871753554976868 	 0.00001125440960814735 	 0.00000000000000000000
268 	 0.00003871753554976868 	 0.00000894436269399508 	 0.00000000000000000000
269 	 0.00003871753554976868 	 0.00000898760180141072 	 0.00000000000000000000
270 	 0.00003871753554976868 	 0.00001115379315023712 	 0.00000000000000000000
271 	 0.00003871753554976868 	 0.00001293331976755842 	 0.00000000000000000000
272 	 0.00003871753554976868 	 0.00001659136496531867 	 0.00000000000000000000
273 	 0.00003871753554976868 	 0.00001140553004110797 	 0.00000000000000000000
274 	 0.00003871753554976868 	 0.00000965166495439532 	 0.00000000000000000000
275 	 0.00003871753554976868 	 0.00001314546848983048 	 0.00000000000000000000
276 	 0.00003871753554976868 	 0.00001381855949937082 	 0.00000000000000000000
277 	 0.00003871753554976868 	 0.00001395732705540094 	 0.00000000000000000000
278 	 0.00003871753554976868 	 0.00001140807704834244 	 0.00000000000000000000
279 	 0.00003871753554976868 	 0.00000779767660633638 	 0.00000000000000000000
280 	 0.00003871753554976868 	 0.00000980087850091609 	 -0.00000000000000000000
281 	 0.00003872616327756558 	 0.00001767618915355984 	 0.00000000000000000000
282 	 0.00003872616327756558 	 0.00001452747060407544 	 0.00000000000000000000
283 	 0.00003872616327756558 	 0.00001230188836358567 	 0.00000000000000000000
284 	 0.00003872616327756558 	 0.00001033408156101754 	 0.00000000000000000000
285 	 0.00003874164985600657 	 0.00001033803447872341 	 0.00000000000000000000
286 	 0.00003874164985600657 	 0.00000858941969829054 	 0.00000000000000000000
287 	 0.00003874164985600657 	 0.00001714299684443103 	 0.00000000000000000000
288 	 0.00003874164985600657 	 0.00001125413621535138 	 0.00000000000000000000
289 	 0.00003874164985600657 	 0.00001190836774860231 	 -0.00000000000000000000
290 	 0.00003874164985600657 	 0.00001008471455874912 	 0.00000000000000000000
291 	 0.00003874164985600657 	 0.00001129159825597849 	 0.00000000000000000000
292 	 0.00003874164985600657 	 0.00001125306152185611 	 0.00000000000000000000
293 	 0.00003874164985600657 	 0.00001390149768514144 	 0.00000000000000000000
294 	 0.00003874164985600657 	 0.00001203467991895232 	 0.00000000000000000000
295 	 0.00003874164985600657 	 0.00001352624479365091 	 0.00000000000000000000
296 	 0.00003874164985600657 	 0.00000793919277111461 	 -0.00000000000000000000
297 	 0.00003874164985600657 	 0.00001164859533324693 	 -0.00000000000000000000
298 	 0.00003874243271540883 	 0.00001433011843551044 	 0.00000000000000000000
299 	 0.00003874243271540883 	 0.00000862140945023761 	 0.00000000000000000000
300 	 0.00003874243271540883 	 0.00001352703739230474 	 0.00000000000000000000
###############################################################
## Evolution ended on --- ---  - 15:28:28 2025
## Reason: Evolved till last generation 300
## The best individual was found in generation 298 (fitness: 0.00003874)
###############################################################
###############################################################
## Evolution started on --- ---  - 15:56:28 2025
###############################################################
301 	 0.00003874243272988124 	 0.00000542427140433984 	 0.00000000000000000000
302 	 0.00003874243272988124 	 0.00000598503453662892 	 -0.00000000000000000000
303 	 0.00003874243272988124 	 0.00000500162891097383 	 0.00000000000000000000
304 	 0.00003874243272988124 	 0.00000541020984783341 	 0.00000000000000000000
305 	 0.00003874243272988124 	 0.00000388672282656490 	 0.00000000000000000000
306 	 0.00003874243272988124 	 0.00000464640455398878 	 -0.00000000000000000000
307 	 0.00003874243272988124 	 0.00000434872153968591 	 0.00000000000000000000
308 	 0.00003874243272988124 	 0.00000423174924788771 	 0.00000000000000000000
309 	 0.00003874243272988124 	 0.00000494606219567037 	 -0.00000000000000000000
310 	 0.00003874243272988124 	 0.00000358916391810190 	 -0.00000000000000000000
311 	 0.00003874243272988124 	 0.00000430751607223931 	 0.00000000000000000000
312 	 0.00003874243272988124 	 0.00000564059250505561 	 0.00000000000000000000
313 	 0.00003874243272988124 	 0.00000338062861668154 	 0.00000000000000000000
314 	 0.00003874243272988124 	 0.00000624133138625107 	 0.00000000000000000000
315 	 0.00003874243272988124 	 0.00000489952105934952 	 0.00000000000000000000
316 	 0.00003874243272988124 	 0.00000364432167107965 	 0.00000000000000000000
317 	 0.00003874243272988124 	 0.00000523145547378459 	 0.00000000000000000000
318 	 0.00003874243272988124 	 0.00000565488386413534 	 0.00000000000000000000
319 	 0.00003874736136402209 	 0.00000687606982079499 	 0.00000000000000000000
320 	 0.00003874736136402209 	 0.00000473355261340513 	 -0.00000000000000000000
321 	 0.00003874736136402209 	 0.00000416332838568326 	 0.00000000000000000000
322 	 0.00003874736136402209 	 0.00000402852028972548 	 0.00000000000000000000
323 	 0.00003874736136402209 	 0.00000538213452150420 	 0.00000000000000000000
324 	 0.00003874736136402209 	 0.00000444686342142964 	 0.00000000000000000000
325 	 0.00003874736136402209 	 0.00000399330788626451 	 0.00000000000000000000
326 	 0.00003874736136402209 	 0.00000366538615202360 	 0.00000000000000000000
327 	 0.00003874736136402209 	 0.00000513749690193656 	 0.00000000000000000000
328 	 0.00003874736136402209 	 0.00000562128833100114 	 0.00000000000000000000
329 	 0.00003874736136402209 	 0.00000545979415586915 	 0.00000000000000000000
330 	 0.00003874736136402209 	 0.00000342443734390552 	 0.00000000000000000000
331 	 0.00003874736136402209 	 0.00000450977513870134 	 0.00000000000000000000
332 	 0.00003874736136402209 	 0.00000535540365643777 	 0.00000000000000000000
333 	 0.00003874736136402209 	 0.00000333790678513319 	 -0.00000000000000000000
334 	 0.00003874736136402209 	 0.00000466572851332242 	 -0.00000000000000000000
335 	 0.00004057596559457594 	 0.00000562947646156870 	 0.00000000000000000000
336 	 0.00004057596559457594 	 0.00000429204845704744 	 0.00000000000000000000
337 	 0.00004057596559457594 	 0.00000699621664645575 	 0.00000000000000000000
338 	 0.00004057596559457594 	 0.00000483045655942195 	 0.00000000000000000000
339 	 0.00004499778635593136 	 0.00000427636149919395 	 0.00000000000000000000
340 	 0.00004499778635593136 	 0.00000423730073799480 	 -0.00000000000000000000
341 	 0.00004501817269992732 	 0.00000501667684267210 	 0.00000000000000000000
342 	 0.00004501817269992732 	 0.00000455737921435371 	 0.00000000000000000000
343 	 0.00004501817269992732 	 0.00000466522423329243 	 0.00000000000000000000
344 	 0.00004501817269992732 	 0.00000450524000800296 	 0.00000000000000000000
345 	 0.00004501817269992732 	 0.00000616900471433634 	 0.00000000000000000000
346 	 0.00004501817269992732 	 0.00000654657826322645 	 0.00000000000000000000
347 	 0.00004501817269992732 	 0.00000656368944845300 	 0.00000000000000000000
348 	 0.00004581518764735347 	 0.00000631755398628248 	 0.00000000000000000000
349 	 0.00004613257552179980 	 0.00000642746461171334 	 0.00000000000000000000
350 	 0.00004824735631617261 	 0.00000674123080807192 	 0.00000000000000000000
351 	 0.00004824735631617261 	 0.00000549595899737792 	 -0.00000000000000000000
352 	 0.00004824735631617261 	 0.00000661179837190268 	 0.00000000000000000000
353 	 0.00004824735631617261 	 0.00000569118994206080 	 0.00000000000000000000
354 	 0.00004824735631617261 	 0.00000578273697424985 	 0.00000000000000000000
355 	 0.00004824735631617261 	 0.00000564376583822092 	 0.00000000000000000000
356 	 0.00004824735631617261 	 0.00000545252350174411 	 0.00000000000000000000
357 	 0.00004888614786739048 	 0.00001090960462130994 	 -0.00000000000000000000
358 	 0.00004888614786739048 	 0.00000678524622007312 	 0.00000000000000000000
359 	 0.00004888614786739048 	 0.00000850638692242311 	 0.00000000000000000000
360 	 0.00004888614786739048 	 0.00000724996572139920 	 0.00000000000000000000
361 	 0.00004888614786739048 	 0.00000719301572172541 	 0.00000000000000000000
362 	 0.00004888614786739048 	 0.00000406401879857319 	 0.00000000000000000000
363 	 0.00004888614786739048 	 0.00000824525531254086 	 0.00000000000000000000
364 	 0.00004894025729876715 	 0.00000642664139980723 	 0.00000000000000000000
365 	 0.00004896517710337862 	 0.00000697354920928363 	 0.00000000000000000000
366 	 0.00004941950816808295 	 0.00000597821944407258 	 0.00000000000000000000
367 	 0.00004941950816808295 	 0.00000561889120332013 	 0.00000000000000000000
368 	 0.00005032081161168214 	 0.00000792777854301260 	 0.00000000000000000000
369 	 0.00005032081161168214 	 0.00000410103316690030 	 0.00000000000000000000
370 	 0.00005032081161168214 	 0.00000658444531923293 	 -0.00000000000000000000
371 	 0.00005315529948579746 	 0.00000817679218287210 	 0.00000000000000000000
372 	 0.00005315529948579746 	 0.00000621457007101881 	 0.00000000000000000000
373 	 0.00005315529948579746 	 0.00000846408413659510 	 0.00000000000000000000
374 	 0.00005315529948579746 	 0.00000569931826750379 	 0.00000000000000000000
375 	 0.00005315529948579746 	 0.00000636752864373307 	 0.00000000000000000000
376 	 0.00005347521888814489 	 0.00000671692345715299 	 0.00000000000000000000
377 	 0.00005347521888814489 	 0.00000634074359984228 	 0.00000000000000000000
378 	 0.00005347521888814489 	 0.00000843625509885234 	 -0.00000000000000000000
379 	 0.00005347521888814489 	 0.00000772229392743345 	 0.00000000000000000000
380 	 0.00005347521888814489 	 0.00000613866851601961 	 0.00000000000000000000
381 	 0.00005347521888814489 	 0.00000702210437945262 	 0.00000000000000000000
382 	 0.00005801738194668151 	 0.00000847755019807497 	 0.00000000000000000000
383 	 0.00005801738194668151 	 0.00001066327321202034 	 0.00000000000000000000
384 	 0.00005801738194668151 	 0.00000751817508804555 	 0.00000000000000000000
385 	 0.00005999856859594223 	 0.00000848163502229922 	 0.00000000000000000000
386 	 0.00006021267252838410 	 0.00001013180001375566 	 0.00000000000000000000
387 	 0.00006021267252838410 	 0.00000787434039288405 	 0.00000000000000000000
388 	 0.00006027002460402848 	 0.00000971615911227864 	 0.00000000000000000000
389 	 0.00006027002460402848 	 0.00000642245758241838 	 -0.00000000000000000000
390 	 0.00006108680919586720 	 0.00001105671976019648 	 0.00000000000000000000
391 	 0.00006117270244227297 	 0.00001015283918206350 	 0.00000000000000000000
392 	 0.00006128074928077346 	 0.00001038634886964620 	 0.00000000000000000000
393 	 0.00006128074928077346 	 0.00001218086616835266 	 0.00000000000000000000
394 	 0.00006128074928077346 	 0.00000835405931316279 	 0.00000000000000000000
395 	 0.00006149132357973135 	 0.00000869749599052195 	 0.00000000000000000000
396 	 0.00006184803656786002 	 0.00001248172277471757 	 0.00000000000000000000
397 	 0.00006184803656786002 	 0.00000805107497838488 	 0.00000000000000000000
398 	 0.00006225952765514232 	 0.00000769798487585259 	 0.00000000000000000000
399 	 0.00006225952765514232 	 0.00000916323432336474 	 0.00000000000000000000
400 	 0.00006225952765514232 	 0.00000853150234370952 	 0.00000000000000000000
401 	 0.00006225952765514232 	 0.00000776887504649401 	 0.00000000000000000000
402 	 0.00006225952765514232 	 0.00000793025198514245 	 0.00000000000000000000
403 	 0.00006225952765514232 	 0.00000917007686722007 	 0.00000000000000000000
404 	 0.00006225952765514232 	 0.00001122923337236226 	 0.00000000000000000000
405 	 0.00006225952765514232 	 0.00000673690818361209 	 0.00000000000000000000
406 	 0.00006265650911438139 	 0.00001177556039024474 	 0.00000000000000000000
407 	 0.00006265650911438139 	 0.00001008599828040685 	 0.00000000000000000000
408 	 0.00006265650911438139 	 0.00001019293238221756 	 0.00000000000000000000
409 	 0.00006265650911438139 	 0.00000931931958565208 	 0.00000000000000000000
410 	 0.00006265650911438139 	 0.00000918246987771291 	 0.00000000000000000000
411 	 0.00006266752291737741 	 0.00000995083201658659 	 0.00000000000000000000
412 	 0.00006266752291737741 	 0.00000935894845142705 	 0.00000000000000000000
413 	 0.00006266752291737741 	 0.00000912243336381280 	 -0.00000000000000000000
414 	 0.00006266752291737741 	 0.00000949079161216625 	 0.00000000000000000000
415 	 0.00006412331820840657 	 0.00001094799337978498 	 0.00000000000000000000
416 	 0.00006412331820840657 	 0.00000906131978428930 	 0.00000000000000000000
417 	 0.00006412331820840657 	 0.00000941958343693677 	 0.00000000000000000000
418 	 0.00006412331820840657 	 0.00000679174234215950 	 0.00000000000000000000
419 	 0.00006412331820840657 	 0.00001194749629217555 	 -0.00000000000000000000
420 	 0.00006412331820840657 	 0.00000850600010476433 	 0.00000000000000000000
421 	 0.00006412331820840657 	 0.00000825188110636738 	 0.00000000000000000000
422 	 0.00006412331820840657 	 0.00000727912876275189 	 0.00000000000000000000
423 	 0.00006412331820840657 	 0.00000856592798814290 	 0.00000000000000000000
424 	 0.00006412331820840657 	 0.00000779867387414604 	 0.00000000000000000000
425 	 0.00006414738873335739 	 0.00001080520868671130 	 0.00000000000000000000
426 	 0.00006414738873335739 	 0.00000915291371636783 	 -0.00000000000000000000
427 	 0.00006414738873335739 	 0.00001006687174544294 	 -0.00000000000000000000
428 	 0.00006414738873335739 	 0.00000920201498100642 	 0.00000000000000000000
429 	 0.00006452652074104387 	 0.00001474696851788880 	 0.00000000000000000000
430 	 0.00006452652074104387 	 0.00000840164979289677 	 0.00000000000000000000
431 	 0.00006452652074104387 	 0.00000811353726916644 	 0.00000000000000000000
432 	 0.00006487606861140468 	 0.00000682661067319549 	 0.00000000000000000000
433 	 0.00006572898692816299 	 0.00001174776788374969 	 0.00000000000000000000
434 	 0.00006631254157675192 	 0.00001442667529664495 	 0.00000000000000000000
435 	 0.00006631254157675192 	 0.00000973650678062055 	 0.00000000000000000000
436 	 0.00006631254157675192 	 0.00001008247937794486 	 0.00000000000000000000
437 	 0.00006631254157675192 	 0.00001126910092916520 	 0.00000000000000000000
438 	 0.00006631254157675192 	 0.00001287331208130989 	 0.00000000000000000000
439 	 0.00006631254157675192 	 0.00001078241856855491 	 0.00000000000000000000
440 	 0.00006631254157675192 	 0.00001050726181218440 	 0.00000000000000000000
441 	 0.00006631254157675192 	 0.00001457129769966135 	 0.00000000000000000000
442 	 0.00006631254157675192 	 0.00000986091571815421 	 0.00000000000000000000
443 	 0.00006631254157675192 	 0.00001054607689516794 	 0.00000000000000000000
444 	 0.00006631254157675192 	 0.00001115063311107270 	 0.00000000000000000000
445 	 0.00006631254157675192 	 0.00000721636592036728 	 0.00000000000000000000
446 	 0.00006631254157675192 	 0.00000903616152587473 	 0.00000000000000000000
447 	 0.00006631254157675192 	 0.00001374177336255421 	 0.00000000000000000000
448 	 0.00006631254157675192 	 0.00001371584704952276 	 0.00000000000000000000
449 	 0.00006631254157675192 	 0.00001485320564292473 	 0.00000000000000000000
450 	 0.00006631254157675192 	 0.00001009093607672576 	 0.00000000000000000000
451 	 0.00006631254157675192 	 0.00001134167634227592 	 0.00000000000000000000
452 	 0.00006631254157675192 	 0.00001098720246802057 	 0.00000000000000000000
453 	 0.00006631254157675192 	 0.00000709153749321381 	 0.00000000000000000000
454 	 0.00006631254157675192 	 0.00001119074678185471 	 0.00000000000000000000
455 	 0.00006631254157675192 	 0.00000704280212872917 	 0.00000000000000000000
456 	 0.00006631254157675192 	 0.00000924797046988088 	 0.00000000000000000000
457 	 0.00006631254157675192 	 0.00000947651937507676 	 0.00000000000000000000
458 	 0.00006631254157675192 	 0.00000661190799076118 	 0.00000000000000000000
459 	 0.00006631254157675192 	 0.00001000021503572871 	 0.00000000000000000000
460 	 0.00006631254157675192 	 0.00000819251234775457 	 0.00000000000000000000
461 	 0.00006631254157675192 	 0.00001584749203898437 	 0.00000000000000000000
462 	 0.00006631254157675192 	 0.00001012684543939606 	 0.00000000000000000000
463 	 0.00006631254157675192 	 0.00000857873345100691 	 -0.00000000000000000000
464 	 0.00006631254157675192 	 0.00000785579569962472 	 0.00000000000000000000
465 	 0.00006631254157675192 	 0.00000825390232861538 	 -0.00000000000000000000
466 	 0.00006631254157675192 	 0.00001464550127556275 	 0.00000000000000000000
467 	 0.00006631254157675192 	 0.00001262164857550504 	 0.00000000000000000000
468 	 0.00006631254157675192 	 0.00001039411769264904 	 0.00000000000000000000
469 	 0.00006631254157675192 	 0.00001013417950662419 	 0.00000000000000000000
470 	 0.00006631254157675192 	 0.00000972606969726121 	 0.00000000000000000000
471 	 0.00006641255213766678 	 0.00001138169838535652 	 0.00000000000000000000
472 	 0.00006641255213766678 	 0.00001321924138537359 	 0.00000000000000000000
473 	 0.00006641255213766678 	 0.00000915020044835604 	 0.00000000000000000000
474 	 0.00006641255213766678 	 0.00001241088190298581 	 0.00000000000000000000
475 	 0.00006641255213766678 	 0.00000877559837856497 	 0.00000000000000000000
476 	 0.00006641255213766678 	 0.00001044075231649746 	 0.00000000000000000000
477 	 0.00006641255213766678 	 0.00000884586662962200 	 -0.00000000000000000000
478 	 0.00006641255213766678 	 0.00001092298945091467 	 0.00000000000000000000
479 	 0.00006641255213766678 	 0.00000913451441574679 	 0.00000000000000000000
480 	 0.00006641255213766678 	 0.00000862379137529580 	 -0.00000000000000000000
481 	 0.00006641255213766678 	 0.00000717370648457885 	 0.00000000000000000000
482 	 0.00006641255213766678 	 0.00000863825186412338 	 0.00000000000000000000
483 	 0.00006641255213766678 	 0.00000896020803107959 	 0.00000000000000000000
484 	 0.00006641255213766678 	 0.00000968117600458402 	 0.00000000000000000000
485 	 0.00006641255213766678 	 0.00000846469785417432 	 0.00000000000000000000
486 	 0.00006641255213766678 	 0.00001118415368082200 	 0.00000000000000000000
487 	 0.00006641255213766678 	 0.00001025358896132325 	 0.00000000000000000000
488 	 0.00006641255213766678 	 0.00001076097284673117 	 0.00000000000000000000
489 	 0.00006641255213766678 	 0.00001188660318796297 	 0.00000000000000000000
490 	 0.00006641255213766678 	 0.00001177092021353495 	 0.00000000000000000000
491 	 0.00006641255213766678 	 0.00000798608503282522 	 0.00000000000000000000
492 	 0.00006641255213766678 	 0.00000738783855178302 	 -0.00000000000000000000
493 	 0.00006641255213766678 	 0.00000896148050226354 	 0.00000000000000000000
494 	 0.00006641255213766678 	 0.00001397875194981019 	 0.00000000000000000000
495 	 0.00006641255213766678 	 0.00001268739783586839 	 0.00000000000000000000
496 	 0.00006641255213766678 	 0.00001269584438284556 	 -0.00000000000000000000
497 	 0.00006641255213766678 	 0.00001154758961400186 	 0.00000000000000000000
498 	 0.00006641255213766678 	 0.00001271749040045460 	 0.00000000000000000000
499 	 0.00006641255213766678 	 0.00001149153637541084 	 0.00000000000000000000
500 	 0.00006641255213766678 	 0.00001080096310756670 	 0.00000000000000000000
###############################################################
## Evolution ended on --- ---  - 16:46:06 2025
## Reason: Evolved till last generation 500
## The best individual was found in generation 471 (fitness: 0.00006641)
###############################################################
###############################################################
## Evolution started on --- ---  - 20:49:21 2025
###############################################################
501 	 0.00006987489915679533 	 0.00000871736920801829 	 0.00000000000000000000
502 	 0.00006987489915679533 	 0.00001212753511748189 	 -0.00000000000000000000
503 	 0.00006987489915679533 	 0.00001174402398292257 	 0.00000000000000000000
504 	 0.00007019483772469152 	 0.00001132197789417564 	 0.00000000000000000000
505 	 0.00007019483772469152 	 0.00001185761270298514 	 0.00000000000000000000
506 	 0.00007043772224412536 	 0.00001440959359842464 	 0.00000000000000000000
507 	 0.00007043772224412536 	 0.00001319858765860680 	 -0.00000000000000000000
508 	 0.00007951017987209831 	 0.00001448848907307418 	 0.00000000000000000000
509 	 0.00007951017987209831 	 0.00001128626803281980 	 -0.00000000000000000000
510 	 0.00007951017987209831 	 0.00001080318181130053 	 -0.00000000000000000000
511 	 0.00007951017987209831 	 0.00000896320456801247 	 0.00000000000000000000
512 	 0.00007951017987209831 	 0.00000786416297915284 	 0.00000000000000000000
513 	 0.00007951017987209831 	 0.00001415559727254269 	 0.00000000000000000000
514 	 0.00007951017987209831 	 0.00001711147414632299 	 0.00000000000000000000
515 	 0.00007951017987209831 	 0.00001134411468769162 	 0.00000000000000000000
516 	 0.00007951017987209831 	 0.00000688784422729978 	 0.00000000000000000000
517 	 0.00007951017987209831 	 0.00001186996905801514 	 0.00000000000000000000
518 	 0.00007951017987209831 	 0.00001203847034442111 	 0.00000000000000000000
519 	 0.00007951017987209831 	 0.00001794123545826552 	 0.00000000000000000000
520 	 0.00007951017987209831 	 0.00000908411167581860 	 -0.00000000000000000000
521 	 0.00007951017987209831 	 0.00000892246234276031 	 0.00000000000000000000
522 	 0.00008104269696558571 	 0.00001349244832913743 	 0.00000000000000000000
523 	 0.00008104269696558571 	 0.00001218231409358197 	 -0.00000000000000000000
524 	 0.00008104269696558571 	 0.00001005751774573664 	 0.00000000000000000000
525 	 0.00008104269696558571 	 0.00000892427168331828 	 0.00000000000000000000
526 	 0.00008104269696558571 	 0.00000883007104495450 	 0.00000000000000000000
527 	 0.00008104269696558571 	 0.00000880087896109927 	 0.00000000000000000000
528 	 0.00008104269696558571 	 0.00000994064194031956 	 -0.00000000000000000000
529 	 0.00008112595335315722 	 0.00001285848203213322 	 0.00000000000000000000
530 	 0.00008112595335315722 	 0.00000804399492441306 	 0.00000000000000000000
531 	 0.00008160972723557816 	 0.00001211327410812402 	 0.00000000000000000000
532 	 0.00008239435649763555 	 0.00001712306232928661 	 0.00000000000000000000
533 	 0.00008239435649763555 	 0.00001452331538282981 	 -0.00000000000000000000
534 	 0.00008239435649763555 	 0.00001288203955182725 	 0.00000000000000000000
535 	 0.00008253650577863734 	 0.00001227828853499867 	 0.00000000000000000000
536 	 0.00008253650577863734 	 0.00001340501550238347 	 0.00000000000000000000
537 	 0.00008253650577863734 	 0.00001472517448945908 	 0.00000000000000000000
538 	 0.00008253650577863734 	 0.00000927968137194632 	 0.00000000000000000000
539 	 0.00008253650577863734 	 0.00000815874949945207 	 0.00000000000000000000
540 	 0.00008253650577863734 	 0.00001445403730560610 	 -0.00000000000000000000
541 	 0.00008253650577863734 	 0.00001073346330530523 	 0.00000000000000000000
542 	 0.00008253650577863734 	 0.00001201089749440377 	 0.00000000000000000000
543 	 0.00008253650577863734 	 0.00001020447710908603 	 0.00000000000000000000
544 	 0.00008253650577863734 	 0.00001038925654887433 	 0.00000000000000000000
545 	 0.00008304450787705820 	 0.00001721371379859264 	 0.00000000000000000000
546 	 0.00008304450787705820 	 0.00001198607730274368 	 0.00000000000000000000
547 	 0.00008304450787705820 	 0.00001287292511112380 	 0.00000000000000000000
548 	 0.00008304450787705820 	 0.00001109131861992046 	 0.00000000000000000000
549 	 0.00008304450787705820 	 0.00001465591934675211 	 0.00000000000000000000
550 	 0.00008304450787705820 	 0.00001708834218406689 	 0.00000000000000000000
551 	 0.00008323565420156786 	 0.00001161708439488470 	 -0.00000000000000000000
552 	 0.00008323565420156786 	 0.00001050903550126910 	 0.00000000000000000000
553 	 0.00008323565420156786 	 0.00001005957818595725 	 0.00000000000000000000
554 	 0.00008323565420156786 	 0.00000694720681715379 	 0.00000000000000000000
555 	 0.00008366500221458898 	 0.00001071849104377568 	 0.00000000000000000000
556 	 0.00008410993627328509 	 0.00001220190448339785 	 0.00000000000000000000
557 	 0.00008412896616326078 	 0.00001337024564196776 	 0.00000000000000000000
558 	 0.00008412896616326078 	 0.00000974147764726325 	 0.00000000000000000000
559 	 0.00008421992750250011 	 0.00001566462174198213 	 0.00000000000000000000
560 	 0.00008421992750250011 	 0.00001612387918373995 	 0.00000000000000000000
561 	 0.00008421992750250011 	 0.00001464780755839887 	 0.00000000000000000000
562 	 0.00008421992750250011 	 0.00001364121412107223 	 0.00000000000000000000
563 	 0.00008421992750250011 	 0.00001487005711618435 	 0.00000000000000000000
564 	 0.00008421992750250011 	 0.00001382355637799151 	 0.00000000000000000000
565 	 0.00008479426185751544 	 0.00001246550270403580 	 0.00000000000000000000
566 	 0.00008479426185751544 	 0.00001433500304308231 	 -0.00000000000000000000
567 	 0.00008479426185751544 	 0.00001539029244838610 	 0.00000000000000000000
568 	 0.00008479426185751544 	 0.00001447482751021718 	 0.00000000000000000000
569 	 0.00008479426185751544 	 0.00001957515465346355 	 0.00000000000000000000
570 	 0.00008479426185751544 	 0.00001007281271398592 	 0.00000000000000000000
571 	 0.00008479426185751544 	 0.00001380578786103548 	 0.00000000000000000000
572 	 0.00008479426185751544 	 0.00001494387217313391 	 0.00000000000000000000
573 	 0.00008479426185751544 	 0.00001079307653452750 	 0.00000000000000000000
574 	 0.00008479426185751544 	 0.00001260560568565280 	 0.00000000000000000000
575 	 0.00008482645278103962 	 0.00001624164066346683 	 0.00000000000000000000
576 	 0.00008482645278103962 	 0.00001218070494815849 	 0.00000000000000000000
577 	 0.00008482645278103962 	 0.00001639490325885186 	 0.00000000000000000000
578 	 0.00008482645278103962 	 0.00001587392103815883 	 -0.00000000000000000000
579 	 0.00008482645278103962 	 0.00001132243235953032 	 0.00000000000000000000
580 	 0.00008482645278103962 	 0.00001350226610742029 	 0.00000000000000000000
581 	 0.00008482645278103962 	 0.00000856685393782767 	 0.00000000000000000000
582 	 0.00008482645278103962 	 0.00001027773511421273 	 0.00000000000000000000
583 	 0.00008482645278103962 	 0.00001603850050639555 	 0.00000000000000000000
584 	 0.00008482645278103962 	 0.00001315289780943069 	 0.00000000000000000000
585 	 0.00008482645278103962 	 0.00001463670071018943 	 0.00000000000000000000
586 	 0.00008482645278103962 	 0.00001304324745473571 	 0.00000000000000000000
587 	 0.00008482645278103962 	 0.00000887978191263554 	 0.00000000000000000000
588 	 0.00008482645278103962 	 0.00001488188354987326 	 0.00000000000000000000
589 	 0.00008482645278103962 	 0.00001306905028005753 	 -0.00000000000000000000
590 	 0.00008482645278103962 	 0.00001096205702090327 	 0.00000000000000000000
591 	 0.00008482645278103962 	 0.00001132788258818999 	 0.00000000000000000000
592 	 0.00008535866727353049 	 0.00001865229768091558 	 0.00000000000000000000
593 	 0.00008535866727353049 	 0.00001464383553385156 	 0.00000000000000000000
594 	 0.00008535866727353049 	 0.00001363900578411606 	 0.00000000000000000000
595 	 0.00008765448369221632 	 0.00001406990723714321 	 0.00000000000000000000
596 	 0.00008861368053380054 	 0.00001616901466726873 	 0.00000000000000000000
597 	 0.00008861368053380054 	 0.00001390053176237190 	 0.00000000000000000000
598 	 0.00008861368053380054 	 0.00001236784651208393 	 0.00000000000000000000
599 	 0.00008861368053380054 	 0.00001296271953767773 	 0.00000000000000000000
600 	 0.00008861368053380054 	 0.00001443342978479969 	 0.00000000000000000000
601 	 0.00008861368053380054 	 0.00001425873966639704 	 0.00000000000000000000
602 	 0.00008861368053380054 	 0.00001249125754050097 	 0.00000000000000000000
603 	 0.00008861368053380054 	 0.00001120502763342166 	 0.00000000000000000000
604 	 0.00008861368053380054 	 0.00000959010589989864 	 0.00000000000000000000
605 	 0.00008861368053380054 	 0.00001113982557210958 	 0.00000000000000000000
606 	 0.00008861368053380054 	 0.00001263213684468922 	 0.00000000000000000000
607 	 0.00009003745401898932 	 0.00001245798149021629 	 0.00000000000000000000
608 	 0.00009003745401898932 	 0.00001088936751528286 	 0.00000000000000000000
609 	 0.00009003745401898932 	 0.00001707541237907487 	 0.00000000000000000000
610 	 0.00009003745401898932 	 0.00001396598942581202 	 0.00000000000000000000
611 	 0.00009003745401898932 	 0.00001203878448035066 	 0.00000000000000000000
612 	 0.00009003745401898932 	 0.00001191191736986643 	 0.00000000000000000000
613 	 0.00009003745401898932 	 0.00001574028987905087 	 -0.00000000000000000000
614 	 0.00009003745401898932 	 0.00001024243229662311 	 0.00000000000000000000
615 	 0.00009068760177687418 	 0.00001899351890968190 	 0.00000000000000000000
616 	 0.00009068760177687418 	 0.00001585830127242846 	 0.00000000000000000000
617 	 0.00009068760177687418 	 0.00000941087735643618 	 0.00000000000000000000
618 	 0.00009068760177687418 	 0.00001082082675400061 	 0.00000000000000000000
619 	 0.00009068760177687418 	 0.00001865595836372930 	 0.00000000000000000000
620 	 0.00009068760177687418 	 0.00000911410086876898 	 0.00000000000000000000
621 	 0.00009068760177687418 	 0.00001515049454507729 	 0.00000000000000000000
622 	 0.00009068760177687418 	 0.00001093934427678958 	 0.00000000000000000000
623 	 0.00009068760177687418 	 0.00001532118202886555 	 0.00000000000000000000
624 	 0.00009068760177687418 	 0.00001422094070190770 	 0.00000000000000000000
625 	 0.00009068760177687418 	 0.00001377222972641711 	 0.00000000000000000000
626 	 0.00009068760177687418 	 0.00001036612442930985 	 -0.00000000000000000000
627 	 0.00009068760177687418 	 0.00001282610468355903 	 0.00000000000000000000
628 	 0.00009068760177687418 	 0.00001067440331057038 	 0.00000000000000000000
629 	 0.00009068760177687418 	 0.00001249767546209036 	 0.00000000000000000000
630 	 0.00009068760177687418 	 0.00001427239197725755 	 0.00000000000000000000
631 	 0.00009068760177687418 	 0.00000951488819144741 	 0.00000000000000000000
632 	 0.00009068760177687418 	 0.00001553216457048478 	 0.00000000000000000000
633 	 0.00009068760177687418 	 0.00001037497716330021 	 0.00000000000000000000
634 	 0.00009068760177687418 	 0.00001426548048344680 	 0.00000000000000000000
635 	 0.00009068760177687418 	 0.00001104637939870013 	 0.00000000000000000000
636 	 0.00009068760177687418 	 0.00001498028312386254 	 0.00000000000000000000
637 	 0.00009068760177687418 	 0.00001179793435400180 	 0.00000000000000000000
638 	 0.00009068760177687418 	 0.00001683763967342254 	 0.00000000000000000000
639 	 0.00009068760177687418 	 0.00001410820343451401 	 0.00000000000000000000
640 	 0.00009068760177687418 	 0.00001039987564200477 	 0.00000000000000000000
641 	 0.00009068760177687418 	 0.00001161756420015275 	 0.00000000000000000000
642 	 0.00009068760177687418 	 0.00001473487636715607 	 0.00000000000000000000
643 	 0.00009068760177687418 	 0.00001366655586684088 	 0.00000000000000000000
644 	 0.00009070597833268404 	 0.00001272604215956052 	 0.00000000000000000000
645 	 0.00009070597833268404 	 0.00001123657900357660 	 0.00000000000000000000
646 	 0.00009070597833268404 	 0.00001384057299832876 	 0.00000000000000000000
647 	 0.00009070597833268404 	 0.00001570511428965318 	 0.00000000000000000000
648 	 0.00009070597833268404 	 0.00001124310483294148 	 0.00000000000000000000
649 	 0.00009070597833268404 	 0.00001876290871966234 	 0.00000000000000000000
650 	 0.00009073958377008202 	 0.00001263324321033909 	 0.00000000000000000000
651 	 0.00009073958377008202 	 0.00001150879045088898 	 0.00000000000000000000
652 	 0.00009073958377008202 	 0.00000931775172102217 	 0.00000000000000000000
653 	 0.00009073958377008202 	 0.00001190289492219566 	 0.00000000000000000000
654 	 0.00009073958377008202 	 0.00001539320677324859 	 -0.00000000000000000000
655 	 0.00009073958377008202 	 0.00001261247361106375 	 0.00000000000000000000
656 	 0.00009073958377008202 	 0.00001091703338083363 	 0.00000000000000000000
657 	 0.00009073958377008202 	 0.00001409505418295914 	 0.00000000000000000000
658 	 0.00009073958377008202 	 0.00001683200684207184 	 0.00000000000000000000
659 	 0.00009073958377008202 	 0.00001447795719745909 	 0.00000000000000000000
660 	 0.00009073958377008202 	 0.00001014447791052033 	 0.00000000000000000000
661 	 0.00009074317230169343 	 0.00001815617711312646 	 0.00000000000000000000
662 	 0.00009074317230169343 	 0.00001718582477456023 	 0.00000000000000000000
663 	 0.00009074317230169343 	 0.00001134788797071502 	 0.00000000000000000000
664 	 0.00009074317230169343 	 0.00001181567510799158 	 0.00000000000000000000
665 	 0.00009074317230169343 	 0.00001389208103399433 	 -0.00000000000000000000
666 	 0.00009074317230169343 	 0.00001182721504110587 	 0.00000000000000000000
667 	 0.00009074317230169343 	 0.00001554948960387308 	 0.00000000000000000000
668 	 0.00009074317230169343 	 0.00001098671216455326 	 0.00000000000000000000
669 	 0.00009074317230169343 	 0.00001394499417133867 	 0.00000000000000000000
670 	 0.00009074317230169343 	 0.00001464488038067222 	 0.00000000000000000000
671 	 0.00009074317230169343 	 0.00001661049326983676 	 -0.00000000000000000000
672 	 0.00009074317230169343 	 0.00001206610099222805 	 0.00000000000000000000
673 	 0.00009074317230169343 	 0.00000857188835723999 	 0.00000000000000000000
674 	 0.00009074317230169343 	 0.00001155617696003280 	 0.00000000000000000000
675 	 0.00009074317230169343 	 0.00001090760495717659 	 0.00000000000000000000
676 	 0.00009074317230169343 	 0.00000778568169620018 	 0.00000000000000000000
677 	 0.00009074317230169343 	 0.00001267214692182905 	 -0.00000000000000000000
678 	 0.00009074317230169343 	 0.00001282742295180910 	 0.00000000000000000000
679 	 0.00009074317230169343 	 0.00001045703939880667 	 0.00000000000000000000
680 	 0.00009074317230169343 	 0.00001060245298374220 	 -0.00000000000000000000
681 	 0.00009074317230169343 	 0.00001430166531118211 	 0.00000000000000000000
682 	 0.00009074317230169343 	 0.00001127408351756177 	 0.00000000000000000000
683 	 0.00009074317230169343 	 0.00001180133878390746 	 0.00000000000000000000
684 	 0.00009074317230169343 	 0.00001199560966879395 	 0.00000000000000000000
685 	 0.00009074317230169343 	 0.00001089713326029308 	 0.00000000000000000000
686 	 0.00009074317230169343 	 0.00001649620627606731 	 0.00000000000000000000
687 	 0.00009074317230169343 	 0.00000905936998202771 	 0.00000000000000000000
688 	 0.00009074317230169343 	 0.00001730640156871245 	 0.00000000000000000000
689 	 0.00009074317230169343 	 0.00001359873313713360 	 0.00000000000000000000
690 	 0.00009074317230169343 	 0.00001414364428616245 	 0.00000000000000000000
691 	 0.00009074317230169343 	 0.00001485365989458545 	 0.00000000000000000000
692 	 0.00009074317230169343 	 0.00000918877558176979 	 -0.00000000000000000000
693 	 0.00009074317230169343 	 0.00001566919073743922 	 0.00000000000000000000
694 	 0.00009074317230169343 	 0.00001234779425890854 	 0.00000000000000000000
695 	 0.00009074317230169343 	 0.00001705355048116068 	 0.00000000000000000000
696 	 0.00009074317230169343 	 0.00001519421288055169 	 -0.00000000000000000000
697 	 0.00009074317230169343 	 0.00001874564983572395 	 0.00000000000000000000
698 	 0.00009074317230169343 	 0.00001320697189037806 	 0.00000000000000000000
699 	 0.00009074317230169343 	 0.00001471084807923640 	 0.00000000000000000000
700 	 0.00009074317230169343 	 0.00001383012943670260 	 0.00000000000000000000
701 	 0.00009074317230169343 	 0.00001114127604887120 	 -0.00000000000000000000
702 	 0.00009081210522193419 	 0.00001143764964969643 	 0.00000000000000000000
703 	 0.00009081210522193419 	 0.00001771131255770787 	 0.00000000000000000000
704 	 0.00009081210522193419 	 0.00001066404704605704 	 0.00000000000000000000
705 	 0.00009081210522193419 	 0.00001384081946577698 	 0.00000000000000000000
706 	 0.00009081210522193419 	 0.00000901560825287178 	 0.00000000000000000000
707 	 0.00009081210522193419 	 0.00001152933056307201 	 0.00000000000000000000
708 	 0.00009081210522193419 	 0.00001082614333571628 	 -0.00000000000000000000
709 	 0.00009081210522193419 	 0.00001157437593068331 	 0.00000000000000000000
710 	 0.00009081210522193419 	 0.00001128257805726850 	 0.00000000000000000000
711 	 0.00009130023573872220 	 0.00001745328249006355 	 -0.00000000000000000000
712 	 0.00009130023573872220 	 0.00001459369337142350 	 0.00000000000000000000
713 	 0.00009130023573872220 	 0.00001461212872638010 	 0.00000000000000000000
714 	 0.00009130023573872220 	 0.00001367385237938014 	 0.00000000000000000000
715 	 0.00009130023573872220 	 0.00001422219759399444 	 0.00000000000000000000
716 	 0.00009130023573872220 	 0.00001248905260273303 	 0.00000000000000000000
717 	 0.00009130023573872220 	 0.00001476460204643906 	 0.00000000000000000000
718 	 0.00009130023573872220 	 0.00001158049964602434 	 0.00000000000000000000
719 	 0.00009130023573872220 	 0.00001220451456316900 	 0.00000000000000000000
720 	 0.00009130023573872220 	 0.00001320011971880507 	 0.00000000000000000000
721 	 0.00009130023573872220 	 0.00001688981920502273 	 0.00000000000000000000
722 	 0.00009130023573872220 	 0.00001242824500440656 	 0.00000000000000000000
723 	 0.00009130023573872220 	 0.00000938650139067862 	 0.00000000000000000000
724 	 0.00009130023573872220 	 0.00001835162517682622 	 -0.00000000000000000000
725 	 0.00009130023573872220 	 0.00001304805565311965 	 0.00000000000000000000
726 	 0.00009130023573872220 	 0.00001088338687439530 	 0.00000000000000000000
727 	 0.00009130023573872220 	 0.00001116879554715470 	 0.00000000000000000000
728 	 0.00009130023573872220 	 0.00001481658358837474 	 -0.00000000000000000000
729 	 0.00009130023573872220 	 0.00001526696228369616 	 0.00000000000000000000
730 	 0.00009130023573872220 	 0.00000932748321703873 	 0.00000000000000000000
731 	 0.00009130023573872220 	 0.00001304610540267432 	 0.00000000000000000000
732 	 0.00009130023573872220 	 0.00001276444039423970 	 0.00000000000000000000
733 	 0.00009130023573872220 	 0.00001133052908281569 	 0.00000000000000000000
734 	 0.00009130023573872220 	 0.00001221905445719293 	 0.00000000000000000000
735 	 0.00009130023573872220 	 0.00001274234759398022 	 0.00000000000000000000
736 	 0.00009130023573872220 	 0.00001434108192228554 	 0.00000000000000000000
737 	 0.00009130023573872220 	 0.00001376510867837015 	 0.00000000000000000000
738 	 0.00009130023573872220 	 0.00001145474210154558 	 0.00000000000000000000
739 	 0.00009130023573872220 	 0.00001278358799670254 	 0.00000000000000000000
740 	 0.00009130023573872220 	 0.00001082658681410609 	 -0.00000000000000000000
741 	 0.00009130023573872220 	 0.00001403043190901037 	 -0.00000000000000000000
742 	 0.00009130023573872220 	 0.00000911717811014333 	 0.00000000000000000000
743 	 0.00009130023573872220 	 0.00001436130413791722 	 0.00000000000000000000
744 	 0.00009130023573872220 	 0.00001754322361255029 	 0.00000000000000000000
745 	 0.00009130023573872220 	 0.00001720240895044771 	 0.00000000000000000000
746 	 0.00009130023573872220 	 0.00001253619400598807 	 0.00000000000000000000
747 	 0.00009131919751966351 	 0.00001163171651221854 	 0.00000000000000000000
748 	 0.00009131919751966351 	 0.00001581155752487132 	 0.00000000000000000000
749 	 0.00009131919751966351 	 0.00001278501131410294 	 0.00000000000000000000
750 	 0.00009131919751966351 	 0.00000998532538393035 	 0.00000000000000000000
751 	 0.00009131919751966351 	 0.00001171073619720012 	 0.00000000000000000000
752 	 0.00009131919751966351 	 0.00001390257926427075 	 0.00000000000000000000
753 	 0.00009131919751966351 	 0.00002026423801242840 	 -0.00000000000000000000
754 	 0.00009131919751966351 	 0.00001404039909618716 	 0.00000000000000000000
755 	 0.00009131919751966351 	 0.00001216505430069747 	 0.00000000000000000000
756 	 0.00009131919751966351 	 0.00001516349493550386 	 0.00000000000000000000
757 	 0.00009131919751966351 	 0.00001199810734754750 	 0.00000000000000000000
758 	 0.00009131919751966351 	 0.00000920448156415568 	 0.00000000000000000000
759 	 0.00009131919751966351 	 0.00000820597067653308 	 -0.00000000000000000000
760 	 0.00009131919751966351 	 0.00001410310828691802 	 0.00000000000000000000
761 	 0.00009131919751966351 	 0.00001502637072881850 	 -0.00000000000000000000
762 	 0.00009131919751966351 	 0.00001158055542744075 	 0.00000000000000000000
763 	 0.00009131919751966351 	 0.00001123389719115384 	 0.00000000000000000000
764 	 0.00009131919751966351 	 0.00001681710730244200 	 0.00000000000000000000
765 	 0.00009131919751966351 	 0.00001289053948717631 	 0.00000000000000000000
766 	 0.00009131919751966351 	 0.00000962872333751337 	 0.00000000000000000000
767 	 0.00009131919751966351 	 0.00001232539602085547 	 -0.00000000000000000000
768 	 0.00009131919751966351 	 0.00001391843611825136 	 0.00000000000000000000
769 	 0.00009131919751966351 	 0.00001314749615396944 	 0.00000000000000000000
770 	 0.00009131919751966351 	 0.00001400258425477954 	 0.00000000000000000000
771 	 0.00009131919751966351 	 0.00000804795182428811 	 0.00000000000000000000
772 	 0.00009131919751966351 	 0.00001226524908530412 	 0.00000000000000000000
773 	 0.00009131919751966351 	 0.00000942892018167954 	 0.00000000000000000000
774 	 0.00009131919751966351 	 0.00001920801531457621 	 0.00000000000000000000
775 	 0.00009131919751966351 	 0.00001674461869739147 	 0.00000000000000000000
776 	 0.00009131919751966351 	 0.00000961892551183277 	 0.00000000000000000000
777 	 0.00009131919751966351 	 0.00001580788503378091 	 0.00000000000000000000
778 	 0.00009131919751966351 	 0.00001259305629231024 	 0.00000000000000000000
779 	 0.00009131919751966351 	 0.00000867113122081063 	 0.00000000000000000000
780 	 0.00009131919751966351 	 0.00001624740962387324 	 0.00000000000000000000
781 	 0.00009131919751966351 	 0.00001532082366399377 	 -0.00000000000000000000
782 	 0.00009131919751966351 	 0.00001549191636969107 	 0.00000000000000000000
783 	 0.00009132071147693706 	 0.00001986539177018699 	 0.00000000000000000000
784 	 0.00009132071147693706 	 0.00001153214770080615 	 0.00000000000000000000
785 	 0.00009132071147693706 	 0.00001281942383553949 	 0.00000000000000000000
786 	 0.00009132071147693706 	 0.00001349245560886953 	 0.00000000000000000000
787 	 0.00009132071147693706 	 0.00001523629858964341 	 0.00000000000000000000
788 	 0.00009132071147693706 	 0.00000882614398237131 	 0.00000000000000000000
789 	 0.00009132071147693706 	 0.00001074644330083449 	 0.00000000000000000000
790 	 0.00009132071147693706 	 0.00001318898160940506 	 0.00000000000000000000
791 	 0.00009132071147693706 	 0.00001156232431950363 	 0.00000000000000000000
792 	 0.00009132071147693706 	 0.00001643004404579266 	 0.00000000000000000000
793 	 0.00009132071147693706 	 0.00000785817761004935 	 0.00000000000000000000
794 	 0.00009132071147693706 	 0.00001264716475293088 	 0.00000000000000000000
795 	 0.00009132071147693706 	 0.00001792416756834345 	 0.00000000000000000000
796 	 0.00009132071147693706 	 0.00001426931670452099 	 0.00000000000000000000
797 	 0.00009132071147693706 	 0.00001513879185147904 	 0.00000000000000000000
798 	 0.00009132071147693706 	 0.00001304006223086988 	 0.00000000000000000000
799 	 0.00009132071147693706 	 0.00001564020271266377 	 0.00000000000000000000
800 	 0.00009132071147693706 	 0.00001101589045180736 	 0.00000000000000000000
801 	 0.00009132071147693706 	 0.00001159947444767554 	 0.00000000000000000000
802 	 0.00009132071147693706 	 0.00001582401717096224 	 0.00000000000000000000
803 	 0.00009132071147693706 	 0.00001350132677782337 	 0.00000000000000000000
804 	 0.00009132071147693706 	 0.00001626997578668658 	 -0.00000000000000000000
805 	 0.00009132071147693706 	 0.00001406472936249816 	 0.00000000000000000000
806 	 0.00009132071147693706 	 0.00001182810145029659 	 0.00000000000000000000
807 	 0.00009132071147693706 	 0.00001579095998499647 	 -0.00000000000000000000
808 	 0.00009138091586372263 	 0.00001114086675991726 	 0.00000000000000000000
809 	 0.00009138091586372263 	 0.00000962943188601624 	 0.00000000000000000000
810 	 0.00009138091586372263 	 0.00001294339225196661 	 0.00000000000000000000
811 	 0.00009138091586372263 	 0.00001273900105396440 	 0.00000000000000000000
812 	 0.00009138091586372263 	 0.00001249507467496092 	 0.00000000000000000000
813 	 0.00009138091586372263 	 0.00001553846101017306 	 -0.00000000000000000000
814 	 0.00009138091586372263 	 0.00001533285469140463 	 0.00000000000000000000
815 	 0.00009138091586372263 	 0.00001961721077543750 	 0.00000000000000000000
816 	 0.00009138091586372263 	 0.00001169804816832801 	 -0.00000000000000000000
817 	 0.00009138091586372263 	 0.00001256716303869163 	 0.00000000000000000000
818 	 0.00009138091586372263 	 0.00000961108368007645 	 0.00000000000000000000
819 	 0.00009138091586372263 	 0.00000897913404663103 	 0.00000000000000000000
820 	 0.00009138091586372263 	 0.00001026138295592699 	 -0.00000000000000000000
821 	 0.00009138091586372263 	 0.00001371015869582104 	 0.00000000000000000000
822 	 0.00009138091586372263 	 0.00001191163170472483 	 0.00000000000000000000
823 	 0.00009138091586372263 	 0.00000923390006002883 	 0.00000000000000000000
824 	 0.00009138091586372263 	 0.00001102482344435979 	 -0.00000000000000000000
825 	 0.00009138091586372263 	 0.00001458726038957155 	 0.00000000000000000000
826 	 0.00009138091586372263 	 0.00001291967786505877 	 -0.00000000000000000000
827 	 0.00009138091586372263 	 0.00001504269468300051 	 0.00000000000000000000
828 	 0.00009138091586372263 	 0.00001510003937588960 	 0.00000000000000000000
829 	 0.00009138091586372263 	 0.00001103271705509748 	 0.00000000000000000000
830 	 0.00009138091586372263 	 0.00001280190738285155 	 0.00000000000000000000
831 	 0.00009138091586372263 	 0.00001124035181923803 	 0.00000000000000000000
832 	 0.00009138091586372263 	 0.00001540660038599146 	 0.00000000000000000000
833 	 0.00009138091586372263 	 0.00001096947445290273 	 0.00000000000000000000
834 	 0.00009138091586372263 	 0.00001192398039566301 	 0.00000000000000000000
835 	 0.00009138091586372263 	 0.00001295449072974760 	 0.00000000000000000000
836 	 0.00009138091586372263 	 0.00001466241425160032 	 0.00000000000000000000
837 	 0.00009138091586372263 	 0.00001201027074767672 	 0.00000000000000000000
838 	 0.00009138091586372263 	 0.00000966407040728880 	 -0.00000000000000000000
839 	 0.00009138091586372263 	 0.00001271512215443751 	 -0.00000000000000000000
840 	 0.00009138091586372263 	 0.00001909607514492062 	 0.00000000000000000000
841 	 0.00009138091586372263 	 0.00001302880817087048 	 0.00000000000000000000
842 	 0.00009138091586372263 	 0.00001166262062320391 	 -0.00000000000000000000
843 	 0.00009138091586372263 	 0.00001258031876843632 	 0.00000000000000000000
844 	 0.00009138091586372263 	 0.00001170315919500476 	 0.00000000000000000000
845 	 0.00009138091586372263 	 0.00001648573854318053 	 0.00000000000000000000
846 	 0.00009138091586372263 	 0.00001208172169971373 	 -0.00000000000000000000
847 	 0.00009138091586372263 	 0.00001081949008361258 	 -0.00000000000000000000
848 	 0.00009138091586372263 	 0.00001365948645436003 	 0.00000000000000000000
849 	 0.00009138091586372263 	 0.00000782233517318320 	 0.00000000000000000000
850 	 0.00009138096844846217 	 0.00001830114667645739 	 0.00000000000000000000
851 	 0.00009138096844846217 	 0.00001395845957217951 	 0.00000000000000000000
852 	 0.00009138096844846217 	 0.00001206133528577998 	 0.00000000000000000000
853 	 0.00009138096844846217 	 0.00001695696587253715 	 -0.00000000000000000000
854 	 0.00009138096844846217 	 0.00001712112450157331 	 0.00000000000000000000
855 	 0.00009138096844846217 	 0.00001206896965089775 	 0.00000000000000000000
856 	 0.00009138096844846217 	 0.00001581678959710878 	 0.00000000000000000000
857 	 0.00009138096844846217 	 0.00000874277748750759 	 0.00000000000000000000
858 	 0.00009138096844846217 	 0.00001613838346960975 	 0.00000000000000000000
859 	 0.00009138096844846217 	 0.00001150162934180851 	 0.00000000000000000000
860 	 0.00009138096844846217 	 0.00000960405276673019 	 -0.00000000000000000000
861 	 0.00009138096844846217 	 0.00001229869351602002 	 0.00000000000000000000
862 	 0.00009138096844846217 	 0.00001422997668871176 	 0.00000000000000000000
863 	 0.00009138096844846217 	 0.00001449551414078836 	 0.00000000000000000000
864 	 0.00009138096844846217 	 0.00001340306101483527 	 0.00000000000000000000
865 	 0.00009138096844846217 	 0.00001346148852693126 	 0.00000000000000000000
866 	 0.00009138096844846217 	 0.00000954703285607270 	 0.00000000000000000000
867 	 0.00009138096844846217 	 0.00001394939473633080 	 0.00000000000000000000
868 	 0.00009138096844846217 	 0.00001789527813910069 	 -0.00000000000000000000
869 	 0.00009138096844846217 	 0.00001332126221868202 	 0.00000000000000000000
870 	 0.00009138096844846217 	 0.00001473609522761539 	 0.00000000000000000000
871 	 0.00009138096844846217 	 0.00001206615102671467 	 0.00000000000000000000
872 	 0.00009138096844846217 	 0.00001283528930963288 	 0.00000000000000000000
873 	 0.00009138096844846217 	 0.00001127839350429801 	 0.00000000000000000000
874 	 0.00009138096844846217 	 0.00001689489466842602 	 0.00000000000000000000
875 	 0.00009138096844846217 	 0.00001851842479773260 	 0.00000000000000000000
876 	 0.00009138096844846217 	 0.00001695815492311833 	 0.00000000000000000000
877 	 0.00009138096844846217 	 0.00001534740771967711 	 0.00000000000000000000
878 	 0.00009138096844846217 	 0.00001146162594248009 	 0.00000000000000000000
879 	 0.00009138096844846217 	 0.00001298899853205278 	 0.00000000000000000000
880 	 0.00009138096844846217 	 0.00001298779091038485 	 0.00000000000000000000
881 	 0.00009138096844846217 	 0.00001317421866949627 	 -0.00000000000000000000
882 	 0.00009138096844846217 	 0.00000857799497265401 	 0.00000000000000000000
883 	 0.00009138096844846217 	 0.00001108115853874264 	 0.00000000000000000000
884 	 0.00009138096844846217 	 0.00001352558467777547 	 -0.00000000000000000000
885 	 0.00009138096844846217 	 0.00001731789906252703 	 0.00000000000000000000
886 	 0.00009138096844846217 	 0.00001034960260748775 	 0.00000000000000000000
887 	 0.00009138096844846217 	 0.00001059114258816766 	 0.00000000000000000000
888 	 0.00009138096844846217 	 0.00001056996691954947 	 0.00000000000000000000
889 	 0.00009138096844846217 	 0.00001170028067708002 	 0.00000000000000000000
890 	 0.00009138096844846217 	 0.00001359598692683233 	 0.00000000000000000000
891 	 0.00009138096844846217 	 0.00001305801360224337 	 0.00000000000000000000
892 	 0.00009138096844846217 	 0.00001050842634282613 	 0.00000000000000000000
893 	 0.00009138096844846217 	 0.00001563805023528285 	 0.00000000000000000000
894 	 0.00009138096844846217 	 0.00001546561885923860 	 0.00000000000000000000
895 	 0.00009138096844846217 	 0.00001216172881527901 	 0.00000000000000000000
896 	 0.00009138096844846217 	 0.00001009170424205543 	 0.00000000000000000000
897 	 0.00009138096844846217 	 0.00001296715268190679 	 0.00000000000000000000
898 	 0.00009138096844846217 	 0.00001264472469968814 	 0.00000000000000000000
899 	 0.00009138096844846217 	 0.00001378000034516270 	 0.00000000000000000000
900 	 0.00009138096844846217 	 0.00001140589672063837 	 0.00000000000000000000
###############################################################
## Evolution ended on --- ---  - 23:15:03 2025
## Reason: Evolved till last generation 900
## The best individual was found in generation 850 (fitness: 0.00009138)
###############################################################
###############################################################
## Evolution started on --- ---  - 02:08:28 2025
###############################################################
901 	 0.00003030419647808884 	 0.00000358527349219395 	 0.00000000000000000000
902 	 0.00004445964735146703 	 0.00000429252128217686 	 -0.00000000000000000000
903 	 0.00004445964735146703 	 0.00000735705823492143 	 0.00000000000000000000
904 	 0.00004445964735146703 	 0.00000583506438274754 	 0.00000000000000000000
905 	 0.00005138150710100853 	 0.00000640057362452561 	 0.00000000000000000000
906 	 0.00005138150710100853 	 0.00000590780766578448 	 0.00000000000000000000
907 	 0.00005138150710100853 	 0.00000523196085301991 	 0.00000000000000000000
908 	 0.00005138150710100853 	 0.00000595410126333878 	 0.00000000000000000000
909 	 0.00005138150710100853 	 0.00000703436637325497 	 -0.00000000000000000000
910 	 0.00005138150710100853 	 0.00000525457855695458 	 0.00000000000000000000
911 	 0.00005138150710100853 	 0.00000629687599001711 	 0.00000000000000000000
912 	 0.00005138150710100853 	 0.00000636499289590583 	 0.00000000000000000000
913 	 0.00005138150710100853 	 0.00000452991795889633 	 0.00000000000000000000
914 	 0.00005138150710100853 	 0.00000664623511803497 	 0.00000000000000000000
915 	 0.00005203420086477921 	 0.00000823654119931891 	 0.00000000000000000000
916 	 0.00005203420086477921 	 0.00000440245417562304 	 0.00000000000000000000
917 	 0.00005235986194461973 	 0.00000653477856959960 	 0.00000000000000000000
918 	 0.00005235986194461973 	 0.00000719224360211137 	 0.00000000000000000000
919 	 0.00005235986194461973 	 0.00000875426935412102 	 0.00000000000000000000
920 	 0.00005235986194461973 	 0.00000558770128024524 	 -0.00000000000000000000
921 	 0.00005240472870546043 	 0.00000785677396521381 	 0.00000000000000000000
922 	 0.00005240472870546043 	 0.00000471264543338557 	 0.00000000000000000000
923 	 0.00005256156959445650 	 0.00000859562905532656 	 -0.00000000000000000000
924 	 0.00005256156959445650 	 0.00000529956835757201 	 0.00000000000000000000
925 	 0.00005256156959445650 	 0.00000748436960991807 	 0.00000000000000000000
926 	 0.00005256156959445650 	 0.00000622673173666990 	 0.00000000000000000000
927 	 0.00005256156959445650 	 0.00000580036348111473 	 0.00000000000000000000
928 	 0.00005291336610315923 	 0.00000695041197942031 	 0.00000000000000000000
929 	 0.00005291336610315923 	 0.00000725758557306977 	 -0.00000000000000000000
930 	 0.00005291336610315923 	 0.00000553366447362825 	 0.00000000000000000000
931 	 0.00005291336610315923 	 0.00000647230936823576 	 0.00000000000000000000
932 	 0.00005294000311089612 	 0.00001141023350864782 	 0.00000000000000000000
933 	 0.00005294000311089612 	 0.00000547099504572691 	 -0.00000000000000000000
934 	 0.00005452270873940859 	 0.00000967379108170360 	 0.00000000000000000000
935 	 0.00005594057789704442 	 0.00000783670524201945 	 0.00000000000000000000
936 	 0.00005594057789704442 	 0.00000730507503660754 	 0.00000000000000000000
937 	 0.00005594057789704442 	 0.00000699746800489202 	 0.00000000000000000000
938 	 0.00005594057789704442 	 0.00000564189678015684 	 0.00000000000000000000
939 	 0.00005594057789704442 	 0.00000578353294510647 	 0.00000000000000000000
940 	 0.00005619635486617911 	 0.00000815932545034728 	 -0.00000000000000000000
941 	 0.00005619635486617911 	 0.00000688324867936764 	 0.00000000000000000000
942 	 0.00005619635486617911 	 0.00000517675886616962 	 0.00000000000000000000
943 	 0.00005619635486617911 	 0.00000810968237928309 	 0.00000000000000000000
944 	 0.00005619635486617911 	 0.00000655204607447920 	 0.00000000000000000000
945 	 0.00005619635486617911 	 0.00000841539515144409 	 0.00000000000000000000
946 	 0.00005619635486617911 	 0.00000827308707878541 	 0.00000000000000000000
947 	 0.00005619635486617911 	 0.00000580055321338032 	 0.00000000000000000000
948 	 0.00006343998460627077 	 0.00000754792808124787 	 0.00000000000000000000
949 	 0.00006343998460627077 	 0.00000875862059084156 	 0.00000000000000000000
950 	 0.00006369631160132118 	 0.00000929986786297861 	 0.00000000000000000000
951 	 0.00006369631160132118 	 0.00000868103153629387 	 0.00000000000000000000
952 	 0.00006369631160132118 	 0.00000675801214027904 	 0.00000000000000000000
953 	 0.00006369631160132118 	 0.00000901828337758222 	 0.00000000000000000000
954 	 0.00006369631160132118 	 0.00000684727037086782 	 -0.00000000000000000000
955 	 0.00006369631160132118 	 0.00000847675568575646 	 0.00000000000000000000
956 	 0.00006369631160132118 	 0.00001071531699338715 	 0.00000000000000000000
957 	 0.00006369631160132118 	 0.00001276171591066863 	 0.00000000000000000000
958 	 0.00006369631160132118 	 0.00000841853780032391 	 0.00000000000000000000
959 	 0.00006369631160132118 	 0.00001141459969046374 	 0.00000000000000000000
960 	 0.00006369631160132118 	 0.00000877358820341323 	 0.00000000000000000000
961 	 0.00006369631160132118 	 0.00000786436875441233 	 0.00000000000000000000
962 	 0.00006369631160132118 	 0.00000847053782843482 	 0.00000000000000000000
963 	 0.00006369631160132118 	 0.00000794153919018442 	 0.00000000000000000000
964 	 0.00006374260909525772 	 0.00001064837174243120 	 0.00000000000000000000
965 	 0.00006374260909525772 	 0.00000824065263552701 	 0.00000000000000000000
966 	 0.00006374260909525772 	 0.00000999172006891512 	 0.00000000000000000000
967 	 0.00006381471527391292 	 0.00000785797033310202 	 0.00000000000000000000
968 	 0.00006399041432012205 	 0.00000951264820516348 	 0.00000000000000000000
969 	 0.00006399041432012205 	 0.00001137803306368619 	 0.00000000000000000000
970 	 0.00006399041432012205 	 0.00000598395704025523 	 -0.00000000000000000000
971 	 0.00006399041432012205 	 0.00000625360196712980 	 0.00000000000000000000
972 	 0.00006399041432012205 	 0.00000831576617476151 	 0.00000000000000000000
973 	 0.00006494209970355844 	 0.00000967116744065140 	 0.00000000000000000000
974 	 0.00006525985467816379 	 0.00000967320056429373 	 0.00000000000000000000
975 	 0.00006525985467816379 	 0.00000998184598730937 	 0.00000000000000000000
976 	 0.00006525985467816379 	 0.00000852446766964794 	 0.00000000000000000000
977 	 0.00006525985467816379 	 0.00000693656831937232 	 0.00000000000000000000
978 	 0.00006525985467816379 	 0.00000828009044647883 	 -0.00000000000000000000
979 	 0.00006525985467816379 	 0.00000697275197785158 	 0.00000000000000000000
980 	 0.00006525985467816379 	 0.00000577293681808591 	 -0.00000000000000000000
981 	 0.00006528719629589517 	 0.00000884113083140369 	 0.00000000000000000000
982 	 0.00006550418702808486 	 0.00000864146069846890 	 -0.00000000000000000000
983 	 0.00006550418702808486 	 0.00000824488277695294 	 0.00000000000000000000
984 	 0.00006550418702808486 	 0.00000544713909602141 	 0.00000000000000000000
985 	 0.00006550418702808486 	 0.00000828791817316369 	 0.00000000000000000000
986 	 0.00006550418702808486 	 0.00000982042087975920 	 0.00000000000000000000
987 	 0.00006550418702808486 	 0.00000971962237234276 	 0.00000000000000000000
988 	 0.00006550418702808486 	 0.00000830661424920775 	 0.00000000000000000000
989 	 0.00006550418702808486 	 0.00000934469121878570 	 0.00000000000000000000
990 	 0.00006550418702808486 	 0.00000951861919837578 	 0.00000000000000000000
991 	 0.00006550418702808486 	 0.00000813332637659126 	 0.00000000000000000000
992 	 0.00006550418702808486 	 0.00001233334051010349 	 0.00000000000000000000
993 	 0.00006550418702808486 	 0.00001020288319322875 	 0.00000000000000000000
994 	 0.00006550418702808486 	 0.00000721391639029425 	 0.00000000000000000000
995 	 0.00006550418702808486 	 0.00000980015911349005 	 0.00000000000000000000
996 	 0.00006550418702808486 	 0.00000865795797392564 	 0.00000000000000000000
997 	 0.00006550418702808486 	 0.00000827878794160374 	 0.00000000000000000000
998 	 0.00006550418702808486 	 0.00000821796483733327 	 0.00000000000000000000
999 	 0.00006576193931698876 	 0.00000909829052265777 	 0.00000000000000000000
1000 	 0.00006576193931698876 	 0.00000823386742368687 	 0.00000000000000000000
1001 	 0.00006576193931698876 	 0.00000767097997307903 	 0.00000000000000000000
1002 	 0.00006576193931698876 	 0.00000898785022993990 	 0.00000000000000000000
1003 	 0.00006576193931698876 	 0.00000880690540652748 	 0.00000000000000000000
1004 	 0.00006576193931698876 	 0.00001009269964627717 	 0.00000000000000000000
1005 	 0.00006576193931698876 	 0.00000706247982435809 	 0.00000000000000000000
1006 	 0.00006586896467785061 	 0.00001231754784622612 	 0.00000000000000000000
1007 	 0.00006586896467785061 	 0.00001176788502373016 	 0.00000000000000000000
1008 	 0.00006586896467785061 	 0.00001050410711281329 	 0.00000000000000000000
1009 	 0.00006586896467785061 	 0.00001511803507101997 	 0.00000000000000000000
1010 	 0.00006608556902148378 	 0.00001062745938761029 	 0.00000000000000000000
1011 	 0.00006613135726123182 	 0.00001142885486608565 	 0.00000000000000000000
1012 	 0.00006613135726123182 	 0.00001245013402656390 	 -0.00000000000000000000
1013 	 0.00006613135726123182 	 0.00001250352602692194 	 -0.00000000000000000000
1014 	 0.00006613135726123182 	 0.00001005831777432641 	 0.00000000000000000000
1015 	 0.00006613135726123182 	 0.00001287141098878460 	 0.00000000000000000000
1016 	 0.00006613135726123182 	 0.00001236369540355994 	 0.00000000000000000000
1017 	 0.00006613135726123182 	 0.00001121208527922903 	 0.00000000000000000000
1018 	 0.00006613135726123182 	 0.00001121024778455093 	 0.00000000000000000000
1019 	 0.00006613135726123182 	 0.00000931718746097346 	 -0.00000000000000000000
1020 	 0.00006613135726123182 	 0.00000800684771505935 	 0.00000000000000000000
1021 	 0.00006613135726123182 	 0.00001326354122668973 	 0.00000000000000000000
1022 	 0.00006613135726123182 	 0.00001173850794686247 	 0.00000000000000000000
1023 	 0.00006613135726123182 	 0.00000956859673456630 	 0.00000000000000000000
1024 	 0.00006613135726123182 	 0.00000919817802812718 	 0.00000000000000000000
1025 	 0.00006613135726123182 	 0.00001356108660087587 	 -0.00000000000000000000
1026 	 0.00006613135726123182 	 0.00000907038013118537 	 -0.00000000000000000000
1027 	 0.00006613135726123182 	 0.00001105543826846587 	 -0.00000000000000000000
1028 	 0.00006614166902134207 	 0.00000864298501350631 	 0.00000000000000000000
1029 	 0.00006614166902134207 	 0.00001336112001545167 	 0.00000000000000000000
1030 	 0.00006614166902134207 	 0.00000974243285212282 	 0.00000000000000000000
1031 	 0.00006620067108612654 	 0.00000850524366873739 	 0.00000000000000000000
1032 	 0.00006620067108612654 	 0.00000822927182000391 	 0.00000000000000000000
1033 	 0.00006620067108612654 	 0.00000893754385110644 	 0.00000000000000000000
1034 	 0.00006620067108612654 	 0.00001152906292275012 	 0.00000000000000000000
1035 	 0.00006620067108612654 	 0.00000976747303940481 	 0.00000000000000000000
1036 	 0.00006620067108612654 	 0.00000992627298945129 	 0.00000000000000000000
1037 	 0.00006620067108612654 	 0.00000837192317625101 	 0.00000000000000000000
1038 	 0.00006620067108612654 	 0.00000741434219717529 	 0.00000000000000000000
1039 	 0.00006855648266749404 	 0.00000964933435006737 	 0.00000000000000000000
1040 	 0.00006855648266749404 	 0.00000854172253166225 	 0.00000000000000000000
1041 	 0.00006855648266749404 	 0.00001077802096268482 	 0.00000000000000000000
1042 	 0.00006884537909412975 	 0.00001177859843191076 	 0.00000000000000000000
1043 	 0.00006884537909412975 	 0.00000758923115834784 	 0.00000000000000000000
1044 	 0.00006897422965668792 	 0.00001172583697689242 	 0.00000000000000000000
1045 	 0.00006897422965668792 	 0.00001194733827083465 	 0.00000000000000000000
1046 	 0.00006897422965668792 	 0.00001343066622414923 	 0.00000000000000000000
1047 	 0.00006897422965668792 	 0.00001189364202275050 	 0.00000000000000000000
1048 	 0.00006897422965668792 	 0.00000701407666215524 	 0.00000000000000000000
1049 	 0.00006966506147488880 	 0.00001730461168708501 	 0.00000000000000000000
1050 	 0.00006966506147488880 	 0.00001027010689489853 	 0.00000000000000000000
1051 	 0.00006966506147488880 	 0.00001273855158216280 	 0.00000000000000000000
1052 	 0.00006966506147488880 	 0.00000931318724129274 	 0.00000000000000000000
1053 	 0.00006966506147488880 	 0.00000867533663835612 	 0.00000000000000000000
1054 	 0.00006966506147488880 	 0.00000891661484870899 	 -0.00000000000000000000
1055 	 0.00006966506147488880 	 0.00001062162568579443 	 0.00000000000000000000
1056 	 0.00006966506147488880 	 0.00000824405063432520 	 0.00000000000000000000
1057 	 0.00006966506147488880 	 0.00000900816793946316 	 0.00000000000000000000
1058 	 0.00006966506147488880 	 0.00000732412746583501 	 0.00000000000000000000
1059 	 0.00006966506147488880 	 0.00000668902345218933 	 0.00000000000000000000
1060 	 0.00006966506147488880 	 0.00000803234244115326 	 0.00000000000000000000
1061 	 0.00006966506147488880 	 0.00001314235216819687 	 0.00000000000000000000
1062 	 0.00006966506147488880 	 0.00001093666203953508 	 0.00000000000000000000
1063 	 0.00006966506147488880 	 0.00000979787709031960 	 0.00000000000000000000
1064 	 0.00006966506147488880 	 0.00001105463256671405 	 0.00000000000000000000
1065 	 0.00006966506147488880 	 0.00000807879717439632 	 -0.00000000000000000000
1066 	 0.00006966506147488880 	 0.00001024125804230469 	 0.00000000000000000000
1067 	 0.00006966506147488880 	 0.00000961686119781770 	 0.00000000000000000000
1068 	 0.00006966506147488880 	 0.00000918363083082954 	 -0.00000000000000000000
1069 	 0.00006985667526854372 	 0.00001262168942361652 	 0.00000000000000000000
1070 	 0.00006985667526854372 	 0.00001054650245098534 	 0.00000000000000000000
1071 	 0.00006985667526854372 	 0.00001267275980654768 	 -0.00000000000000000000
1072 	 0.00006987696153544788 	 0.00001128575926704314 	 0.00000000000000000000
1073 	 0.00006987696153544788 	 0.00000817463704769615 	 0.00000000000000000000
1074 	 0.00006987696153544788 	 0.00000990104466334381 	 0.00000000000000000000
1075 	 0.00006987696153544788 	 0.00000831860694497236 	 0.00000000000000000000
1076 	 0.00006987696153544788 	 0.00000887812057338188 	 0.00000000000000000000
1077 	 0.00006987696153544788 	 0.00000636117558527285 	 -0.00000000000000000000
1078 	 0.00006987696153544788 	 0.00000765881619740199 	 0.00000000000000000000
1079 	 0.00006987696153544788 	 0.00000874523991598334 	 0.00000000000000000000
1080 	 0.00007002411789589048 	 0.00000744650678603962 	 -0.00000000000000000000
1081 	 0.00007002411789589048 	 0.00001058344587147718 	 -0.00000000000000000000
1082 	 0.00007002411789589048 	 0.00000644832100474002 	 0.00000000000000000000
1083 	 0.00007002411789589048 	 0.00001014643097677356 	 0.00000000000000000000
1084 	 0.00007002411789589048 	 0.00000678128338512069 	 0.00000000000000000000
1085 	 0.00007002411789589048 	 0.00000887429754964113 	 0.00000000000000000000
1086 	 0.00007038598761492148 	 0.00001076990493482083 	 0.00000000000000000000
1087 	 0.00007038598761492148 	 0.00001188958911619657 	 0.00000000000000000000
1088 	 0.00007046700025197012 	 0.00001171024302471856 	 0.00000000000000000000
1089 	 0.00007046700025197012 	 0.00000911277122559217 	 -0.00000000000000000000
1090 	 0.00007046700025197012 	 0.00001029594997137895 	 0.00000000000000000000
1091 	 0.00007046700025197012 	 0.00000700647550750789 	 0.00000000000000000000
1092 	 0.00007046700025197012 	 0.00000619850565309537 	 0.00000000000000000000
1093 	 0.00007046700025197012 	 0.00001144004309944415 	 0.00000000000000000000
1094 	 0.00007050976990017475 	 0.00001483959675683267 	 0.00000000000000000000
1095 	 0.00007050976990017475 	 0.00001324447273866040 	 0.00000000000000000000
1096 	 0.00007050976990017475 	 0.00001222536208767737 	 -0.00000000000000000000
1097 	 0.00007050976990017475 	 0.00000755926348873753 	 -0.00000000000000000000
1098 	 0.00007063604423409079 	 0.00001265719867989638 	 0.00000000000000000000
1099 	 0.00007063604423409079 	 0.00000917831818415269 	 0.00000000000000000000
1100 	 0.00007063604423409079 	 0.00000858903139537577 	 0.00000000000000000000
1101 	 0.00007063604423409079 	 0.00000657709067232025 	 -0.00000000000000000000
1102 	 0.00007082494898990300 	 0.00000874360851302452 	 0.00000000000000000000
1103 	 0.00007082494898990300 	 0.00001365880288430320 	 0.00000000000000000000
1104 	 0.00007082494898990300 	 0.00000628361169107652 	 0.00000000000000000000
1105 	 0.00007082494898990300 	 0.00000888759196197342 	 0.00000000000000000000
1106 	 0.00007082494898990300 	 0.00000754004892423510 	 0.00000000000000000000
1107 	 0.00007082494898990300 	 0.00000733614218544628 	 0.00000000000000000000
1108 	 0.00007082494898990300 	 0.00000676775057038566 	 -0.00000000000000000000
1109 	 0.00007082494898990300 	 0.00001017954938831379 	 0.00000000000000000000
1110 	 0.00007082494898990300 	 0.00001128753796627493 	 0.00000000000000000000
1111 	 0.00007082494898990300 	 0.00001342519103954763 	 0.00000000000000000000
1112 	 0.00007082494898990300 	 0.00001344793884524500 	 -0.00000000000000000000
1113 	 0.00007082494898990300 	 0.00000896447809540568 	 0.00000000000000000000
1114 	 0.00007137946771710860 	 0.00001131702880442776 	 0.00000000000000000000
1115 	 0.00007137946771710860 	 0.00000814337526714219 	 0.00000000000000000000
1116 	 0.00007137946771710860 	 0.00000941297672993626 	 0.00000000000000000000
1117 	 0.00007137946771710860 	 0.00001113085426446950 	 -0.00000000000000000000
1118 	 0.00007137946771710860 	 0.00000934475770173016 	 0.00000000000000000000
1119 	 0.00007137946771710860 	 0.00000804154266011076 	 0.00000000000000000000
1120 	 0.00007137946771710860 	 0.00000902902067959969 	 -0.00000000000000000000
1121 	 0.00007137983717502732 	 0.00000915229707971468 	 0.00000000000000000000
1122 	 0.00007137983717502732 	 0.00000763236612958223 	 0.00000000000000000000
1123 	 0.00007137983717502732 	 0.00000773011616155977 	 0.00000000000000000000
1124 	 0.00007137983717502732 	 0.00001274103763823621 	 -0.00000000000000000000
1125 	 0.00007137983717502732 	 0.00000917315141791285 	 0.00000000000000000000
1126 	 0.00007137983717502732 	 0.00001002488401360856 	 0.00000000000000000000
1127 	 0.00007137983717502732 	 0.00000752043848194289 	 0.00000000000000000000
1128 	 0.00007137983717502732 	 0.00001312118458944712 	 0.00000000000000000000
1129 	 0.00007137983717502732 	 0.00000849151066945535 	 0.00000000000000000000
1130 	 0.00007137983717502732 	 0.00001000741201120712 	 0.00000000000000000000
1131 	 0.00007137983717502732 	 0.00001192518080620715 	 0.00000000000000000000
1132 	 0.00007137983717502732 	 0.00001006512307954477 	 0.00000000000000000000
1133 	 0.00007137983717502732 	 0.00001142425469633691 	 0.00000000000000000000
1134 	 0.00007137983717502732 	 0.00001055272153676455 	 0.00000000000000000000
1135 	 0.00007137983717502732 	 0.00001230946683130069 	 0.00000000000000000000
1136 	 0.00007137983717502732 	 0.00000939155466797459 	 0.00000000000000000000
1137 	 0.00007137983717502732 	 0.00000961961006915033 	 0.00000000000000000000
1138 	 0.00007137983717502732 	 0.00000861040981878060 	 0.00000000000000000000
1139 	 0.00007137983717502732 	 0.00000944440587799860 	 0.00000000000000000000
1140 	 0.00007137983717502732 	 0.00000838307021658521 	 -0.00000000000000000000
1141 	 0.00007137983717502732 	 0.00000895648713802892 	 0.00000000000000000000
1142 	 0.00007137983717502732 	 0.00000789720656146650 	 0.00000000000000000000
1143 	 0.00007137983717502732 	 0.00000922421404491885 	 0.00000000000000000000
1144 	 0.00007137983717502732 	 0.00001353063132796470 	 0.00000000000000000000
1145 	 0.00007137983717502732 	 0.00001068951603748406 	 0.00000000000000000000
1146 	 0.00007137983717502732 	 0.00001062179824004060 	 0.00000000000000000000
1147 	 0.00007137983717502732 	 0.00000927669715271207 	 0.00000000000000000000
1148 	 0.00007137986494209860 	 0.00001235824264680364 	 0.00000000000000000000
1149 	 0.00007137986494209860 	 0.00001029776081315830 	 0.00000000000000000000
1150 	 0.00007137986494209860 	 0.00000981674260171501 	 0.00000000000000000000
1151 	 0.00007137986494209860 	 0.00001131732270469597 	 0.00000000000000000000
1152 	 0.00007137986494209860 	 0.00000843684045164695 	 0.00000000000000000000
1153 	 0.00007137986494209860 	 0.00001106732324645564 	 0.00000000000000000000
1154 	 0.00007137986494209860 	 0.00001315986925065489 	 0.00000000000000000000
1155 	 0.00007137986494209860 	 0.00000933450329269675 	 0.00000000000000000000
1156 	 0.00007137986494209860 	 0.00000941977811732724 	 0.00000000000000000000
1157 	 0.00007137986494209860 	 0.00001199687735705066 	 -0.00000000000000000000
1158 	 0.00007137986494209860 	 0.00000790207798498793 	 0.00000000000000000000
1159 	 0.00007137986494209860 	 0.00000785339922552904 	 -0.00000000000000000000
1160 	 0.00007137986494209860 	 0.00001001102885534500 	 0.00000000000000000000
1161 	 0.00007137986494209860 	 0.00000761576243269371 	 -0.00000000000000000000
1162 	 0.00007137986494209860 	 0.00001011276772959736 	 0.00000000000000000000
1163 	 0.00007137986494209860 	 0.00000874769188641024 	 0.00000000000000000000
1164 	 0.00007138245446142699 	 0.00001084804887266411 	 0.00000000000000000000
1165 	 0.00007138245446142699 	 0.00001037671993107207 	 0.00000000000000000000
1166 	 0.00007138245446142699 	 0.00001111019118811040 	 0.00000000000000000000
1167 	 0.00007138245446142699 	 0.00000976022463131252 	 -0.00000000000000000000
1168 	 0.00007138245446142699 	 0.00000677141471391178 	 0.00000000000000000000
1169 	 0.00007138245446142699 	 0.00000634945681101339 	 0.00000000000000000000
1170 	 0.00007138245446142699 	 0.00000814872500001835 	 0.00000000000000000000
1171 	 0.00007138245446142699 	 0.00000763947528291693 	 0.00000000000000000000
1172 	 0.00007138245446142699 	 0.00000639107619828385 	 0.00000000000000000000
1173 	 0.00007138245446142699 	 0.00000780987935752022 	 0.00000000000000000000
1174 	 0.00007138245446142699 	 0.00001136751582346044 	 0.00000000000000000000
1175 	 0.00007138245446142699 	 0.00001177266807753970 	 0.00000000000000000000
1176 	 0.00007138245446142699 	 0.00000817015972907885 	 0.00000000000000000000
1177 	 0.00007138245446142699 	 0.00000895477529607871 	 0.00000000000000000000
1178 	 0.00007138245446142699 	 0.00000936566813377806 	 0.00000000000000000000
1179 	 0.00007138245446142699 	 0.00000838737307385940 	 0.00000000000000000000
1180 	 0.00007138245446142699 	 0.00001075026190947268 	 -0.00000000000000000000
1181 	 0.00007138245446142699 	 0.00000898709186339615 	 0.00000000000000000000
1182 	 0.00007138245446142699 	 0.00000920279887036514 	 0.00000000000000000000
1183 	 0.00007160498058341727 	 0.00001089602825708810 	 0.00000000000000000000
1184 	 0.00007160498058341727 	 0.00000833391271797696 	 0.00000000000000000000
1185 	 0.00007160498058341727 	 0.00000838761406686601 	 0.00000000000000000000
1186 	 0.00007160498058341727 	 0.00000890406596924020 	 0.00000000000000000000
1187 	 0.00007160498058341727 	 0.00000930501143258589 	 0.00000000000000000000
1188 	 0.00007160498058341727 	 0.00001210105306375480 	 0.00000000000000000000
1189 	 0.00007160498058341727 	 0.00001018244343266756 	 0.00000000000000000000
1190 	 0.00007160498058341727 	 0.00001019637878200457 	 0.00000000000000000000
1191 	 0.00007160498058341727 	 0.00000760873214058276 	 0.00000000000000000000
1192 	 0.00007160498058341727 	 0.00001524748760226632 	 0.00000000000000000000
1193 	 0.00007160498058341727 	 0.00000703456438503218 	 -0.00000000000000000000
1194 	 0.00007160498058341727 	 0.00001558886491791711 	 0.00000000000000000000
1195 	 0.00007160498058341727 	 0.00000813594759325353 	 0.00000000000000000000
1196 	 0.00007160498058341727 	 0.00000898013040177083 	 0.00000000000000000000
1197 	 0.00007160498058341727 	 0.00001143038886995206 	 0.00000000000000000000
1198 	 0.00007160498058341727 	 0.00001056346204399012 	 0.00000000000000000000
1199 	 0.00007160498058341727 	 0.00001204115493756805 	 0.00000000000000000000
1200 	 0.00007160498058341727 	 0.00001161730731918081 	 0.00000000000000000000
1201 	 0.00007160498058341727 	 0.00000697793503608905 	 0.00000000000000000000
1202 	 0.00007160498058341727 	 0.00001220851394625471 	 0.00000000000000000000
1203 	 0.00007160498058341727 	 0.00000778897329040009 	 0.00000000000000000000
1204 	 0.00007160498058341727 	 0.00001094621188415139 	 0.00000000000000000000
1205 	 0.00007160498058341727 	 0.00000937045326100735 	 0.00000000000000000000
1206 	 0.00007160498058341727 	 0.00000628449934151913 	 0.00000000000000000000
1207 	 0.00007160498058341727 	 0.00001490757585783763 	 -0.00000000000000000000
1208 	 0.00007160498058341727 	 0.00001181649781658223 	 0.00000000000000000000
1209 	 0.00007160498058341727 	 0.00000955704952685825 	 0.00000000000000000000
1210 	 0.00007160498058341727 	 0.00000973313624880058 	 0.00000000000000000000
1211 	 0.00007160498058341727 	 0.00001197789814976541 	 -0.00000000000000000000
1212 	 0.00007160498058341727 	 0.00000798777532009099 	 0.00000000000000000000
1213 	 0.00007160498058341727 	 0.00000929878165599939 	 0.00000000000000000000
1214 	 0.00007160498058341727 	 0.00001296955584904221 	 -0.00000000000000000000
1215 	 0.00007176548181196670 	 0.00001683125829851577 	 0.00000000000000000000
1216 	 0.00007176548181196670 	 0.00000954194822573313 	 0.00000000000000000000
1217 	 0.00007176548181196670 	 0.00001123707220737370 	 0.00000000000000000000
1218 	 0.00007176548181196670 	 0.00000935119717325867 	 0.00000000000000000000
1219 	 0.00007176548181196670 	 0.00000790447479385581 	 0.00000000000000000000
1220 	 0.00007176548181196670 	 0.00000628699681895209 	 -0.00000000000000000000
1221 	 0.00007176548181196670 	 0.00001402471484995172 	 0.00000000000000000000
1222 	 0.00007176548181196670 	 0.00000989438761883597 	 0.00000000000000000000
1223 	 0.00007176548181196670 	 0.00001054964446276582 	 0.00000000000000000000
1224 	 0.00007176548181196670 	 0.00001261165103888032 	 0.00000000000000000000
1225 	 0.00007176548181196670 	 0.00001315983836741394 	 0.00000000000000000000
1226 	 0.00007176548181196670 	 0.00001127803509694239 	 -0.00000000000000000000
1227 	 0.00007176548181196670 	 0.00000867330243698332 	 0.00000000000000000000
1228 	 0.00007176548181196670 	 0.00001004643755829846 	 0.00000000000000000000
1229 	 0.00007176548181196670 	 0.00000824710865430148 	 0.00000000000000000000
1230 	 0.00007176548181196670 	 0.00000876903173855055 	 0.00000000000000000000
1231 	 0.00007176548181196670 	 0.00001069507869192858 	 -0.00000000000000000000
1232 	 0.00007176548181196670 	 0.00001228670735131524 	 0.00000000000000000000
1233 	 0.00007176548181196670 	 0.00001023005161292624 	 0.00000000000000000000
1234 	 0.00007176548181196670 	 0.00001190578647027990 	 0.00000000000000000000
1235 	 0.00007176548181196670 	 0.00000929959558525232 	 0.00000000000000000000
1236 	 0.00007176548181196670 	 0.00001031912757538527 	 0.00000000000000000000
1237 	 0.00007177161000144264 	 0.00001436308999866603 	 0.00000000000000000000
1238 	 0.00007177161000144264 	 0.00001034806176755313 	 -0.00000000000000000000
1239 	 0.00007177161000144264 	 0.00000778361521929189 	 0.00000000000000000000
1240 	 0.00007177161000144264 	 0.00001044844502360299 	 0.00000000000000000000
1241 	 0.00007177161000144264 	 0.00001002542692190383 	 0.00000000000000000000
1242 	 0.00007177161000144264 	 0.00000919031749216901 	 0.00000000000000000000
1243 	 0.00007177161000144264 	 0.00000990472638693502 	 0.00000000000000000000
1244 	 0.00007177161000144264 	 0.00000912153683289161 	 0.00000000000000000000
1245 	 0.00007177161000144264 	 0.00001197641081138833 	 0.00000000000000000000
1246 	 0.00007177161000144264 	 0.00001099096868263725 	 0.00000000000000000000
1247 	 0.00007177161000144264 	 0.00001218249497853611 	 -0.00000000000000000000
1248 	 0.00007177161000144264 	 0.00001272123864372589 	 0.00000000000000000000
1249 	 0.00007177161000144264 	 0.00000954654063722433 	 0.00000000000000000000
1250 	 0.00007177161000144264 	 0.00001099229031881896 	 0.00000000000000000000
1251 	 0.00007177161000144264 	 0.00000985662986456620 	 0.00000000000000000000
1252 	 0.00007177161082128156 	 0.00001609367114103022 	 0.00000000000000000000
1253 	 0.00007177161082128156 	 0.00000923097976723198 	 0.00000000000000000000
1254 	 0.00007177161082128156 	 0.00001153413152252579 	 0.00000000000000000000
1255 	 0.00007177161082128156 	 0.00001053576108213456 	 0.00000000000000000000
1256 	 0.00007177161082128156 	 0.00001192908363590135 	 0.00000000000000000000
1257 	 0.00007177161082128156 	 0.00000655743676956064 	 0.00000000000000000000
1258 	 0.00007177161082128156 	 0.00001346116334690711 	 0.00000000000000000000
1259 	 0.00007177161082128156 	 0.00001155796101132362 	 0.00000000000000000000
1260 	 0.00007177161082128156 	 0.00000920734003405464 	 -0.00000000000000000000
1261 	 0.00007177161324504276 	 0.00001303786615863686 	 0.00000000000000000000
1262 	 0.00007177161324504276 	 0.00000910743824580086 	 0.00000000000000000000
1263 	 0.00007177161324504276 	 0.00001603661947058990 	 0.00000000000000000000
1264 	 0.00007177161324504276 	 0.00000784763466232533 	 0.00000000000000000000
1265 	 0.00007177161324504276 	 0.00001586076891450742 	 -0.00000000000000000000
1266 	 0.00007177161324504276 	 0.00000699476779146063 	 0.00000000000000000000
1267 	 0.00007177161324504276 	 0.00000823023304754625 	 0.00000000000000000000
1268 	 0.00007177161324504276 	 0.00001362992916781003 	 0.00000000000000000000
1269 	 0.00007177364291288076 	 0.00001077140699316632 	 0.00000000000000000000
1270 	 0.00007177364291288076 	 0.00000950722025311170 	 0.00000000000000000000
1271 	 0.00007186144054215203 	 0.00001060899611854231 	 0.00000000000000000000
1272 	 0.00007186144054215203 	 0.00001248908749551306 	 0.00000000000000000000
1273 	 0.00007186144054215203 	 0.00001150114637799698 	 0.00000000000000000000
1274 	 0.00007186144054215203 	 0.00001249719936150554 	 0.00000000000000000000
1275 	 0.00007186144054215203 	 0.00000980215643853797 	 0.00000000000000000000
1276 	 0.00007186144054215203 	 0.00001356775980652269 	 0.00000000000000000000
1277 	 0.00007186144054215203 	 0.00000969375591522154 	 0.00000000000000000000
1278 	 0.00007186144054215203 	 0.00000992088003651910 	 0.00000000000000000000
1279 	 0.00007186144054215203 	 0.00001178858080903038 	 0.00000000000000000000
1280 	 0.00007186144054215203 	 0.00000956790300015902 	 0.00000000000000000000
1281 	 0.00007186144054215203 	 0.00001496927852537960 	 -0.00000000000000000000
1282 	 0.00007186144054215203 	 0.00001370477984306503 	 0.00000000000000000000
1283 	 0.00007186144054215203 	 0.00000817258546550782 	 0.00000000000000000000
1284 	 0.00007186144054215203 	 0.00000947696563674542 	 -0.00000000000000000000
1285 	 0.00007186144054215203 	 0.00000951110695249070 	 0.00000000000000000000
1286 	 0.00007186144054215203 	 0.00000931731407128065 	 0.00000000000000000000
1287 	 0.00007186144054215203 	 0.00000897542819086692 	 0.00000000000000000000
1288 	 0.00007186144054215203 	 0.00001247381800615608 	 0.00000000000000000000
1289 	 0.00007186144054215203 	 0.00001360042711082579 	 0.00000000000000000000
1290 	 0.00007186144054215203 	 0.00000931188581607714 	 0.00000000000000000000
1291 	 0.00007186144054215203 	 0.00001053856025083966 	 0.00000000000000000000
1292 	 0.00007186144054215203 	 0.00000837420980854102 	 0.00000000000000000000
1293 	 0.00007186144054215203 	 0.00001148736910006844 	 0.00000000000000000000
1294 	 0.00007186144054215203 	 0.00001061150589652522 	 0.00000000000000000000
1295 	 0.00007186144054215203 	 0.00000881647064425216 	 0.00000000000000000000
1296 	 0.00007186144054215203 	 0.00000707301688248710 	 0.00000000000000000000
1297 	 0.00007186144054215203 	 0.00000771579240522900 	 -0.00000000000000000000
1298 	 0.00007186144054215203 	 0.00001369511449731464 	 0.00000000000000000000
1299 	 0.00007186144054215203 	 0.00001051557258072150 	 0.00000000000000000000
1300 	 0.00007186144054215203 	 0.00000653647929970525 	 0.00000000000000000000
1301 	 0.00007186144054215203 	 0.00000946971804298931 	 0.00000000000000000000
1302 	 0.00007186144054215203 	 0.00001554982453999558 	 0.00000000000000000000
1303 	 0.00007186144054215203 	 0.00000936835685883077 	 0.00000000000000000000
1304 	 0.00007186144054215203 	 0.00001572992861229731 	 -0.00000000000000000000
1305 	 0.00007186144054215203 	 0.00000812004420596819 	 0.00000000000000000000
1306 	 0.00007186144054215203 	 0.00000899574215227388 	 0.00000000000000000000
1307 	 0.00007186144054215203 	 0.00000991823428754298 	 0.00000000000000000000
1308 	 0.00007186144054215203 	 0.00001341746216460771 	 0.00000000000000000000
1309 	 0.00007186144054215203 	 0.00000781911276159919 	 0.00000000000000000000
1310 	 0.00007186144054215203 	 0.00001029340431892132 	 0.00000000000000000000
1311 	 0.00007186144054215203 	 0.00001261672246257620 	 0.00000000000000000000
1312 	 0.00007186144054215203 	 0.00001438578658300527 	 0.00000000000000000000
1313 	 0.00007186144054215203 	 0.00000804322155105884 	 0.00000000000000000000
1314 	 0.00007186144054215203 	 0.00001414076255425414 	 0.00000000000000000000
1315 	 0.00007186144054215203 	 0.00001032672586638107 	 0.00000000000000000000
1316 	 0.00007186144054215203 	 0.00000883262960567664 	 -0.00000000000000000000
1317 	 0.00007186144054215203 	 0.00001205286631231543 	 0.00000000000000000000
1318 	 0.00007186144054215203 	 0.00001333117225485304 	 0.00000000000000000000
1319 	 0.00007186214843779316 	 0.00001101503114496833 	 0.00000000000000000000
1320 	 0.00007186214843779316 	 0.00000960663471317991 	 0.00000000000000000000
1321 	 0.00007186214843779316 	 0.00000991401966683720 	 0.00000000000000000000
1322 	 0.00007186214843779316 	 0.00001053810129124696 	 -0.00000000000000000000
1323 	 0.00007186214843779316 	 0.00000772955215782107 	 -0.00000000000000000000
1324 	 0.00007186214843779316 	 0.00001337606334697718 	 -0.00000000000000000000
1325 	 0.00007186214843779316 	 0.00001243684657023368 	 0.00000000000000000000
1326 	 0.00007186214843779316 	 0.00001105768839283461 	 0.00000000000000000000
1327 	 0.00007186214843779316 	 0.00001237892768565569 	 0.00000000000000000000
1328 	 0.00007186214843779316 	 0.00001236047995930885 	 0.00000000000000000000
1329 	 0.00007186214843779316 	 0.00000931595311256298 	 0.00000000000000000000
1330 	 0.00007186214843779316 	 0.00001063090454578983 	 0.00000000000000000000
1331 	 0.00007186214843779316 	 0.00001212647661790352 	 -0.00000000000000000000
1332 	 0.00007186214843779316 	 0.00001030316322417471 	 -0.00000000000000000000
1333 	 0.00007193483799580921 	 0.00001149114550345292 	 0.00000000000000000000
1334 	 0.00007193483799580921 	 0.00000795761260885176 	 0.00000000000000000000
1335 	 0.00007193483854534946 	 0.00000978123976869064 	 0.00000000000000000000
1336 	 0.00007193483854534946 	 0.00001048310354268885 	 0.00000000000000000000
1337 	 0.00007193483854534946 	 0.00001124479489453790 	 0.00000000000000000000
1338 	 0.00007193483854534946 	 0.00000937981866587473 	 -0.00000000000000000000
1339 	 0.00007193483854534946 	 0.00001445501935841919 	 -0.00000000000000000000
1340 	 0.00007193483854534946 	 0.00000837854947531477 	 0.00000000000000000000
1341 	 0.00007193483854534946 	 0.00000948636951917823 	 0.00000000000000000000
1342 	 0.00007193483854534946 	 0.00001269848313685329 	 0.00000000000000000000
1343 	 0.00007193483854534946 	 0.00000818006325741938 	 -0.00000000000000000000
1344 	 0.00007193483854534946 	 0.00001200282430314513 	 0.00000000000000000000
1345 	 0.00007193483854534946 	 0.00001021536460198820 	 0.00000000000000000000
1346 	 0.00007193483854534946 	 0.00001024583227992402 	 0.00000000000000000000
1347 	 0.00007193483854534946 	 0.00001132557928697740 	 0.00000000000000000000
1348 	 0.00007193483854534946 	 0.00001354807636924635 	 0.00000000000000000000
1349 	 0.00007193483854534946 	 0.00000911391339959864 	 0.00000000000000000000
1350 	 0.00007193483854534946 	 0.00001084628312074934 	 0.00000000000000000000
1351 	 0.00007193483854534946 	 0.00000941666067383786 	 0.00000000000000000000
1352 	 0.00007193483854534946 	 0.00001269994760246504 	 0.00000000000000000000
1353 	 0.00007193483854534946 	 0.00001136479630575203 	 0.00000000000000000000
1354 	 0.00007193483854534946 	 0.00000751440863469302 	 0.00000000000000000000
1355 	 0.00007193483854534946 	 0.00001300759214958981 	 0.00000000000000000000
1356 	 0.00007193483854534946 	 0.00000764338004728378 	 -0.00000000000000000000
1357 	 0.00007193483854534946 	 0.00001250839911785330 	 0.00000000000000000000
1358 	 0.00007193483854534946 	 0.00000825932575672635 	 0.00000000000000000000
1359 	 0.00007193483854534946 	 0.00001504261060257259 	 0.00000000000000000000
1360 	 0.00007193483854534946 	 0.00000948917824592900 	 0.00000000000000000000
1361 	 0.00007193483854534946 	 0.00000814674607016433 	 0.00000000000000000000
1362 	 0.00007193483854534946 	 0.00000955316573288611 	 0.00000000000000000000
1363 	 0.00007193483854534946 	 0.00000971505883540061 	 0.00000000000000000000
1364 	 0.00007193483854534946 	 0.00001178062167453475 	 0.00000000000000000000
1365 	 0.00007193483854534946 	 0.00001470232132947533 	 0.00000000000000000000
1366 	 0.00007193483854534946 	 0.00001028965426854320 	 -0.00000000000000000000
1367 	 0.00007193483854534946 	 0.00001201975012625162 	 -0.00000000000000000000
1368 	 0.00007193483854534946 	 0.00000917375824717321 	 -0.00000000000000000000
1369 	 0.00007193483895741089 	 0.00001155393493022979 	 0.00000000000000000000
1370 	 0.00007193483895741089 	 0.00001710947227796131 	 0.00000000000000000000
1371 	 0.00007193483895741089 	 0.00001067698852107393 	 0.00000000000000000000
1372 	 0.00007193483895741089 	 0.00001349003335057508 	 0.00000000000000000000
1373 	 0.00007193483895741089 	 0.00001176455566886320 	 0.00000000000000000000
1374 	 0.00007193483895741089 	 0.00000800012840571279 	 0.00000000000000000000
1375 	 0.00007193483895741089 	 0.00001280156722476818 	 0.00000000000000000000
1376 	 0.00007193483895741089 	 0.00000883014922581652 	 -0.00000000000000000000
1377 	 0.00007193483895741089 	 0.00000867672087158609 	 0.00000000000000000000
1378 	 0.00007193483895741089 	 0.00001346899115438564 	 0.00000000000000000000
1379 	 0.00007193483895741089 	 0.00000925002384853308 	 0.00000000000000000000
1380 	 0.00007193483895741089 	 0.00001165155986282126 	 0.00000000000000000000
1381 	 0.00007193483895741089 	 0.00001009211095790951 	 0.00000000000000000000
1382 	 0.00007193483895741089 	 0.00000946330300131903 	 0.00000000000000000000
1383 	 0.00007193483895741089 	 0.00001118870791466402 	 0.00000000000000000000
1384 	 0.00007193483895741089 	 0.00001413192816811975 	 0.00000000000000000000
1385 	 0.00007193483895741089 	 0.00001068142389919530 	 0.00000000000000000000
1386 	 0.00007193483895741089 	 0.00001203438625804422 	 0.00000000000000000000
1387 	 0.00007193483895741089 	 0.00001053248161904200 	 -0.00000000000000000000
1388 	 0.00007193483895741089 	 0.00001327176759720679 	 0.00000000000000000000
1389 	 0.00007193483895741089 	 0.00001420025425509022 	 0.00000000000000000000
1390 	 0.00007193483895741089 	 0.00000845039142129689 	 0.00000000000000000000
1391 	 0.00007193483895741089 	 0.00000970057841371533 	 0.00000000000000000000
1392 	 0.00007193483895741089 	 0.00000957564887531748 	 0.00000000000000000000
1393 	 0.00007193483895741089 	 0.00001188960144904740 	 -0.00000000000000000000
1394 	 0.00007193483895741089 	 0.00001283940773113883 	 0.00000000000000000000
1395 	 0.00007193483895741089 	 0.00001480301990343928 	 0.00000000000000000000
1396 	 0.00007193483895741089 	 0.00000764404797903300 	 0.00000000000000000000
1397 	 0.00007193483895741089 	 0.00000684087082567956 	 0.00000000000000000000
1398 	 0.00007193483895741089 	 0.00000799861949009956 	 0.00000000000000000000
1399 	 0.00007193483895741089 	 0.00000780989846906795 	 0.00000000000000000000
1400 	 0.00007193483895741089 	 0.00001026301304084721 	 -0.00000000000000000000
1401 	 0.00007193483895741089 	 0.00001012338904774140 	 0.00000000000000000000
1402 	 0.00007193483895741089 	 0.00000789559910607605 	 -0.00000000000000000000
1403 	 0.00007193483895741089 	 0.00001200474319856147 	 0.00000000000000000000
1404 	 0.00007193483895741089 	 0.00000808735494806592 	 0.00000000000000000000
1405 	 0.00007373466801243013 	 0.00000802776968891840 	 0.00000000000000000000
1406 	 0.00007373466801243013 	 0.00001311917719847388 	 0.00000000000000000000
1407 	 0.00007373466801243013 	 0.00001137246317203091 	 0.00000000000000000000
1408 	 0.00007373466801243013 	 0.00001184116183321462 	 0.00000000000000000000
1409 	 0.00007373466801243013 	 0.00000679497296514431 	 0.00000000000000000000
1410 	 0.00007393808390306614 	 0.00000886649505117044 	 0.00000000000000000000
1411 	 0.00007393808390306614 	 0.00001281425427949087 	 0.00000000000000000000
1412 	 0.00007393808390306614 	 0.00000705735868466898 	 0.00000000000000000000
1413 	 0.00007393808390306614 	 0.00001077214098200452 	 -0.00000000000000000000
1414 	 0.00007493013394278112 	 0.00000918360265058669 	 0.00000000000000000000
1415 	 0.00007538574752758069 	 0.00000930707888507110 	 0.00000000000000000000
1416 	 0.00007538574752758069 	 0.00001103243716628420 	 0.00000000000000000000
1417 	 0.00007538574752758069 	 0.00000941722721383113 	 -0.00000000000000000000
1418 	 0.00007538574752758069 	 0.00001496281617851797 	 0.00000000000000000000
1419 	 0.00007538574752758069 	 0.00001236958941243141 	 0.00000000000000000000
1420 	 0.00007560758048493131 	 0.00000811548824778964 	 0.00000000000000000000
1421 	 0.00007560758048493131 	 0.00001273235007536584 	 0.00000000000000000000
1422 	 0.00007577221957886352 	 0.00001709018106740234 	 0.00000000000000000000
1423 	 0.00007577221957886352 	 0.00001076358753852984 	 0.00000000000000000000
1424 	 0.00007577221957886352 	 0.00001369159816098145 	 -0.00000000000000000000
1425 	 0.00007577221957886352 	 0.00000968422686737950 	 0.00000000000000000000
1426 	 0.00007577221957886352 	 0.00001092863478001662 	 0.00000000000000000000
1427 	 0.00007577221957886352 	 0.00001035058960952613 	 0.00000000000000000000
1428 	 0.00007577221957886352 	 0.00000701740941303193 	 0.00000000000000000000
1429 	 0.00007597914723320635 	 0.00002411981206760430 	 0.00000000000000000000
1430 	 0.00007597914723320635 	 0.00001219965214856380 	 -0.00000000000000000000
1431 	 0.00007597914723320635 	 0.00001140050640049723 	 0.00000000000000000000
1432 	 0.00007606370034152771 	 0.00000815236737311555 	 0.00000000000000000000
1433 	 0.00007606370034152771 	 0.00001238715538981398 	 -0.00000000000000000000
1434 	 0.00007615607559917564 	 0.00001857755531001599 	 0.00000000000000000000
1435 	 0.00007615607559917564 	 0.00000771964565130376 	 0.00000000000000000000
1436 	 0.00007656292487507810 	 0.00001011369159551427 	 0.00000000000000000000
1437 	 0.00007656292487507810 	 0.00001482136022555079 	 0.00000000000000000000
1438 	 0.00007656292487507810 	 0.00000779083434872667 	 0.00000000000000000000
1439 	 0.00007656292487507810 	 0.00000945771509021417 	 0.00000000000000000000
1440 	 0.00007656292487507810 	 0.00001187738077335625 	 0.00000000000000000000
1441 	 0.00007656292487507810 	 0.00001486795852599066 	 0.00000000000000000000
1442 	 0.00007656292487507810 	 0.00001070299604999782 	 0.00000000000000000000
1443 	 0.00007656292487507810 	 0.00001144868823273284 	 -0.00000000000000000000
1444 	 0.00007656292487507810 	 0.00001260525987053184 	 -0.00000000000000000000
1445 	 0.00007656292487507810 	 0.00000995385118912593 	 0.00000000000000000000
1446 	 0.00007656292487507810 	 0.00001572856140139922 	 0.00000000000000000000
1447 	 0.00007656292487507810 	 0.00001116491495621087 	 0.00000000000000000000
1448 	 0.00007656292487507810 	 0.00001100469894184164 	 0.00000000000000000000
1449 	 0.00007656292487507810 	 0.00000864542663459908 	 -0.00000000000000000000
1450 	 0.00007656292487507810 	 0.00000965650523156438 	 -0.00000000000000000000
1451 	 0.00007656292487507810 	 0.00001129915613531676 	 0.00000000000000000000
1452 	 0.00007656292487507810 	 0.00000829956678961305 	 0.00000000000000000000
1453 	 0.00007656292487507810 	 0.00001200711492055435 	 0.00000000000000000000
1454 	 0.00007656292487507810 	 0.00001149852994288770 	 -0.00000000000000000000
1455 	 0.00007684978310377613 	 0.00001397570161028414 	 -0.00000000000000000000
1456 	 0.00007684978310377613 	 0.00001244848836354444 	 0.00000000000000000000
1457 	 0.00007684978310377613 	 0.00001220119619391830 	 0.00000000000000000000
1458 	 0.00007735402710993067 	 0.00001266424508343246 	 0.00000000000000000000
1459 	 0.00007735402710993067 	 0.00001304924718464985 	 0.00000000000000000000
1460 	 0.00007735402710993067 	 0.00000855998931634231 	 0.00000000000000000000
1461 	 0.00007735402710993067 	 0.00001113218647307339 	 0.00000000000000000000
1462 	 0.00007735402710993067 	 0.00001531413765031759 	 0.00000000000000000000
1463 	 0.00007735402710993067 	 0.00001208999871595554 	 0.00000000000000000000
1464 	 0.00007735402710993067 	 0.00001287034264821454 	 0.00000000000000000000
1465 	 0.00007735402710993067 	 0.00000662460001947503 	 0.00000000000000000000
1466 	 0.00007767800091130702 	 0.00001573988561115485 	 0.00000000000000000000
1467 	 0.00007767800091130702 	 0.00001477287692989456 	 0.00000000000000000000
1468 	 0.00007767800091130702 	 0.00001255521580935943 	 0.00000000000000000000
1469 	 0.00007767800091130702 	 0.00001138667193086419 	 0.00000000000000000000
1470 	 0.00007767800091130702 	 0.00001180916132553431 	 -0.00000000000000000000
1471 	 0.00007767800091130702 	 0.00001284991262435329 	 0.00000000000000000000
1472 	 0.00007767800091130702 	 0.00000881574040571363 	 0.00000000000000000000
1473 	 0.00007767800091130702 	 0.00001443405072203847 	 0.00000000000000000000
1474 	 0.00007812553868805471 	 0.00001586020997101409 	 0.00000000000000000000
1475 	 0.00007812553868805471 	 0.00000977007809519967 	 0.00000000000000000000
1476 	 0.00007812553868805471 	 0.00001678554023777028 	 0.00000000000000000000
1477 	 0.00007812553868805471 	 0.00000903405532066587 	 0.00000000000000000000
1478 	 0.00007812553868805471 	 0.00001442674134966464 	 0.00000000000000000000
1479 	 0.00007812553868805471 	 0.00001034702023544171 	 0.00000000000000000000
1480 	 0.00007812553868805471 	 0.00000996966639090505 	 0.00000000000000000000
1481 	 0.00007812553868805471 	 0.00001846034713435256 	 0.00000000000000000000
1482 	 0.00007812553868805471 	 0.00001494259490636403 	 -0.00000000000000000000
1483 	 0.00007812553868805471 	 0.00001230828850591830 	 0.00000000000000000000
1484 	 0.00007825886453591052 	 0.00001260935723072790 	 0.00000000000000000000
1485 	 0.00007825886453591052 	 0.00001047115799369805 	 0.00000000000000000000
1486 	 0.00007825886453591052 	 0.00001072574674469830 	 -0.00000000000000000000
1487 	 0.00007825886453591052 	 0.00001274017262955679 	 0.00000000000000000000
1488 	 0.00007825886453591052 	 0.00001243833776855803 	 -0.00000000000000000000
1489 	 0.00007825886453591052 	 0.00000700195332556668 	 0.00000000000000000000
1490 	 0.00007825886453591052 	 0.00001247829011443846 	 -0.00000000000000000000
1491 	 0.00007825886453591052 	 0.00001096540393335520 	 0.00000000000000000000
1492 	 0.00007825886453591052 	 0.00001287264341394168 	 0.00000000000000000000
1493 	 0.00007825886453591052 	 0.00001241155234672761 	 0.00000000000000000000
1494 	 0.00007825886453591052 	 0.00001558821052628720 	 -0.00000000000000000000
1495 	 0.00007825886453591052 	 0.00001301635990342326 	 0.00000000000000000000
1496 	 0.00007825886453591052 	 0.00001338110137074074 	 0.00000000000000000000
1497 	 0.00007825886453591052 	 0.00001664248735029072 	 0.00000000000000000000
1498 	 0.00007840591001053640 	 0.00000842706000625949 	 0.00000000000000000000
1499 	 0.00007840591001053640 	 0.00001420727022218947 	 0.00000000000000000000
1500 	 0.00007840591001053640 	 0.00001316749198285729 	 0.00000000000000000000
1501 	 0.00007840591001053640 	 0.00001252884652022400 	 0.00000000000000000000
1502 	 0.00007918851398640940 	 0.00001474452959197448 	 -0.00000000000000000000
1503 	 0.00007918851398640940 	 0.00000760413382548001 	 0.00000000000000000000
1504 	 0.00007918851398640940 	 0.00001022756943744846 	 0.00000000000000000000
1505 	 0.00007918851398640940 	 0.00000856473552393912 	 0.00000000000000000000
1506 	 0.00007918851398640940 	 0.00001081886043605972 	 0.00000000000000000000
1507 	 0.00008016181582624528 	 0.00001680789249879110 	 -0.00000000000000000000
1508 	 0.00008016181582624528 	 0.00001030893387169723 	 0.00000000000000000000
1509 	 0.00008016181582624528 	 0.00001408558835038028 	 0.00000000000000000000
1510 	 0.00008016181582624528 	 0.00001060721761712473 	 0.00000000000000000000
1511 	 0.00008016181582624528 	 0.00000894048285127859 	 0.00000000000000000000
1512 	 0.00008016181582624528 	 0.00001267203215764656 	 0.00000000000000000000
1513 	 0.00008016181582624528 	 0.00001031960549337740 	 0.00000000000000000000
1514 	 0.00008018105960921082 	 0.00001409975251153539 	 0.00000000000000000000
1515 	 0.00008018105960921082 	 0.00001141861434689405 	 0.00000000000000000000
1516 	 0.00008018105960921082 	 0.00001193106838002895 	 -0.00000000000000000000
1517 	 0.00008019463805205466 	 0.00001142961896616530 	 0.00000000000000000000
1518 	 0.00008019463805205466 	 0.00001180581075617607 	 0.00000000000000000000
1519 	 0.00008019463805205466 	 0.00001141417842779308 	 0.00000000000000000000
1520 	 0.00008019463805205466 	 0.00000708374854202345 	 0.00000000000000000000
1521 	 0.00008034456838908214 	 0.00001223114628776833 	 0.00000000000000000000
1522 	 0.00008034456838908214 	 0.00001136553639218848 	 0.00000000000000000000
1523 	 0.00008034456838908214 	 0.00001168376076222805 	 0.00000000000000000000
1524 	 0.00008034456838908214 	 0.00001014264988803734 	 0.00000000000000000000
1525 	 0.00008034456838908214 	 0.00000999013071258123 	 0.00000000000000000000
1526 	 0.00008034456838908214 	 0.00000835710037160070 	 0.00000000000000000000
1527 	 0.00008043346281739012 	 0.00001085023418993251 	 0.00000000000000000000
1528 	 0.00008043346281739012 	 0.00001347142118475849 	 0.00000000000000000000
1529 	 0.00008043346281739012 	 0.00001284201024827531 	 0.00000000000000000000
1530 	 0.00008043346281739012 	 0.00001048895003989194 	 0.00000000000000000000
1531 	 0.00008043346281739012 	 0.00001230559832994032 	 0.00000000000000000000
1532 	 0.00008043346281739012 	 0.00001074100468203692 	 0.00000000000000000000
1533 	 0.00008043346281739012 	 0.00001184620935834957 	 0.00000000000000000000
1534 	 0.00008043346281739012 	 0.00001188241317880271 	 0.00000000000000000000
1535 	 0.00008043346281739012 	 0.00000732111093113912 	 0.00000000000000000000
1536 	 0.00008043346281739012 	 0.00000944627236057648 	 -0.00000000000000000000
1537 	 0.00008043346281739012 	 0.00001233321429120688 	 0.00000000000000000000
1538 	 0.00008043346281739012 	 0.00000902240103592607 	 0.00000000000000000000
1539 	 0.00008043346281739012 	 0.00001251645436237937 	 0.00000000000000000000
1540 	 0.00008043346281739012 	 0.00001297441215326950 	 0.00000000000000000000
1541 	 0.00008043346281739012 	 0.00000990015799345123 	 0.00000000000000000000
1542 	 0.00008043346281739012 	 0.00001316073076751505 	 0.00000000000000000000
1543 	 0.00008043346281739012 	 0.00000716287390605085 	 0.00000000000000000000
1544 	 0.00008043346281739012 	 0.00001461359655721345 	 0.00000000000000000000
1545 	 0.00008043346281739012 	 0.00001343144344359306 	 0.00000000000000000000
1546 	 0.00008043346281739012 	 0.00001101696091704232 	 0.00000000000000000000
1547 	 0.00008043346281739012 	 0.00000991214678914488 	 0.00000000000000000000
1548 	 0.00008043346281739012 	 0.00001355635384830088 	 0.00000000000000000000
1549 	 0.00008043346281739012 	 0.00000851491365587350 	 -0.00000000000000000000
1550 	 0.00008043346281739012 	 0.00001181185924281124 	 0.00000000000000000000
1551 	 0.00008043346281739012 	 0.00001238789402084646 	 0.00000000000000000000
1552 	 0.00008043346281739012 	 0.00001137850705912541 	 0.00000000000000000000
1553 	 0.00008043346281739012 	 0.00001164958006233426 	 0.00000000000000000000
1554 	 0.00008043346281739012 	 0.00001006808691052986 	 0.00000000000000000000
1555 	 0.00008058216602661023 	 0.00001148281981168985 	 0.00000000000000000000
1556 	 0.00008058216602661023 	 0.00001420738044154945 	 0.00000000000000000000
1557 	 0.00008058216602661023 	 0.00000855804728753374 	 0.00000000000000000000
1558 	 0.00008058216602661023 	 0.00001118759237878456 	 0.00000000000000000000
1559 	 0.00008058216602661023 	 0.00000874560661262441 	 0.00000000000000000000
1560 	 0.00008058216602661023 	 0.00000773138541171491 	 0.00000000000000000000
1561 	 0.00008058216602661023 	 0.00001188951484203408 	 -0.00000000000000000000
1562 	 0.00008058216602661023 	 0.00001192265712365204 	 0.00000000000000000000
1563 	 0.00008058216602661023 	 0.00000899816904666574 	 0.00000000000000000000
1564 	 0.00008058216602661023 	 0.00001358451621398832 	 -0.00000000000000000000
1565 	 0.00008058216602661023 	 0.00000936633122940503 	 0.00000000000000000000
1566 	 0.00008058216602661023 	 0.00001138051448041323 	 0.00000000000000000000
1567 	 0.00008058216602661023 	 0.00001723121302947784 	 0.00000000000000000000
1568 	 0.00008058216602661023 	 0.00001234885253985098 	 0.00000000000000000000
1569 	 0.00008060450847868319 	 0.00001398554986791425 	 0.00000000000000000000
1570 	 0.00008060450847868319 	 0.00000905544520950147 	 0.00000000000000000000
1571 	 0.00008060450847868319 	 0.00000978602050485033 	 0.00000000000000000000
1572 	 0.00008060450847868319 	 0.00000768682466870595 	 0.00000000000000000000
1573 	 0.00008060450847868319 	 0.00000704654598599856 	 -0.00000000000000000000
1574 	 0.00008060450847868319 	 0.00001068552152611466 	 0.00000000000000000000
1575 	 0.00008060450847868319 	 0.00001229990361845117 	 -0.00000000000000000000
1576 	 0.00008060450847868319 	 0.00001188279549740390 	 0.00000000000000000000
1577 	 0.00008060450847868319 	 0.00001393329879450027 	 0.00000000000000000000
1578 	 0.00008060450847868319 	 0.00000874295857931702 	 0.00000000000000000000
1579 	 0.00008060450847868319 	 0.00000974855823225266 	 0.00000000000000000000
1580 	 0.00008060450847868319 	 0.00001243690105210398 	 0.00000000000000000000
1581 	 0.00008060450847868319 	 0.00000905971055107302 	 -0.00000000000000000000
1582 	 0.00008060450847868319 	 0.00000881172688354437 	 0.00000000000000000000
1583 	 0.00008060450847868319 	 0.00001136841649321182 	 0.00000000000000000000
1584 	 0.00008060450847868319 	 0.00001020100225267896 	 0.00000000000000000000
1585 	 0.00008060450847868319 	 0.00000831872593928497 	 0.00000000000000000000
1586 	 0.00008060450847868319 	 0.00001221476212977562 	 0.00000000000000000000
1587 	 0.00008060450847868319 	 0.00001029964940427680 	 0.00000000000000000000
1588 	 0.00008060450847868319 	 0.00000700740658130824 	 0.00000000000000000000
1589 	 0.00008060450847868319 	 0.00000931094537941616 	 0.00000000000000000000
1590 	 0.00008060450847868319 	 0.00000915251698618896 	 0.00000000000000000000
1591 	 0.00008060450847868319 	 0.00001129808671054499 	 0.00000000000000000000
1592 	 0.00008060450847868319 	 0.00001172491947827713 	 0.00000000000000000000
1593 	 0.00008060450847868319 	 0.00001607611541634410 	 0.00000000000000000000
1594 	 0.00008060450847868319 	 0.00001210424399837732 	 0.00000000000000000000
1595 	 0.00008060450847868319 	 0.00001387940234524068 	 0.00000000000000000000
1596 	 0.00008060450847868319 	 0.00001135175610741069 	 -0.00000000000000000000
1597 	 0.00008060450847868319 	 0.00001269385558604127 	 0.00000000000000000000
1598 	 0.00008060450847868319 	 0.00000857674286412412 	 0.00000000000000000000
1599 	 0.00008060450847868319 	 0.00001009300197039328 	 0.00000000000000000000
1600 	 0.00008060450847868319 	 0.00001441742231354653 	 0.00000000000000000000
1601 	 0.00008060450847868319 	 0.00000938783176864851 	 0.00000000000000000000
1602 	 0.00008060450847868319 	 0.00000793019919694848 	 0.00000000000000000000
1603 	 0.00008060450847868319 	 0.00000651692409769705 	 0.00000000000000000000
1604 	 0.00008060450847868319 	 0.00001362032795712884 	 0.00000000000000000000
1605 	 0.00008060450847868319 	 0.00000920627746057195 	 0.00000000000000000000
1606 	 0.00008064001422319164 	 0.00001108200244536367 	 0.00000000000000000000
1607 	 0.00008064001422319164 	 0.00001112991134743433 	 0.00000000000000000000
1608 	 0.00008064001422319164 	 0.00000862634905458515 	 0.00000000000000000000
1609 	 0.00008064001422319164 	 0.00001280948840211362 	 0.00000000000000000000
1610 	 0.00008064001422319164 	 0.00001259914056263249 	 0.00000000000000000000
1611 	 0.00008064001422319164 	 0.00001459164271654593 	 0.00000000000000000000
1612 	 0.00008064001422319164 	 0.00000723721882354650 	 0.00000000000000000000
1613 	 0.00008077571088583949 	 0.00001452275517207214 	 0.00000000000000000000
1614 	 0.00008077571088583949 	 0.00001480401678547225 	 0.00000000000000000000
1615 	 0.00008077571088583949 	 0.00000790730545757401 	 0.00000000000000000000
1616 	 0.00008077571088583949 	 0.00001159094952305412 	 0.00000000000000000000
1617 	 0.00008077571088583949 	 0.00001277098802369075 	 0.00000000000000000000
1618 	 0.00008077571088583949 	 0.00001253246849471030 	 0.00000000000000000000
1619 	 0.00008077571088583949 	 0.00001311652100459103 	 -0.00000000000000000000
1620 	 0.00008077571088583949 	 0.00000817184267316372 	 0.00000000000000000000
1621 	 0.00008077571088583949 	 0.00001047377945558923 	 0.00000000000000000000
1622 	 0.00008077571088583949 	 0.00001542588376095693 	 0.00000000000000000000
1623 	 0.00008077571088583949 	 0.00001208161057871145 	 0.00000000000000000000
1624 	 0.00008077571088583949 	 0.00001036935473907320 	 0.00000000000000000000
1625 	 0.00008077571088583949 	 0.00001019470695504966 	 0.00000000000000000000
1626 	 0.00008077571088583949 	 0.00000942518500387803 	 0.00000000000000000000
1627 	 0.00008077571088583949 	 0.00000849328318877155 	 0.00000000000000000000
1628 	 0.00008077571088583949 	 0.00000819461651112526 	 0.00000000000000000000
1629 	 0.00008077571088583949 	 0.00000902801656834897 	 0.00000000000000000000
1630 	 0.00008077571088583949 	 0.00000835441886636287 	 -0.00000000000000000000
1631 	 0.00008077571088583949 	 0.00001132737145132900 	 0.00000000000000000000
1632 	 0.00008077571088583949 	 0.00001035672721783192 	 0.00000000000000000000
1633 	 0.00008077571088583949 	 0.00000921382416203462 	 0.00000000000000000000
1634 	 0.00008077571088583949 	 0.00001103989780981665 	 0.00000000000000000000
1635 	 0.00008077571088583949 	 0.00001155309259349395 	 0.00000000000000000000
1636 	 0.00008077571088583949 	 0.00000921311343824122 	 0.00000000000000000000
1637 	 0.00008077571088583949 	 0.00000890074189496126 	 0.00000000000000000000
1638 	 0.00008077571088583949 	 0.00000868641081548380 	 0.00000000000000000000
1639 	 0.00008077571088583949 	 0.00001264561413866989 	 0.00000000000000000000
1640 	 0.00008077571088583949 	 0.00001067330479849688 	 0.00000000000000000000
1641 	 0.00008077571088583949 	 0.00001238385118808746 	 -0.00000000000000000000
1642 	 0.00008077571088583949 	 0.00001407946968415043 	 0.00000000000000000000
1643 	 0.00008077571088583949 	 0.00001099141569099055 	 0.00000000000000000000
1644 	 0.00008077571088583949 	 0.00001086584510768506 	 0.00000000000000000000
1645 	 0.00008077571088583949 	 0.00001131742977759100 	 0.00000000000000000000
1646 	 0.00008077571088583949 	 0.00001243472690980607 	 0.00000000000000000000
1647 	 0.00008077571088583949 	 0.00000706207828057543 	 0.00000000000000000000
1648 	 0.00008077571088583949 	 0.00001224899258103631 	 0.00000000000000000000
1649 	 0.00008077571088583949 	 0.00001168105955816613 	 0.00000000000000000000
1650 	 0.00008077571088583949 	 0.00000947418520502986 	 0.00000000000000000000
1651 	 0.00008077571088583949 	 0.00000911606312541462 	 0.00000000000000000000
1652 	 0.00008077571088583949 	 0.00001443098782495322 	 0.00000000000000000000
1653 	 0.00008077571088583949 	 0.00000908840378664337 	 0.00000000000000000000
1654 	 0.00008077571088583949 	 0.00000984108483750587 	 0.00000000000000000000
1655 	 0.00008077571088583949 	 0.00001471181002732027 	 0.00000000000000000000
1656 	 0.00008077571088583949 	 0.00001215862547945027 	 -0.00000000000000000000
1657 	 0.00008077571088583949 	 0.00001090544518902850 	 0.00000000000000000000
1658 	 0.00008077571088583949 	 0.00000721226899763450 	 0.00000000000000000000
1659 	 0.00008077571088583949 	 0.00001277828442407233 	 0.00000000000000000000
1660 	 0.00008077571088583949 	 0.00001157107519433401 	 0.00000000000000000000
1661 	 0.00008077571088583949 	 0.00000895148452556198 	 0.00000000000000000000
1662 	 0.00008077571088583949 	 0.00001032920491416918 	 0.00000000000000000000
1663 	 0.00008077571088583949 	 0.00001034319021510276 	 0.00000000000000000000
1664 	 0.00008077571088583949 	 0.00001315898022892270 	 0.00000000000000000000
1665 	 0.00008077571088583949 	 0.00000948785193577249 	 0.00000000000000000000
1666 	 0.00008077571088583949 	 0.00000923305463817672 	 0.00000000000000000000
1667 	 0.00008077571088583949 	 0.00000968932526349408 	 0.00000000000000000000
1668 	 0.00008077571088583949 	 0.00000770712718563263 	 0.00000000000000000000
1669 	 0.00008077571088583949 	 0.00001326576932988691 	 -0.00000000000000000000
1670 	 0.00008077571088583949 	 0.00001474147693401537 	 0.00000000000000000000
1671 	 0.00008077571088583949 	 0.00001394384033301343 	 0.00000000000000000000
1672 	 0.00008077571088583949 	 0.00001453682760380806 	 0.00000000000000000000
1673 	 0.00008077571088583949 	 0.00001052010291835529 	 0.00000000000000000000
1674 	 0.00008077571088583949 	 0.00001131215612077103 	 0.00000000000000000000
1675 	 0.00008077571088583949 	 0.00001170468667587482 	 0.00000000000000000000
1676 	 0.00008077571088583949 	 0.00000834406269728086 	 0.00000000000000000000
1677 	 0.00008077571088583949 	 0.00000984026305808420 	 0.00000000000000000000
1678 	 0.00008077571088583949 	 0.00000916908232460185 	 0.00000000000000000000
1679 	 0.00008077571088583949 	 0.00001228997712834021 	 0.00000000000000000000
1680 	 0.00008077571088583949 	 0.00001025262287420696 	 0.00000000000000000000
1681 	 0.00008077571088583949 	 0.00001243472072695510 	 0.00000000000000000000
1682 	 0.00008077571088583949 	 0.00000750867581361935 	 -0.00000000000000000000
1683 	 0.00008077571088583949 	 0.00001466442213420343 	 0.00000000000000000000
1684 	 0.00008077571088583949 	 0.00001023092845489074 	 0.00000000000000000000
1685 	 0.00008077571088583949 	 0.00001181409335094969 	 0.00000000000000000000
1686 	 0.00008077571088583949 	 0.00000771232636450238 	 0.00000000000000000000
1687 	 0.00008077571088583949 	 0.00000685732845141690 	 0.00000000000000000000
1688 	 0.00008077571088583949 	 0.00000909194441717336 	 0.00000000000000000000
1689 	 0.00008077571088583949 	 0.00001063066659707386 	 -0.00000000000000000000
1690 	 0.00008077571088583949 	 0.00000851615272835218 	 0.00000000000000000000
1691 	 0.00008077571088583949 	 0.00001209940631056505 	 0.00000000000000000000
1692 	 0.00008077571088583949 	 0.00000984558790048679 	 0.00000000000000000000
1693 	 0.00008077571088583949 	 0.00001190687690205775 	 -0.00000000000000000000
1694 	 0.00008077571088583949 	 0.00001071507049142073 	 0.00000000000000000000
1695 	 0.00008077571088583949 	 0.00001105187328078956 	 0.00000000000000000000
1696 	 0.00008077571088583949 	 0.00000999662784380665 	 -0.00000000000000000000
1697 	 0.00008077571088583949 	 0.00000731814937071913 	 0.00000000000000000000
1698 	 0.00008077571088583949 	 0.00001404661171690652 	 0.00000000000000000000
1699 	 0.00008077571088583949 	 0.00001370999358226715 	 0.00000000000000000000
1700 	 0.00008077571088583949 	 0.00001249633428223924 	 0.00000000000000000000
1701 	 0.00008077571088583949 	 0.00001182108028850094 	 0.00000000000000000000
1702 	 0.00008077571088583949 	 0.00001205382100825036 	 0.00000000000000000000
1703 	 0.00008077571088583949 	 0.00001120574839083516 	 0.00000000000000000000
1704 	 0.00008077571088583949 	 0.00001386630951765418 	 0.00000000000000000000
1705 	 0.00008077571088583949 	 0.00001412876624578577 	 0.00000000000000000000
1706 	 0.00008077571088583949 	 0.00001055552760381642 	 0.00000000000000000000
1707 	 0.00008077571088583949 	 0.00001214337071580640 	 0.00000000000000000000
1708 	 0.00008077571088583949 	 0.00001162764114167488 	 0.00000000000000000000
1709 	 0.00008077571088583949 	 0.00001253900354118244 	 0.00000000000000000000
1710 	 0.00008077571088583949 	 0.00001252888227504268 	 0.00000000000000000000
1711 	 0.00008077571088583949 	 0.00001163564644973939 	 0.00000000000000000000
1712 	 0.00008077571088583949 	 0.00001132676641525685 	 0.00000000000000000000
1713 	 0.00008077571088583949 	 0.00000954024817359319 	 0.00000000000000000000
1714 	 0.00008077571088583949 	 0.00000832662414836032 	 0.00000000000000000000
1715 	 0.00008077571088583949 	 0.00001145937468609115 	 0.00000000000000000000
1716 	 0.00008077571088583949 	 0.00000982374304508142 	 -0.00000000000000000000
1717 	 0.00008077571088583949 	 0.00001353696446761802 	 0.00000000000000000000
1718 	 0.00008077571088583949 	 0.00001128909367497704 	 0.00000000000000000000
1719 	 0.00008077571088583949 	 0.00000955309838505766 	 -0.00000000000000000000
1720 	 0.00008077571088583949 	 0.00001216788078401078 	 0.00000000000000000000
1721 	 0.00008077571088583949 	 0.00000713522132550526 	 0.00000000000000000000
1722 	 0.00008077571088583949 	 0.00000735674911011174 	 0.00000000000000000000
1723 	 0.00008077571088583949 	 0.00001002511520002498 	 0.00000000000000000000
1724 	 0.00008077571088583949 	 0.00001274920908109973 	 -0.00000000000000000000
1725 	 0.00008077571088583949 	 0.00001243130581008053 	 0.00000000000000000000
1726 	 0.00008077571088583949 	 0.00000902346732107146 	 0.00000000000000000000
1727 	 0.00008077571088583949 	 0.00000763877128475019 	 0.00000000000000000000
1728 	 0.00008077571088583949 	 0.00000923554805241754 	 0.00000000000000000000
1729 	 0.00008077571088583949 	 0.00001064748352116563 	 -0.00000000000000000000
1730 	 0.00008077571088583949 	 0.00000886167836211144 	 0.00000000000000000000
1731 	 0.00008077571088583949 	 0.00001006119664615545 	 -0.00000000000000000000
1732 	 0.00008077571088583949 	 0.00000713430190103150 	 0.00000000000000000000
1733 	 0.00008077571088583949 	 0.00001135814533480713 	 0.00000000000000000000
1734 	 0.00008077571088583949 	 0.00001000328996290734 	 0.00000000000000000000
1735 	 0.00008077571088583949 	 0.00001004304337074830 	 0.00000000000000000000
1736 	 0.00008077571088583949 	 0.00000997598488360109 	 0.00000000000000000000
1737 	 0.00008077571088583949 	 0.00001040027346505236 	 -0.00000000000000000000
1738 	 0.00008077571088583949 	 0.00000870139598402657 	 0.00000000000000000000
1739 	 0.00008077571088583949 	 0.00000896313782187367 	 -0.00000000000000000000
1740 	 0.00008077571088583949 	 0.00001219300419340969 	 0.00000000000000000000
1741 	 0.00008077571088583949 	 0.00001450414571799285 	 0.00000000000000000000
1742 	 0.00008077571088583949 	 0.00000887359884374281 	 0.00000000000000000000
1743 	 0.00008077571088583949 	 0.00001144359545794597 	 0.00000000000000000000
1744 	 0.00008077571088583949 	 0.00001443782843105019 	 0.00000000000000000000
1745 	 0.00008077571088583949 	 0.00001180876716066669 	 0.00000000000000000000
1746 	 0.00008077571088583949 	 0.00001124365785289099 	 0.00000000000000000000
1747 	 0.00008077571088583949 	 0.00000849391248045189 	 0.00000000000000000000
1748 	 0.00008077571088583949 	 0.00000876606361896430 	 0.00000000000000000000
1749 	 0.00008077571088583949 	 0.00001082588172150009 	 0.00000000000000000000
1750 	 0.00008077571088583949 	 0.00000914467201091489 	 -0.00000000000000000000
1751 	 0.00008077571088583949 	 0.00001437999499605969 	 0.00000000000000000000
1752 	 0.00008077571088583949 	 0.00001025661437426861 	 0.00000000000000000000
1753 	 0.00008077571088583949 	 0.00001196247433521420 	 0.00000000000000000000
1754 	 0.00008077571088583949 	 0.00001139339366323020 	 0.00000000000000000000
1755 	 0.00008077571088583949 	 0.00001075895611373288 	 -0.00000000000000000000
1756 	 0.00008077571088583949 	 0.00001191722762769072 	 0.00000000000000000000
1757 	 0.00008077571088583949 	 0.00000918240690518573 	 0.00000000000000000000
1758 	 0.00008077571088583949 	 0.00001223852839711893 	 0.00000000000000000000
1759 	 0.00008077571088583949 	 0.00000959217763336580 	 0.00000000000000000000
1760 	 0.00008077571088583949 	 0.00001195188473069480 	 0.00000000000000000000
1761 	 0.00008077571088583949 	 0.00000987975235052830 	 0.00000000000000000000
1762 	 0.00008077571088583949 	 0.00000942922199008163 	 0.00000000000000000000
1763 	 0.00008077571088583949 	 0.00001101055549577053 	 -0.00000000000000000000
1764 	 0.00008077571088583949 	 0.00001188661029421934 	 0.00000000000000000000
1765 	 0.00008077571088583949 	 0.00000968276932641451 	 0.00000000000000000000
1766 	 0.00008077571088583949 	 0.00000893698625897769 	 0.00000000000000000000
1767 	 0.00008077571088583949 	 0.00000707115434889669 	 0.00000000000000000000
1768 	 0.00008077571088583949 	 0.00001052816212933823 	 -0.00000000000000000000
1769 	 0.00008077571088583949 	 0.00001609180395051308 	 0.00000000000000000000
1770 	 0.00008077571088583949 	 0.00000796361472721004 	 0.00000000000000000000
1771 	 0.00008077571088583949 	 0.00001202088066276679 	 0.00000000000000000000
1772 	 0.00008077571088583949 	 0.00001256768207890123 	 0.00000000000000000000
1773 	 0.00008077571088583949 	 0.00001281553306525040 	 -0.00000000000000000000
1774 	 0.00008077571088583949 	 0.00001224146752351573 	 0.00000000000000000000
1775 	 0.00008077571088583949 	 0.00001397970126377059 	 -0.00000000000000000000
1776 	 0.00008077571088583949 	 0.00001167704386771762 	 0.00000000000000000000
1777 	 0.00008077571088583949 	 0.00000883846632209106 	 0.00000000000000000000
1778 	 0.00008077571088583949 	 0.00001159088517764040 	 0.00000000000000000000
1779 	 0.00008077571088583949 	 0.00001056757395526709 	 0.00000000000000000000
1780 	 0.00008077571088583949 	 0.00001030076312334218 	 -0.00000000000000000000
1781 	 0.00008077571088583949 	 0.00000914373065896260 	 -0.00000000000000000000
1782 	 0.00008077571088583949 	 0.00000856081414221547 	 0.00000000000000000000
1783 	 0.00008077571088583949 	 0.00000906244814858619 	 0.00000000000000000000
1784 	 0.00008077571088583949 	 0.00001061158606808256 	 0.00000000000000000000
1785 	 0.00008077571088583949 	 0.00001208017552551373 	 0.00000000000000000000
1786 	 0.00008077571088583949 	 0.00000908853198601672 	 -0.00000000000000000000
1787 	 0.00008077571088583949 	 0.00001258786584582584 	 0.00000000000000000000
1788 	 0.00008077571088583949 	 0.00000886125081476578 	 0.00000000000000000000
1789 	 0.00008077571088583949 	 0.00000886963197535078 	 0.00000000000000000000
1790 	 0.00008077571088583949 	 0.00000981009509972520 	 0.00000000000000000000
1791 	 0.00008077571088583949 	 0.00001317499257406304 	 0.00000000000000000000
1792 	 0.00008077571088583949 	 0.00001152293888040741 	 0.00000000000000000000
1793 	 0.00008077571088583949 	 0.00001041737989115896 	 0.00000000000000000000
1794 	 0.00008077571088583949 	 0.00000877779552089221 	 0.00000000000000000000
1795 	 0.00008077571088583949 	 0.00001022825276678581 	 0.00000000000000000000
1796 	 0.00008077571088583949 	 0.00001094488247978845 	 0.00000000000000000000
1797 	 0.00008077571088583949 	 0.00001086359365756628 	 0.00000000000000000000
1798 	 0.00008077571088583949 	 0.00001290059870774943 	 0.00000000000000000000
1799 	 0.00008077571088583949 	 0.00000767205739198712 	 0.00000000000000000000
1800 	 0.00008077571088583949 	 0.00000855410728528106 	 0.00000000000000000000
1801 	 0.00008077571088583949 	 0.00001472007014719051 	 0.00000000000000000000
1802 	 0.00008077571088583949 	 0.00001134582865741659 	 0.00000000000000000000
1803 	 0.00008077571088583949 	 0.00001024090434642265 	 0.00000000000000000000
1804 	 0.00008077571088583949 	 0.00000977818829520429 	 -0.00000000000000000000
1805 	 0.00008077571088583949 	 0.00000885071541582762 	 0.00000000000000000000
1806 	 0.00008077571088583949 	 0.00002120845688433704 	 0.00000000000000000000
1807 	 0.00008077571088583949 	 0.00000994148877701618 	 0.00000000000000000000
1808 	 0.00008077571088583949 	 0.00000709757779850709 	 0.00000000000000000000
1809 	 0.00008077571088583949 	 0.00001192949487184371 	 0.00000000000000000000
1810 	 0.00008077571088583949 	 0.00001282276753632013 	 0.00000000000000000000
1811 	 0.00008077571088583949 	 0.00000722365208916983 	 -0.00000000000000000000
1812 	 0.00008077571088583949 	 0.00001145841980773487 	 0.00000000000000000000
1813 	 0.00008077571088583949 	 0.00001066844689196411 	 0.00000000000000000000
1814 	 0.00008077571088583949 	 0.00000957400888999762 	 -0.00000000000000000000
1815 	 0.00008077571088583949 	 0.00001006019246718444 	 0.00000000000000000000
1816 	 0.00008077571088583949 	 0.00001233159774126171 	 -0.00000000000000000000
1817 	 0.00008077571088583949 	 0.00001091447686079455 	 0.00000000000000000000
1818 	 0.00008077571088583949 	 0.00000990731089847309 	 0.00000000000000000000
1819 	 0.00008077571088583949 	 0.00000945441134634681 	 0.00000000000000000000
1820 	 0.00008077571088583949 	 0.00001045784181849642 	 0.00000000000000000000
1821 	 0.00008077571088583949 	 0.00000883137219874876 	 0.00000000000000000000
1822 	 0.00008077571088583949 	 0.00000920685016978564 	 0.00000000000000000000
1823 	 0.00008077571088583949 	 0.00001021840889706044 	 0.00000000000000000000
1824 	 0.00008077571088583949 	 0.00001294648995771314 	 0.00000000000000000000
1825 	 0.00008077571088583949 	 0.00000812887601051715 	 0.00000000000000000000
1826 	 0.00008077571088583949 	 0.00000977224774368269 	 0.00000000000000000000
1827 	 0.00008077571088583949 	 0.00000712676400475950 	 0.00000000000000000000
1828 	 0.00008077571088583949 	 0.00001297376548652497 	 0.00000000000000000000
1829 	 0.00008077571088583949 	 0.00001106045274346859 	 0.00000000000000000000
1830 	 0.00008077571088583949 	 0.00001669499422327709 	 0.00000000000000000000
1831 	 0.00008077571088583949 	 0.00000932328176374860 	 0.00000000000000000000
1832 	 0.00008077571088583949 	 0.00001354497402458543 	 0.00000000000000000000
1833 	 0.00008077571088583949 	 0.00000849862102988382 	 0.00000000000000000000
1834 	 0.00008077571088583949 	 0.00001391892331369140 	 0.00000000000000000000
1835 	 0.00008077571088583949 	 0.00000826383544937050 	 0.00000000000000000000
1836 	 0.00008077571088583949 	 0.00001048212044327862 	 0.00000000000000000000
1837 	 0.00008077571088583949 	 0.00000728578503540637 	 0.00000000000000000000
1838 	 0.00008077571088583949 	 0.00000991857493062258 	 0.00000000000000000000
1839 	 0.00008077571088583949 	 0.00001114541859882698 	 0.00000000000000000000
1840 	 0.00008077571088583949 	 0.00001385648315033274 	 -0.00000000000000000000
1841 	 0.00008077571088583949 	 0.00001224070242935738 	 0.00000000000000000000
1842 	 0.00008077571088583949 	 0.00000871936241842021 	 0.00000000000000000000
1843 	 0.00008077571088583949 	 0.00000738922131355838 	 0.00000000000000000000
1844 	 0.00008077571088583949 	 0.00001020917816186409 	 0.00000000000000000000
1845 	 0.00008077571088583949 	 0.00000783016969638248 	 -0.00000000000000000000
1846 	 0.00008077571088583949 	 0.00001038917293393745 	 0.00000000000000000000
1847 	 0.00008077571088583949 	 0.00001383646659402045 	 0.00000000000000000000
1848 	 0.00008077571088583949 	 0.00000948223511916777 	 0.00000000000000000000
1849 	 0.00008077571088583949 	 0.00000995801853424202 	 0.00000000000000000000
1850 	 0.00008077571088583949 	 0.00001207154319592220 	 -0.00000000000000000000
1851 	 0.00008077571088583949 	 0.00001246129580435299 	 -0.00000000000000000000
1852 	 0.00008077571088583949 	 0.00000915202199445508 	 0.00000000000000000000
1853 	 0.00008077571088583949 	 0.00001253388485685968 	 0.00000000000000000000
1854 	 0.00008077571088583949 	 0.00000983503363079763 	 0.00000000000000000000
1855 	 0.00008077571088583949 	 0.00001007281478719106 	 0.00000000000000000000
1856 	 0.00008077571088583949 	 0.00001363876661579445 	 0.00000000000000000000
1857 	 0.00008077571088583949 	 0.00001426784786393319 	 0.00000000000000000000
1858 	 0.00008077571088583949 	 0.00001011388088552901 	 0.00000000000000000000
1859 	 0.00008077571088583949 	 0.00001120586291994446 	 0.00000000000000000000
1860 	 0.00008077571088583949 	 0.00000903924052764566 	 0.00000000000000000000
1861 	 0.00008077571088583949 	 0.00001015233640129429 	 0.00000000000000000000
1862 	 0.00008077571088583949 	 0.00000855746979760693 	 0.00000000000000000000
1863 	 0.00008077571088583949 	 0.00001224878574736239 	 0.00000000000000000000
1864 	 0.00008077571088583949 	 0.00001499009026993765 	 0.00000000000000000000
1865 	 0.00008077571088583949 	 0.00000943071251337425 	 -0.00000000000000000000
1866 	 0.00008077571088583949 	 0.00000894793590890079 	 0.00000000000000000000
1867 	 0.00008077571088583949 	 0.00000830994011891822 	 0.00000000000000000000
1868 	 0.00008077571088583949 	 0.00000874693411916471 	 0.00000000000000000000
1869 	 0.00008077571088583949 	 0.00001037978206185185 	 0.00000000000000000000
1870 	 0.00008077571088583949 	 0.00000750871856126297 	 0.00000000000000000000
1871 	 0.00008077571088583949 	 0.00001116116762364048 	 0.00000000000000000000
1872 	 0.00008077571088583949 	 0.00001129884748083935 	 0.00000000000000000000
1873 	 0.00008077571088583949 	 0.00001190476696900670 	 0.00000000000000000000
1874 	 0.00008077571088583949 	 0.00000936428786469528 	 -0.00000000000000000000
1875 	 0.00008077571088583949 	 0.00001571580044716419 	 -0.00000000000000000000
1876 	 0.00008077571088583949 	 0.00001118137104470859 	 0.00000000000000000000
1877 	 0.00008077571088583949 	 0.00000967930641722684 	 -0.00000000000000000000
1878 	 0.00008077571088583949 	 0.00000952501436316558 	 0.00000000000000000000
1879 	 0.00008077571088583949 	 0.00001003605609943974 	 0.00000000000000000000
1880 	 0.00008077571088583949 	 0.00000849092122000270 	 -0.00000000000000000000
1881 	 0.00008077571088583949 	 0.00000907404036938564 	 -0.00000000000000000000
1882 	 0.00008077571088583949 	 0.00000856118437723997 	 0.00000000000000000000
1883 	 0.00008077571088583949 	 0.00001062629319326989 	 0.00000000000000000000
1884 	 0.00008077571088583949 	 0.00001036305539351494 	 0.00000000000000000000
1885 	 0.00008077571088583949 	 0.00001247259825715218 	 0.00000000000000000000
1886 	 0.00008077571088583949 	 0.00000827052450202335 	 -0.00000000000000000000
1887 	 0.00008077571088583949 	 0.00001149718773912107 	 0.00000000000000000000
1888 	 0.00008077571088583949 	 0.00001057484558849373 	 0.00000000000000000000
1889 	 0.00008077571088583949 	 0.00001296457164665859 	 0.00000000000000000000
1890 	 0.00008077571088583949 	 0.00001057092543756173 	 0.00000000000000000000
1891 	 0.00008077571088583949 	 0.00001459188977042812 	 0.00000000000000000000
1892 	 0.00008077571088583949 	 0.00001070210899889932 	 0.00000000000000000000
1893 	 0.00008077571088583949 	 0.00000929953785880480 	 0.00000000000000000000
1894 	 0.00008077571088583949 	 0.00000832421502253885 	 0.00000000000000000000
1895 	 0.00008077571088583949 	 0.00001489210032498355 	 0.00000000000000000000
1896 	 0.00008077571088583949 	 0.00001063500220176344 	 0.00000000000000000000
1897 	 0.00008077571088583949 	 0.00000865828676977880 	 0.00000000000000000000
1898 	 0.00008077571088583949 	 0.00000835333543824317 	 0.00000000000000000000
1899 	 0.00008077571088583949 	 0.00001264393894075403 	 0.00000000000000000000
1900 	 0.00008077571088583949 	 0.00001031935048660718 	 0.00000000000000000000
1901 	 0.00008077571088583949 	 0.00001278302954318934 	 0.00000000000000000000
1902 	 0.00008077571088583949 	 0.00000792564979155496 	 0.00000000000000000000
1903 	 0.00008077571088583949 	 0.00000928832838235303 	 0.00000000000000000000
1904 	 0.00008077571088583949 	 0.00001053256071809172 	 0.00000000000000000000
1905 	 0.00008077571088583949 	 0.00001280913371645002 	 0.00000000000000000000
1906 	 0.00008077571088583949 	 0.00001197485977756646 	 0.00000000000000000000
1907 	 0.00008077571088583949 	 0.00000857113020943870 	 0.00000000000000000000
1908 	 0.00008077571088583949 	 0.00000772196946871175 	 -0.00000000000000000000
1909 	 0.00008077571088583949 	 0.00001247468168257616 	 0.00000000000000000000
1910 	 0.00008077571088583949 	 0.00000811061038471031 	 0.00000000000000000000
1911 	 0.00008077571088583949 	 0.00000944957652692019 	 0.00000000000000000000
1912 	 0.00008077571088583949 	 0.00000910423653564222 	 0.00000000000000000000
1913 	 0.00008077571088583949 	 0.00000941874663716792 	 0.00000000000000000000
1914 	 0.00008077571088583949 	 0.00000687092247528143 	 0.00000000000000000000
1915 	 0.00008077571088583949 	 0.00001108471975585994 	 0.00000000000000000000
1916 	 0.00008077571088583949 	 0.00001161666696734919 	 0.00000000000000000000
1917 	 0.00008077571088583949 	 0.00001015268048666051 	 -0.00000000000000000000
1918 	 0.00008077571088583949 	 0.00000699945823839102 	 0.00000000000000000000
1919 	 0.00008077571088583949 	 0.00000899918206563088 	 0.00000000000000000000
1920 	 0.00008077571088583949 	 0.00001104326275297838 	 0.00000000000000000000
1921 	 0.00008077571088583949 	 0.00000744132803119532 	 0.00000000000000000000
1922 	 0.00008077571088583949 	 0.00000896964713934975 	 0.00000000000000000000
1923 	 0.00008077571088583949 	 0.00001420134339701622 	 -0.00000000000000000000
1924 	 0.00008077571088583949 	 0.00000759717319782945 	 0.00000000000000000000
1925 	 0.00008077571088583949 	 0.00000881297405810391 	 0.00000000000000000000
1926 	 0.00008077571088583949 	 0.00001022517120861357 	 0.00000000000000000000
1927 	 0.00008077571088583949 	 0.00001109038231472920 	 -0.00000000000000000000
1928 	 0.00008077571088583949 	 0.00001182918321493079 	 0.00000000000000000000
1929 	 0.00008077571088583949 	 0.00001369771129158390 	 -0.00000000000000000000
1930 	 0.00008077571088583949 	 0.00000995326945570820 	 0.00000000000000000000
1931 	 0.00008077571088583949 	 0.00001049219698999767 	 0.00000000000000000000
1932 	 0.00008077571088583949 	 0.00000916928461259021 	 0.00000000000000000000
1933 	 0.00008077571088583949 	 0.00000900103853939604 	 0.00000000000000000000
1934 	 0.00008077571088583949 	 0.00001299437480929096 	 -0.00000000000000000000
1935 	 0.00008077571088583949 	 0.00000802539817362296 	 0.00000000000000000000
1936 	 0.00008077571088583949 	 0.00001315360152916371 	 -0.00000000000000000000
1937 	 0.00008077571088583949 	 0.00001242720396261236 	 0.00000000000000000000
1938 	 0.00008077571088583949 	 0.00001589605147804842 	 0.00000000000000000000
1939 	 0.00008077571088583949 	 0.00001183090991956963 	 0.00000000000000000000
1940 	 0.00008077571088583949 	 0.00001133381537015992 	 -0.00000000000000000000
1941 	 0.00008077571088583949 	 0.00001421876890620536 	 0.00000000000000000000
1942 	 0.00008077571088583949 	 0.00001171938725866230 	 0.00000000000000000000
1943 	 0.00008077571088583949 	 0.00000726191681809340 	 0.00000000000000000000
1944 	 0.00008077571088583949 	 0.00001950329674684714 	 0.00000000000000000000
1945 	 0.00008077571088583949 	 0.00001093496349341696 	 -0.00000000000000000000
1946 	 0.00008077571088583949 	 0.00001549264454983961 	 0.00000000000000000000
1947 	 0.00008077571088583949 	 0.00000963561758810507 	 0.00000000000000000000
1948 	 0.00008077571088583949 	 0.00001295072377339391 	 0.00000000000000000000
1949 	 0.00008077571088583949 	 0.00001333002327335835 	 0.00000000000000000000
1950 	 0.00008077571088583949 	 0.00001098941727537417 	 0.00000000000000000000
1951 	 0.00008077571088583949 	 0.00001302609175634324 	 0.00000000000000000000
1952 	 0.00008077571088583949 	 0.00001022803481573715 	 0.00000000000000000000
1953 	 0.00008077571088583949 	 0.00000664403614149619 	 0.00000000000000000000
1954 	 0.00008077571088583949 	 0.00000892975424533170 	 0.00000000000000000000
1955 	 0.00008077571088583949 	 0.00001469174817704855 	 0.00000000000000000000
1956 	 0.00008077571088583949 	 0.00001042116423675192 	 0.00000000000000000000
1957 	 0.00008077571088583949 	 0.00000843304987759526 	 0.00000000000000000000
1958 	 0.00008077571088583949 	 0.00000961944598633662 	 0.00000000000000000000
1959 	 0.00008077571088583949 	 0.00000913826866023670 	 0.00000000000000000000
1960 	 0.00008077571088583949 	 0.00001471803930394671 	 0.00000000000000000000
1961 	 0.00008098754245886690 	 0.00001256774670681077 	 0.00000000000000000000
1962 	 0.00008098754245886690 	 0.00000992943810905339 	 0.00000000000000000000
1963 	 0.00008098754245886690 	 0.00001429459012935777 	 0.00000000000000000000
1964 	 0.00008098754245886690 	 0.00001047798925304390 	 0.00000000000000000000
1965 	 0.00008098754245886690 	 0.00000882216197166212 	 0.00000000000000000000
1966 	 0.00008098754245886690 	 0.00001188350968051407 	 0.00000000000000000000
1967 	 0.00008098754245886690 	 0.00001130459725835159 	 0.00000000000000000000
1968 	 0.00008098754245886690 	 0.00000808741394873984 	 0.00000000000000000000
1969 	 0.00008098754245886690 	 0.00001053063759553106 	 0.00000000000000000000
1970 	 0.00008098754245886690 	 0.00000952213788658981 	 0.00000000000000000000
1971 	 0.00008098754245886690 	 0.00000997648396675815 	 -0.00000000000000000000
1972 	 0.00008098754245886690 	 0.00001121594891559818 	 0.00000000000000000000
1973 	 0.00008098754245886690 	 0.00000834819793938678 	 0.00000000000000000000
1974 	 0.00008098754245886690 	 0.00001292355488685846 	 0.00000000000000000000
1975 	 0.00008098754245886690 	 0.00000719296315295675 	 0.00000000000000000000
1976 	 0.00008098754245886690 	 0.00001139695785177182 	 0.00000000000000000000
1977 	 0.00008098754245886690 	 0.00000942147079751522 	 0.00000000000000000000
1978 	 0.00008098754245886690 	 0.00001164488604344668 	 -0.00000000000000000000
1979 	 0.00008101675502886320 	 0.00001107405975741962 	 0.00000000000000000000
1980 	 0.00008101675502886320 	 0.00000998806243802007 	 0.00000000000000000000
1981 	 0.00008101675502886320 	 0.00001094253212891903 	 -0.00000000000000000000
1982 	 0.00008122090987852071 	 0.00001160600722712529 	 0.00000000000000000000
1983 	 0.00008122090987852071 	 0.00000829347296822922 	 0.00000000000000000000
1984 	 0.00008122090987852071 	 0.00000962551356290632 	 0.00000000000000000000
1985 	 0.00008122090987852071 	 0.00000867968110808395 	 -0.00000000000000000000
1986 	 0.00008122090987852071 	 0.00001372174079398980 	 0.00000000000000000000
1987 	 0.00008122090987852071 	 0.00001332644771559403 	 0.00000000000000000000
1988 	 0.00008122090987852071 	 0.00001091517052787265 	 0.00000000000000000000
1989 	 0.00008122090987852071 	 0.00000744628566467384 	 0.00000000000000000000
1990 	 0.00008122090987852071 	 0.00000973105565659568 	 0.00000000000000000000
1991 	 0.00008140251031090014 	 0.00001023721224314936 	 0.00000000000000000000
1992 	 0.00008140251031090014 	 0.00001321737490316980 	 -0.00000000000000000000
1993 	 0.00008140251031090014 	 0.00001067871201773370 	 0.00000000000000000000
1994 	 0.00008140251031090014 	 0.00000953711508468807 	 0.00000000000000000000
1995 	 0.00008141740305330031 	 0.00001141652773323105 	 0.00000000000000000000
1996 	 0.00008141740305330031 	 0.00001175078271982751 	 0.00000000000000000000
1997 	 0.00008141740305330031 	 0.00000736967248397761 	 0.00000000000000000000
1998 	 0.00008141740305330031 	 0.00001582653321431144 	 0.00000000000000000000
1999 	 0.00008141740305330031 	 0.00000804924004255722 	 0.00000000000000000000
2000 	 0.00008141740305330031 	 0.00000915508947542752 	 0.00000000000000000000
2001 	 0.00008141740305330031 	 0.00000861281418689152 	 0.00000000000000000000
2002 	 0.00008143287667570618 	 0.00001156820223217407 	 -0.00000000000000000000
2003 	 0.00008143287667570618 	 0.00001173284549017737 	 -0.00000000000000000000
2004 	 0.00008153896775193041 	 0.00001312709168633820 	 0.00000000000000000000
2005 	 0.00008153896775193041 	 0.00000927570206285194 	 0.00000000000000000000
2006 	 0.00008164677497566803 	 0.00001216567857675371 	 0.00000000000000000000
2007 	 0.00008164677497566803 	 0.00001183577360560336 	 0.00000000000000000000
2008 	 0.00008164677497566803 	 0.00001088168115233579 	 0.00000000000000000000
2009 	 0.00008164677497566803 	 0.00001044900341286818 	 0.00000000000000000000
2010 	 0.00008164677497566803 	 0.00000917442032317800 	 0.00000000000000000000
2011 	 0.00008164677497566803 	 0.00001025087297233443 	 0.00000000000000000000
2012 	 0.00008164677497566803 	 0.00001734787983740954 	 0.00000000000000000000
2013 	 0.00008164677497566803 	 0.00001379992544277107 	 0.00000000000000000000
2014 	 0.00008164677497566803 	 0.00001036641369910527 	 -0.00000000000000000000
2015 	 0.00008164677497566803 	 0.00001364994299974793 	 0.00000000000000000000
2016 	 0.00008164677497566803 	 0.00001234951048090061 	 0.00000000000000000000
2017 	 0.00008164677497566803 	 0.00001049530786515053 	 0.00000000000000000000
2018 	 0.00008164677497566803 	 0.00001557431952677988 	 -0.00000000000000000000
2019 	 0.00008164677497566803 	 0.00000987751281861636 	 0.00000000000000000000
2020 	 0.00008164677497566803 	 0.00001361770917453541 	 -0.00000000000000000000
2021 	 0.00008164677497566803 	 0.00000917545306908459 	 0.00000000000000000000
2022 	 0.00008164677497566803 	 0.00001165842811507152 	 0.00000000000000000000
2023 	 0.00008164677497566803 	 0.00000789667329094365 	 0.00000000000000000000
2024 	 0.00008164677497566803 	 0.00001334020202584349 	 0.00000000000000000000
2025 	 0.00008164677497566803 	 0.00001267066146659909 	 -0.00000000000000000000
2026 	 0.00008164677497566803 	 0.00001209414463646944 	 0.00000000000000000000
2027 	 0.00008164677497566803 	 0.00001090468669767899 	 0.00000000000000000000
2028 	 0.00008164677497566803 	 0.00001315629971420359 	 0.00000000000000000000
2029 	 0.00008164677497566803 	 0.00001554592936902083 	 0.00000000000000000000
2030 	 0.00008164677497566803 	 0.00000717966706538680 	 -0.00000000000000000000
2031 	 0.00008164677497566803 	 0.00000748805201117606 	 0.00000000000000000000
2032 	 0.00008164677497566803 	 0.00001271010014860190 	 0.00000000000000000000
2033 	 0.00008164677497566803 	 0.00001498014188700560 	 -0.00000000000000000000
2034 	 0.00008164677497566803 	 0.00000902184729168281 	 0.00000000000000000000
2035 	 0.00008165910609788418 	 0.00001299148851642943 	 0.00000000000000000000
2036 	 0.00008165910609788418 	 0.00001450336346450240 	 0.00000000000000000000
2037 	 0.00008165910609788418 	 0.00000878823379501238 	 0.00000000000000000000
2038 	 0.00008165910609788418 	 0.00001172428724993724 	 0.00000000000000000000
2039 	 0.00008165910609788418 	 0.00001052306038183656 	 0.00000000000000000000
2040 	 0.00008165910609788418 	 0.00001011296316688143 	 0.00000000000000000000
2041 	 0.00008165910609788418 	 0.00000951377972843641 	 -0.00000000000000000000
2042 	 0.00008165910609788418 	 0.00001183722594709078 	 0.00000000000000000000
2043 	 0.00008165910609788418 	 0.00001180675848883380 	 0.00000000000000000000
2044 	 0.00008166829416501891 	 0.00001109513024966076 	 0.00000000000000000000
2045 	 0.00008166829416501891 	 0.00001041312157687493 	 0.00000000000000000000
2046 	 0.00008166829416501891 	 0.00000788309099608541 	 0.00000000000000000000
2047 	 0.00008166829416501891 	 0.00000730111871583069 	 0.00000000000000000000
2048 	 0.00008166829416501891 	 0.00001069975244853785 	 0.00000000000000000000
2049 	 0.00008166829416501891 	 0.00000963153580321787 	 -0.00000000000000000000
2050 	 0.00008166829416501891 	 0.00001318285388829882 	 0.00000000000000000000
2051 	 0.00008166829416501891 	 0.00001071477249449928 	 0.00000000000000000000
2052 	 0.00008166829416501891 	 0.00001140023125359167 	 0.00000000000000000000
2053 	 0.00008181118578094990 	 0.00001031067133516342 	 0.00000000000000000000
2054 	 0.00008181118578094990 	 0.00001003234140192590 	 -0.00000000000000000000
2055 	 0.00008181118578094990 	 0.00000812604267438661 	 0.00000000000000000000
2056 	 0.00008181118578094990 	 0.00001122785064352838 	 0.00000000000000000000
2057 	 0.00008181118578094990 	 0.00000919898856920773 	 0.00000000000000000000
2058 	 0.00008181118578094990 	 0.00000971694909148007 	 0.00000000000000000000
2059 	 0.00008181118578094990 	 0.00001000074230822151 	 0.00000000000000000000
2060 	 0.00008181118578094990 	 0.00000700390084386394 	 0.00000000000000000000
2061 	 0.00008181118578094990 	 0.00001103820409545364 	 -0.00000000000000000000
2062 	 0.00008181118578094990 	 0.00001285763829793998 	 0.00000000000000000000
2063 	 0.00008196084104702487 	 0.00000939894891552720 	 0.00000000000000000000
2064 	 0.00008196084104702487 	 0.00001340189277851708 	 0.00000000000000000000
2065 	 0.00008196084104702487 	 0.00000924568642537180 	 0.00000000000000000000
2066 	 0.00008218851986014173 	 0.00001310179631535919 	 0.00000000000000000000
2067 	 0.00008218851986014173 	 0.00000931205871139418 	 -0.00000000000000000000
2068 	 0.00008218851986014173 	 0.00000909498546491237 	 0.00000000000000000000
2069 	 0.00008218851986014173 	 0.00001078022491568303 	 0.00000000000000000000
2070 	 0.00008218851986014173 	 0.00001261928373242528 	 0.00000000000000000000
2071 	 0.00008218851986014173 	 0.00001414485490284168 	 0.00000000000000000000
2072 	 0.00008218851986014173 	 0.00001138991024148719 	 0.00000000000000000000
2073 	 0.00008218851986014173 	 0.00000760756097224242 	 0.00000000000000000000
2074 	 0.00008218851986014173 	 0.00000912349287333944 	 0.00000000000000000000
2075 	 0.00008218851986014173 	 0.00000887652723508472 	 0.00000000000000000000
2076 	 0.00008218851986014173 	 0.00000722917342798171 	 -0.00000000000000000000
2077 	 0.00008218851986014173 	 0.00001272117637864766 	 0.00000000000000000000
2078 	 0.00008218851986014173 	 0.00001209003377514434 	 0.00000000000000000000
2079 	 0.00008218851986014173 	 0.00000991546971868798 	 -0.00000000000000000000
2080 	 0.00008218851986014173 	 0.00000871239690402458 	 0.00000000000000000000
2081 	 0.00008218851986014173 	 0.00001284264134001370 	 0.00000000000000000000
2082 	 0.00008218851986014173 	 0.00001011869346736740 	 -0.00000000000000000000
2083 	 0.00008218851986014173 	 0.00000715978516911067 	 0.00000000000000000000
2084 	 0.00008218851986014173 	 0.00000913558307885919 	 0.00000000000000000000
2085 	 0.00008218851986014173 	 0.00001461499962126948 	 0.00000000000000000000
2086 	 0.00008218851986014173 	 0.00000892312928352101 	 -0.00000000000000000000
2087 	 0.00008218851986014173 	 0.00001034045490352107 	 0.00000000000000000000
2088 	 0.00008218851986014173 	 0.00001034223344087909 	 0.00000000000000000000
2089 	 0.00008218851986014173 	 0.00001070522420201274 	 0.00000000000000000000
2090 	 0.00008218851986014173 	 0.00001358860590877321 	 0.00000000000000000000
2091 	 0.00008218851986014173 	 0.00000979160245205002 	 0.00000000000000000000
2092 	 0.00008218851986014173 	 0.00000975279507416374 	 0.00000000000000000000
2093 	 0.00008218851986014173 	 0.00001112948829117856 	 0.00000000000000000000
2094 	 0.00008218851986014173 	 0.00001054509102530955 	 0.00000000000000000000
2095 	 0.00008218851986014173 	 0.00000997624457112974 	 0.00000000000000000000
2096 	 0.00008218851986014173 	 0.00001480070293088678 	 0.00000000000000000000
2097 	 0.00008218851986014173 	 0.00001040974490564538 	 0.00000000000000000000
2098 	 0.00008218851986014173 	 0.00001330853934150243 	 -0.00000000000000000000
2099 	 0.00008218851986014173 	 0.00001773425020637805 	 -0.00000000000000000000
2100 	 0.00008218851986014173 	 0.00000935241216567307 	 0.00000000000000000000
2101 	 0.00008218851986014173 	 0.00001516488081176692 	 0.00000000000000000000
2102 	 0.00008218851986014173 	 0.00000963363821289810 	 0.00000000000000000000
2103 	 0.00008218851986014173 	 0.00000900172474161867 	 0.00000000000000000000
2104 	 0.00008321314064742191 	 0.00001003282910273105 	 0.00000000000000000000
2105 	 0.00008321314064742191 	 0.00000859228905261206 	 -0.00000000000000000000
2106 	 0.00008321314064742191 	 0.00000973468289220738 	 0.00000000000000000000
2107 	 0.00008321314064742191 	 0.00000734078807066339 	 0.00000000000000000000
2108 	 0.00008321314064742191 	 0.00001064489065406638 	 0.00000000000000000000
2109 	 0.00008321314064742191 	 0.00001064563392129462 	 0.00000000000000000000
2110 	 0.00008321314064742191 	 0.00000868102951683997 	 0.00000000000000000000
2111 	 0.00008321314064742191 	 0.00001238995429950360 	 -0.00000000000000000000
2112 	 0.00008321314064742191 	 0.00000811517668644170 	 0.00000000000000000000
2113 	 0.00008321314064742191 	 0.00000867564354422116 	 0.00000000000000000000
2114 	 0.00008321314064742191 	 0.00000732369987263515 	 0.00000000000000000000
2115 	 0.00008321314064742191 	 0.00000888725511518050 	 0.00000000000000000000
2116 	 0.00008321314064742191 	 0.00000830386265511671 	 0.00000000000000000000
2117 	 0.00008321314064742191 	 0.00000889112089211094 	 -0.00000000000000000000
2118 	 0.00008321314064742191 	 0.00001242826176258776 	 0.00000000000000000000
2119 	 0.00008321314064742191 	 0.00001126263080575417 	 0.00000000000000000000
2120 	 0.00008321314064742191 	 0.00001182297649617971 	 0.00000000000000000000
2121 	 0.00008321314064742191 	 0.00000944558852418671 	 0.00000000000000000000
2122 	 0.00008321314064742191 	 0.00001202841941083880 	 0.00000000000000000000
2123 	 0.00008321314064742191 	 0.00000933524928193567 	 -0.00000000000000000000
2124 	 0.00008321314064742191 	 0.00001287555168917271 	 0.00000000000000000000
2125 	 0.00008321314064742191 	 0.00001002549036936168 	 0.00000000000000000000
2126 	 0.00008321314064742191 	 0.00000755395998782029 	 0.00000000000000000000
2127 	 0.00008321314064742191 	 0.00001289469351397199 	 0.00000000000000000000
2128 	 0.00008321314064742191 	 0.00001164217338782464 	 0.00000000000000000000
2129 	 0.00008321314064742191 	 0.00001222548727372531 	 0.00000000000000000000
2130 	 0.00008321314064742191 	 0.00001217246405252127 	 0.00000000000000000000
2131 	 0.00008321314064742191 	 0.00001180412584518205 	 0.00000000000000000000
2132 	 0.00008321314064742191 	 0.00001034517131258544 	 -0.00000000000000000000
2133 	 0.00008321314064742191 	 0.00001151125192775889 	 0.00000000000000000000
2134 	 0.00008321314064742191 	 0.00000926964180382218 	 0.00000000000000000000
2135 	 0.00008321314064742191 	 0.00001048431171083723 	 0.00000000000000000000
2136 	 0.00008321314064742191 	 0.00001113578645654275 	 0.00000000000000000000
2137 	 0.00008321314064742191 	 0.00001234584047145803 	 0.00000000000000000000
2138 	 0.00008321314064742191 	 0.00001065176458431931 	 0.00000000000000000000
2139 	 0.00008321314064742191 	 0.00000944594961755982 	 0.00000000000000000000
2140 	 0.00008321314064742191 	 0.00000723867761949379 	 0.00000000000000000000
2141 	 0.00008321314064742191 	 0.00001388405492691259 	 0.00000000000000000000
2142 	 0.00008321314064742191 	 0.00000746714610085635 	 0.00000000000000000000
2143 	 0.00008321314064742191 	 0.00001169300730806579 	 0.00000000000000000000
2144 	 0.00008321314064742191 	 0.00001067142233452067 	 0.00000000000000000000
2145 	 0.00008321314064742191 	 0.00001121431643087925 	 0.00000000000000000000
2146 	 0.00008321314064742191 	 0.00001060402064942508 	 0.00000000000000000000
2147 	 0.00008321314064742191 	 0.00000912198778784135 	 0.00000000000000000000
2148 	 0.00008321314064742191 	 0.00001045072200941397 	 0.00000000000000000000
2149 	 0.00008321314064742191 	 0.00001096458164140047 	 -0.00000000000000000000
2150 	 0.00008321314064742191 	 0.00001024657117776413 	 0.00000000000000000000
2151 	 0.00008321314064742191 	 0.00001167428017826201 	 0.00000000000000000000
2152 	 0.00008321314064742191 	 0.00001178181101986422 	 0.00000000000000000000
2153 	 0.00008321314064742191 	 0.00001131550033836602 	 0.00000000000000000000
2154 	 0.00008321314064742191 	 0.00000787599198178764 	 -0.00000000000000000000
2155 	 0.00008321314064742191 	 0.00000759743040556894 	 0.00000000000000000000
2156 	 0.00008321314064742191 	 0.00000972691836107991 	 0.00000000000000000000
2157 	 0.00008321314064742191 	 0.00001136138948145874 	 0.00000000000000000000
2158 	 0.00008321314064742191 	 0.00001022881325915974 	 0.00000000000000000000
2159 	 0.00008321314064742191 	 0.00001018773784315708 	 0.00000000000000000000
2160 	 0.00008321314064742191 	 0.00001181174254059464 	 0.00000000000000000000
2161 	 0.00008321314064742191 	 0.00000963451758994673 	 0.00000000000000000000
2162 	 0.00008321314064742191 	 0.00001176068432298534 	 0.00000000000000000000
2163 	 0.00008321314064742191 	 0.00000730712563986338 	 0.00000000000000000000
2164 	 0.00008321314064742191 	 0.00000886817404818866 	 0.00000000000000000000
2165 	 0.00008321314064742191 	 0.00000912785499933677 	 0.00000000000000000000
2166 	 0.00008321314064742191 	 0.00001019258877606561 	 0.00000000000000000000
2167 	 0.00008321314064742191 	 0.00000747369334165073 	 0.00000000000000000000
2168 	 0.00008321314064742191 	 0.00001210788444129720 	 0.00000000000000000000
2169 	 0.00008321314064742191 	 0.00001080617892437177 	 0.00000000000000000000
2170 	 0.00008321314064742191 	 0.00001069546992449488 	 0.00000000000000000000
2171 	 0.00008321314064742191 	 0.00001177168263019103 	 0.00000000000000000000
2172 	 0.00008321314064742191 	 0.00001040840957286535 	 0.00000000000000000000
2173 	 0.00008321314064742191 	 0.00001028260789274332 	 0.00000000000000000000
2174 	 0.00008321314064742191 	 0.00001046264041531944 	 0.00000000000000000000
2175 	 0.00008321314064742191 	 0.00001085731776074702 	 0.00000000000000000000
2176 	 0.00008321314064742191 	 0.00000765837483851508 	 0.00000000000000000000
2177 	 0.00008321314064742191 	 0.00001127917372460330 	 0.00000000000000000000
2178 	 0.00008321314064742191 	 0.00001174877129336865 	 0.00000000000000000000
2179 	 0.00008321314064742191 	 0.00001134888763441888 	 0.00000000000000000000
2180 	 0.00008321314064742191 	 0.00001328303615860113 	 -0.00000000000000000000
2181 	 0.00008321314064742191 	 0.00000786807575208472 	 0.00000000000000000000
2182 	 0.00008321314064742191 	 0.00000774730028613606 	 0.00000000000000000000
2183 	 0.00008321314064742191 	 0.00000915649820727665 	 0.00000000000000000000
2184 	 0.00008321314064742191 	 0.00001077621519339129 	 -0.00000000000000000000
2185 	 0.00008321314064742191 	 0.00001558572171024727 	 0.00000000000000000000
2186 	 0.00008321314064742191 	 0.00001125422886734861 	 0.00000000000000000000
2187 	 0.00008321314064742191 	 0.00001007902013068783 	 0.00000000000000000000
2188 	 0.00008321314064742191 	 0.00000924076079408881 	 0.00000000000000000000
2189 	 0.00008321314064742191 	 0.00000893360514920854 	 0.00000000000000000000
2190 	 0.00008321314064742191 	 0.00001188740108339826 	 0.00000000000000000000
2191 	 0.00008321314064742191 	 0.00000952040123531208 	 0.00000000000000000000
2192 	 0.00008321314064742191 	 0.00000916740589549761 	 0.00000000000000000000
2193 	 0.00008321314064742191 	 0.00001047690981265771 	 0.00000000000000000000
2194 	 0.00008321314064742191 	 0.00001188806471698588 	 0.00000000000000000000
2195 	 0.00008321314064742191 	 0.00000810335128574950 	 0.00000000000000000000
2196 	 0.00008321314064742191 	 0.00000927309509380154 	 -0.00000000000000000000
2197 	 0.00008321314064742191 	 0.00000908570813289540 	 0.00000000000000000000
2198 	 0.00008321314064742191 	 0.00001292215563904091 	 0.00000000000000000000
2199 	 0.00008321314064742191 	 0.00000905128765388525 	 0.00000000000000000000
2200 	 0.00008321314064742191 	 0.00000788738901938708 	 0.00000000000000000000
2201 	 0.00008321314064742191 	 0.00001088455791261314 	 0.00000000000000000000
2202 	 0.00008321314064742191 	 0.00000863376924314184 	 -0.00000000000000000000
2203 	 0.00008321314064742191 	 0.00000979018306418060 	 0.00000000000000000000
2204 	 0.00008321314064742191 	 0.00000968579459105067 	 0.00000000000000000000
2205 	 0.00008321314064742191 	 0.00000884739066314855 	 0.00000000000000000000
2206 	 0.00008321314064742191 	 0.00001059234086873873 	 0.00000000000000000000
2207 	 0.00008321314064742191 	 0.00000887499864382903 	 0.00000000000000000000
2208 	 0.00008321314064742191 	 0.00000809154557921572 	 0.00000000000000000000
2209 	 0.00008321314064742191 	 0.00000827497650598685 	 0.00000000000000000000
2210 	 0.00008321314064742191 	 0.00001005351114064202 	 0.00000000000000000000
2211 	 0.00008321314064742191 	 0.00000899799217634070 	 0.00000000000000000000
2212 	 0.00008321314064742191 	 0.00001360927864919435 	 0.00000000000000000000
2213 	 0.00008321314064742191 	 0.00000859498763527537 	 0.00000000000000000000
2214 	 0.00008321314064742191 	 0.00001206748650502297 	 -0.00000000000000000000
2215 	 0.00008325091517139506 	 0.00001395954773489331 	 0.00000000000000000000
2216 	 0.00008325091517139506 	 0.00001269150047779748 	 0.00000000000000000000
2217 	 0.00008325091517139506 	 0.00001535992295198680 	 0.00000000000000000000
2218 	 0.00008325091517139506 	 0.00000903533715897325 	 0.00000000000000000000
2219 	 0.00008325091517139506 	 0.00001150644392282439 	 0.00000000000000000000
2220 	 0.00008325091517139506 	 0.00001021430752958516 	 -0.00000000000000000000
2221 	 0.00008325091517139506 	 0.00000914468024390967 	 0.00000000000000000000
2222 	 0.00008325091517139506 	 0.00001546849125618398 	 0.00000000000000000000
2223 	 0.00008325091517139506 	 0.00000921816951337202 	 0.00000000000000000000
2224 	 0.00008325091517139506 	 0.00001198030919695940 	 0.00000000000000000000
2225 	 0.00008325091517139506 	 0.00001016097801086263 	 0.00000000000000000000
2226 	 0.00008325091517139506 	 0.00000912911016274363 	 0.00000000000000000000
2227 	 0.00008325091517139506 	 0.00000893549651524289 	 0.00000000000000000000
2228 	 0.00008325091517139506 	 0.00000821310327774442 	 0.00000000000000000000
2229 	 0.00008325091517139506 	 0.00000854886605793841 	 -0.00000000000000000000
2230 	 0.00008325091517139506 	 0.00001180878235918968 	 0.00000000000000000000
2231 	 0.00008325091517139506 	 0.00001442958301008338 	 0.00000000000000000000
2232 	 0.00008325091517139506 	 0.00001474065659394724 	 0.00000000000000000000
2233 	 0.00008325091517139506 	 0.00000898560643215226 	 0.00000000000000000000
2234 	 0.00008325091517139506 	 0.00001303056214440509 	 0.00000000000000000000
2235 	 0.00008325091517139506 	 0.00000807262146810072 	 -0.00000000000000000000
2236 	 0.00008325091517139506 	 0.00000834874284721645 	 0.00000000000000000000
2237 	 0.00008325091517139506 	 0.00000796784713604287 	 0.00000000000000000000
2238 	 0.00008325091517139506 	 0.00001124617602330959 	 -0.00000000000000000000
2239 	 0.00008325091517139506 	 0.00000979586738333733 	 0.00000000000000000000
2240 	 0.00008325091517139506 	 0.00000972693204129099 	 -0.00000000000000000000
2241 	 0.00008325091517139506 	 0.00000748634035356088 	 -0.00000000000000000000
2242 	 0.00008325091517139506 	 0.00000870837774419751 	 0.00000000000000000000
2243 	 0.00008325091517139506 	 0.00000895001800477790 	 0.00000000000000000000
2244 	 0.00008325091517139506 	 0.00001302946365467004 	 0.00000000000000000000
2245 	 0.00008325091517139506 	 0.00001210686282836409 	 0.00000000000000000000
2246 	 0.00008325091517139506 	 0.00000967194760385230 	 0.00000000000000000000
2247 	 0.00008325091517139506 	 0.00000814889989831354 	 0.00000000000000000000
2248 	 0.00008325091517139506 	 0.00001041525296397349 	 0.00000000000000000000
2249 	 0.00008325091517139506 	 0.00000926992028536822 	 0.00000000000000000000
2250 	 0.00008325091517139506 	 0.00001197331577979468 	 0.00000000000000000000
2251 	 0.00008325091517139506 	 0.00000995519908775467 	 0.00000000000000000000
2252 	 0.00008325091517139506 	 0.00000767274084788983 	 -0.00000000000000000000
2253 	 0.00008325091517139506 	 0.00000787835497859138 	 -0.00000000000000000000
2254 	 0.00008325091517139506 	 0.00001181196288012051 	 0.00000000000000000000
2255 	 0.00008325091517139506 	 0.00001319739783028317 	 0.00000000000000000000
2256 	 0.00008325091517139506 	 0.00000955021493219028 	 0.00000000000000000000
2257 	 0.00008325091517139506 	 0.00001325818009965041 	 0.00000000000000000000
2258 	 0.00008325091517139506 	 0.00001092519195534343 	 0.00000000000000000000
2259 	 0.00008325091517139506 	 0.00000899195459101226 	 0.00000000000000000000
2260 	 0.00008325091517139506 	 0.00000881450852133459 	 0.00000000000000000000
2261 	 0.00008325091517139506 	 0.00000948196736337641 	 0.00000000000000000000
2262 	 0.00008325091517139506 	 0.00001538976252253935 	 0.00000000000000000000
2263 	 0.00008325091517139506 	 0.00001483191472688223 	 0.00000000000000000000
2264 	 0.00008325091517139506 	 0.00000745640805934011 	 0.00000000000000000000
2265 	 0.00008325091517139506 	 0.00000768678829240114 	 -0.00000000000000000000
2266 	 0.00008325091517139506 	 0.00000992211832478604 	 0.00000000000000000000
2267 	 0.00008325091517139506 	 0.00000991437642317015 	 -0.00000000000000000000
2268 	 0.00008325091517139506 	 0.00000963001152777231 	 -0.00000000000000000000
2269 	 0.00008325091517139506 	 0.00001153455423871019 	 0.00000000000000000000
2270 	 0.00008325091517139506 	 0.00001072172652738411 	 0.00000000000000000000
2271 	 0.00008325091517139506 	 0.00001203337112652134 	 0.00000000000000000000
2272 	 0.00008325091517139506 	 0.00001032012859385998 	 0.00000000000000000000
2273 	 0.00008325091517139506 	 0.00001028665685925243 	 0.00000000000000000000
2274 	 0.00008325091517139506 	 0.00001254977915916791 	 0.00000000000000000000
2275 	 0.00008325091517139506 	 0.00001184731821003087 	 0.00000000000000000000
2276 	 0.00008325091517139506 	 0.00001325305703324738 	 0.00000000000000000000
2277 	 0.00008325091517139506 	 0.00001025206418295726 	 0.00000000000000000000
2278 	 0.00008325091517139506 	 0.00000754586677153735 	 0.00000000000000000000
2279 	 0.00008325091517139506 	 0.00001172592102514391 	 0.00000000000000000000
2280 	 0.00008325091517139506 	 0.00000975313284448362 	 0.00000000000000000000
2281 	 0.00008325091517139506 	 0.00001110719211823485 	 -0.00000000000000000000
2282 	 0.00008325091517139506 	 0.00000883525090149508 	 0.00000000000000000000
2283 	 0.00008325091517139506 	 0.00001085208797618128 	 0.00000000000000000000
2284 	 0.00008325091517139506 	 0.00000894794377392990 	 0.00000000000000000000
2285 	 0.00008325091517139506 	 0.00001006886313990801 	 0.00000000000000000000
2286 	 0.00008325091517139506 	 0.00000991537007557950 	 0.00000000000000000000
2287 	 0.00008325091517139506 	 0.00000779359301876192 	 0.00000000000000000000
2288 	 0.00008325091517139506 	 0.00000896053510610410 	 0.00000000000000000000
2289 	 0.00008325091517139506 	 0.00000766894733312789 	 0.00000000000000000000
2290 	 0.00008325091517139506 	 0.00000918730447302259 	 0.00000000000000000000
2291 	 0.00008325091517139506 	 0.00001372687014029228 	 -0.00000000000000000000
2292 	 0.00008325091517139506 	 0.00001177343133970852 	 0.00000000000000000000
2293 	 0.00008325091517139506 	 0.00000975195899605607 	 0.00000000000000000000
2294 	 0.00008325091517139506 	 0.00001322824181615269 	 0.00000000000000000000
2295 	 0.00008325091517139506 	 0.00000938892781175351 	 -0.00000000000000000000
2296 	 0.00008325091517139506 	 0.00000888903289798731 	 0.00000000000000000000
2297 	 0.00008325091517139506 	 0.00001273115041008638 	 0.00000000000000000000
2298 	 0.00008325091517139506 	 0.00001012633538766672 	 0.00000000000000000000
2299 	 0.00008325091517139506 	 0.00000845471988242220 	 0.00000000000000000000
2300 	 0.00008325091517139506 	 0.00000874973939436039 	 0.00000000000000000000
2301 	 0.00008325091517139506 	 0.00000746302437407961 	 0.00000000000000000000
2302 	 0.00008325091517139506 	 0.00000852144600885455 	 0.00000000000000000000
2303 	 0.00008325091517139506 	 0.00001009027826714527 	 0.00000000000000000000
2304 	 0.00008325091517139506 	 0.00000978235442644372 	 0.00000000000000000000
2305 	 0.00008325091517139506 	 0.00000883931093000025 	 0.00000000000000000000
2306 	 0.00008325091517139506 	 0.00000984868320636471 	 0.00000000000000000000
2307 	 0.00008325091517139506 	 0.00000857252792709736 	 0.00000000000000000000
2308 	 0.00008325091517139506 	 0.00000944261582447745 	 0.00000000000000000000
2309 	 0.00008325091517139506 	 0.00001128976984964822 	 0.00000000000000000000
2310 	 0.00008325091517139506 	 0.00001255072018061707 	 0.00000000000000000000
2311 	 0.00008325091517139506 	 0.00001249161320251973 	 0.00000000000000000000
2312 	 0.00008325091517139506 	 0.00001218828567430315 	 -0.00000000000000000000
2313 	 0.00008325091517139506 	 0.00001014870261546411 	 -0.00000000000000000000
2314 	 0.00008325091517139506 	 0.00001134842356327176 	 0.00000000000000000000
2315 	 0.00008325091517139506 	 0.00001177225023960000 	 -0.00000000000000000000
2316 	 0.00008325091517139506 	 0.00001080702374802175 	 0.00000000000000000000
2317 	 0.00008325091517139506 	 0.00001080091338255763 	 0.00000000000000000000
2318 	 0.00008325091517139506 	 0.00000843839588754734 	 0.00000000000000000000
2319 	 0.00008325091517139506 	 0.00000860004616123411 	 0.00000000000000000000
2320 	 0.00008325091517139506 	 0.00001073134413721198 	 0.00000000000000000000
2321 	 0.00008325091517139506 	 0.00001040280805961749 	 0.00000000000000000000
2322 	 0.00008325091517139506 	 0.00001135561168935855 	 0.00000000000000000000
2323 	 0.00008325091517139506 	 0.00000976445558155952 	 0.00000000000000000000
2324 	 0.00008325091517139506 	 0.00001393968350570335 	 0.00000000000000000000
2325 	 0.00008325091517139506 	 0.00001206566301414226 	 -0.00000000000000000000
2326 	 0.00008325091517139506 	 0.00000735525062397254 	 -0.00000000000000000000
2327 	 0.00008325091517139506 	 0.00000948031969803392 	 0.00000000000000000000
2328 	 0.00008325091517139506 	 0.00001261717145191263 	 0.00000000000000000000
2329 	 0.00008325091517139506 	 0.00001070270545639351 	 0.00000000000000000000
2330 	 0.00008325091517139506 	 0.00000746425113161959 	 0.00000000000000000000
2331 	 0.00008325091517139506 	 0.00001365867619446280 	 0.00000000000000000000
2332 	 0.00008325091517139506 	 0.00001624342374004687 	 0.00000000000000000000
2333 	 0.00008325091517139506 	 0.00000952569238447022 	 0.00000000000000000000
2334 	 0.00008325091517139506 	 0.00000886407920436477 	 0.00000000000000000000
2335 	 0.00008325091517139506 	 0.00001125762342626102 	 0.00000000000000000000
2336 	 0.00008325091517139506 	 0.00001097032350699846 	 0.00000000000000000000
2337 	 0.00008325091517139506 	 0.00000821049947210779 	 0.00000000000000000000
2338 	 0.00008325091517139506 	 0.00001031540133927180 	 0.00000000000000000000
2339 	 0.00008325091517139506 	 0.00001057154252042532 	 0.00000000000000000000
2340 	 0.00008325091517139506 	 0.00001205759345723798 	 0.00000000000000000000
2341 	 0.00008325091517139506 	 0.00000969679699982282 	 0.00000000000000000000
2342 	 0.00008325091517139506 	 0.00001278573871344391 	 0.00000000000000000000
2343 	 0.00008325091517139506 	 0.00000994468697522392 	 0.00000000000000000000
2344 	 0.00008325091517139506 	 0.00000728924089652628 	 -0.00000000000000000000
2345 	 0.00008325091517139506 	 0.00000826969394555542 	 0.00000000000000000000
2346 	 0.00008325091517139506 	 0.00000907252674386784 	 0.00000000000000000000
2347 	 0.00008325091517139506 	 0.00000931953031362295 	 -0.00000000000000000000
2348 	 0.00008325091517139506 	 0.00001254724431857688 	 0.00000000000000000000
2349 	 0.00008325091517139506 	 0.00001252120562223388 	 0.00000000000000000000
2350 	 0.00008325091517139506 	 0.00000920786127319498 	 0.00000000000000000000
2351 	 0.00008325091517139506 	 0.00001082405347860217 	 0.00000000000000000000
2352 	 0.00008325091517139506 	 0.00000752409654662386 	 0.00000000000000000000
2353 	 0.00008325091517139506 	 0.00000997698895431778 	 0.00000000000000000000
2354 	 0.00008325091517139506 	 0.00001021308651940321 	 0.00000000000000000000
2355 	 0.00008325091517139506 	 0.00000787923821028763 	 0.00000000000000000000
2356 	 0.00008325091517139506 	 0.00001160687308041511 	 0.00000000000000000000
2357 	 0.00008325091517139506 	 0.00001706704325699520 	 0.00000000000000000000
2358 	 0.00008325091517139506 	 0.00000926080611996104 	 0.00000000000000000000
2359 	 0.00008325091517139506 	 0.00000903995452443243 	 0.00000000000000000000
2360 	 0.00008325091517139506 	 0.00001058955582094809 	 0.00000000000000000000
2361 	 0.00008325091517139506 	 0.00001233247475206239 	 0.00000000000000000000
2362 	 0.00008325091517139506 	 0.00001736112129945404 	 0.00000000000000000000
2363 	 0.00008325091517139506 	 0.00000885306676869830 	 -0.00000000000000000000
2364 	 0.00008325091517139506 	 0.00001054508337659040 	 0.00000000000000000000
2365 	 0.00008325091517139506 	 0.00000908867208569438 	 0.00000000000000000000
2366 	 0.00008325091517139506 	 0.00001121676812387213 	 0.00000000000000000000
2367 	 0.00008325091517139506 	 0.00001207619316274167 	 0.00000000000000000000
2368 	 0.00008325091517139506 	 0.00000837577327170720 	 0.00000000000000000000
2369 	 0.00008325091517139506 	 0.00001140229081195082 	 0.00000000000000000000
2370 	 0.00008325091517139506 	 0.00000853397243859063 	 0.00000000000000000000
2371 	 0.00008325091517139506 	 0.00000837831521384021 	 0.00000000000000000000
2372 	 0.00008325091517139506 	 0.00000982670216691846 	 0.00000000000000000000
2373 	 0.00008325091517139506 	 0.00001127528992849851 	 0.00000000000000000000
2374 	 0.00008325091517139506 	 0.00000890084050955505 	 0.00000000000000000000
2375 	 0.00008325091517139506 	 0.00001280508533833832 	 0.00000000000000000000
2376 	 0.00008325091517139506 	 0.00001308035576569701 	 0.00000000000000000000
2377 	 0.00008325091517139506 	 0.00000737262395383540 	 0.00000000000000000000
2378 	 0.00008325091517139506 	 0.00001250561998572239 	 0.00000000000000000000
2379 	 0.00008325091517139506 	 0.00001128850397049714 	 0.00000000000000000000
2380 	 0.00008325091517139506 	 0.00000936040065450453 	 0.00000000000000000000
2381 	 0.00008325091517139506 	 0.00000836228603866363 	 0.00000000000000000000
2382 	 0.00008325091517139506 	 0.00000904572241948340 	 0.00000000000000000000
2383 	 0.00008325091517139506 	 0.00001042382382867641 	 0.00000000000000000000
2384 	 0.00008325091517139506 	 0.00001101026839636111 	 0.00000000000000000000
2385 	 0.00008325135363458191 	 0.00001215066671122954 	 -0.00000000000000000000
2386 	 0.00008325135363458191 	 0.00001160579859666124 	 0.00000000000000000000
2387 	 0.00008325135363458191 	 0.00001131962366136853 	 0.00000000000000000000
2388 	 0.00008325135363458191 	 0.00001025913550648284 	 0.00000000000000000000
2389 	 0.00008325135363458191 	 0.00001219113406777654 	 0.00000000000000000000
2390 	 0.00008325135363458191 	 0.00001231873773350783 	 0.00000000000000000000
2391 	 0.00008325135363458191 	 0.00001043809809066058 	 0.00000000000000000000
2392 	 0.00008325135363458191 	 0.00001162373143299936 	 0.00000000000000000000
2393 	 0.00008325135363458191 	 0.00001276800707272629 	 0.00000000000000000000
2394 	 0.00008325135363458191 	 0.00000761055941760384 	 0.00000000000000000000
2395 	 0.00008325135363458191 	 0.00001051951189100859 	 0.00000000000000000000
2396 	 0.00008325135363458191 	 0.00000975977017198709 	 0.00000000000000000000
2397 	 0.00008325139665856735 	 0.00001072423710467707 	 0.00000000000000000000
2398 	 0.00008325139665856735 	 0.00001106517045778124 	 0.00000000000000000000
2399 	 0.00008325139665856735 	 0.00000895925331053270 	 0.00000000000000000000
2400 	 0.00008325139665856735 	 0.00000896828066822869 	 -0.00000000000000000000
2401 	 0.00008325139665856735 	 0.00001076788326082280 	 0.00000000000000000000
2402 	 0.00008325139665856735 	 0.00000885438900083684 	 0.00000000000000000000
2403 	 0.00008337029696402993 	 0.00000927749497922894 	 0.00000000000000000000
2404 	 0.00008337029696402993 	 0.00000818682192773111 	 0.00000000000000000000
2405 	 0.00008337029696402993 	 0.00000951932668668302 	 0.00000000000000000000
2406 	 0.00008337029696402993 	 0.00001064565187947533 	 0.00000000000000000000
2407 	 0.00008337029696402993 	 0.00001177441385645678 	 0.00000000000000000000
2408 	 0.00008337029696402993 	 0.00000916911779470208 	 0.00000000000000000000
2409 	 0.00008337029696402993 	 0.00001421172369147286 	 0.00000000000000000000
2410 	 0.00008337029696402993 	 0.00000928464365708063 	 -0.00000000000000000000
2411 	 0.00008337029696402993 	 0.00000948683490658953 	 0.00000000000000000000
2412 	 0.00008337029696402993 	 0.00001394627956893637 	 0.00000000000000000000
2413 	 0.00008337029696402993 	 0.00001088706653228855 	 0.00000000000000000000
2414 	 0.00008337029696402993 	 0.00000878845377107943 	 0.00000000000000000000
2415 	 0.00008337029696402993 	 0.00001048116174127149 	 0.00000000000000000000
2416 	 0.00008337029696402993 	 0.00001280505710671321 	 0.00000000000000000000
2417 	 0.00008337029696402993 	 0.00001290991204429313 	 -0.00000000000000000000
2418 	 0.00008339944681134376 	 0.00001352483694118520 	 0.00000000000000000000
2419 	 0.00008339944681134376 	 0.00001213295123470537 	 0.00000000000000000000
2420 	 0.00008339944681134376 	 0.00001043132116044570 	 0.00000000000000000000
2421 	 0.00008339944681134376 	 0.00000901930709900510 	 0.00000000000000000000
2422 	 0.00008339944681134376 	 0.00001028276416649568 	 0.00000000000000000000
2423 	 0.00008339944681134376 	 0.00001149740214660444 	 0.00000000000000000000
2424 	 0.00008339944681134376 	 0.00000892316266206298 	 0.00000000000000000000
2425 	 0.00008339944681134376 	 0.00001036864923332004 	 0.00000000000000000000
2426 	 0.00008339944681134376 	 0.00000989073013808210 	 0.00000000000000000000
2427 	 0.00008339944681134376 	 0.00000968622383185154 	 -0.00000000000000000000
2428 	 0.00008339944681134376 	 0.00000818590999606169 	 0.00000000000000000000
2429 	 0.00008339944681134376 	 0.00001765630913243994 	 -0.00000000000000000000
2430 	 0.00008339944681134376 	 0.00001402820549410555 	 0.00000000000000000000
2431 	 0.00008339944681134376 	 0.00000943697061940041 	 0.00000000000000000000
2432 	 0.00008339944681134376 	 0.00001239266417148270 	 0.00000000000000000000
2433 	 0.00008339944681134376 	 0.00001274815432750556 	 0.00000000000000000000
2434 	 0.00008339944681134376 	 0.00001004674837531869 	 0.00000000000000000000
2435 	 0.00008339944681134376 	 0.00000809579010855681 	 0.00000000000000000000
2436 	 0.00008339944681134376 	 0.00000715384486548423 	 0.00000000000000000000
2437 	 0.00008339944681134376 	 0.00001234889676022927 	 0.00000000000000000000
2438 	 0.00008339944681134376 	 0.00001023622842376253 	 0.00000000000000000000
2439 	 0.00008339944681134376 	 0.00001009879256557804 	 -0.00000000000000000000
2440 	 0.00008339944681134376 	 0.00001453029169157209 	 0.00000000000000000000
2441 	 0.00008339944681134376 	 0.00001048089941575829 	 0.00000000000000000000
2442 	 0.00008344572935092120 	 0.00001243938703321153 	 0.00000000000000000000
2443 	 0.00008344572935092120 	 0.00000895303083223195 	 0.00000000000000000000
2444 	 0.00008344572935092120 	 0.00001321846820195900 	 0.00000000000000000000
2445 	 0.00008344572935092120 	 0.00000914472362069666 	 0.00000000000000000000
2446 	 0.00008344572935092120 	 0.00000771958049418497 	 0.00000000000000000000
2447 	 0.00008344572935092120 	 0.00000943044234458068 	 0.00000000000000000000
2448 	 0.00008344572935092120 	 0.00000966901040350929 	 0.00000000000000000000
2449 	 0.00008344572935092120 	 0.00001205429461860534 	 0.00000000000000000000
2450 	 0.00008344572935092120 	 0.00001030239501397361 	 0.00000000000000000000
2451 	 0.00008344572935092120 	 0.00000945563481389206 	 0.00000000000000000000
2452 	 0.00008344572935092120 	 0.00001088721908839627 	 0.00000000000000000000
2453 	 0.00008344572935092120 	 0.00000890043579779694 	 0.00000000000000000000
2454 	 0.00008344572935092120 	 0.00001126333835410992 	 0.00000000000000000000
2455 	 0.00008344572935092120 	 0.00001055515853569831 	 0.00000000000000000000
2456 	 0.00008344572935092120 	 0.00001130598607910687 	 0.00000000000000000000
2457 	 0.00008344572935092120 	 0.00000888158329013028 	 0.00000000000000000000
2458 	 0.00008344572935092120 	 0.00001185978088722951 	 0.00000000000000000000
2459 	 0.00008344572935092120 	 0.00001173852124686294 	 0.00000000000000000000
2460 	 0.00008344572935092120 	 0.00001088145624113227 	 0.00000000000000000000
2461 	 0.00008344572935092120 	 0.00001214161066217421 	 0.00000000000000000000
2462 	 0.00008344572935092120 	 0.00001237477261011799 	 0.00000000000000000000
2463 	 0.00008344572935092120 	 0.00000749257922824262 	 0.00000000000000000000
2464 	 0.00008344572935092120 	 0.00001064183181216584 	 -0.00000000000000000000
2465 	 0.00008344572935092120 	 0.00001279037606703011 	 0.00000000000000000000
2466 	 0.00008344572935092120 	 0.00000916938804068325 	 0.00000000000000000000
2467 	 0.00008344572935092120 	 0.00001045236368213876 	 0.00000000000000000000
2468 	 0.00008344572935092120 	 0.00001125228301589475 	 0.00000000000000000000
2469 	 0.00008344572935092120 	 0.00001205552927759272 	 0.00000000000000000000
2470 	 0.00008344572935092120 	 0.00001119330834116129 	 0.00000000000000000000
2471 	 0.00008344572935092120 	 0.00001659058148748636 	 -0.00000000000000000000
2472 	 0.00008344572935092120 	 0.00001036163450573646 	 -0.00000000000000000000
2473 	 0.00008344572935092120 	 0.00001119715032489793 	 0.00000000000000000000
2474 	 0.00008344572935092120 	 0.00001057554942251473 	 0.00000000000000000000
2475 	 0.00008344572935092120 	 0.00000957518594967763 	 -0.00000000000000000000
2476 	 0.00008344572935092120 	 0.00000733286553028486 	 0.00000000000000000000
2477 	 0.00008344572935092120 	 0.00001391372829090077 	 -0.00000000000000000000
2478 	 0.00008346426576927304 	 0.00001058032077142950 	 0.00000000000000000000
2479 	 0.00008346426576927304 	 0.00001109252404252197 	 -0.00000000000000000000
2480 	 0.00008346426576927304 	 0.00000982542987653178 	 0.00000000000000000000
2481 	 0.00008346426576927304 	 0.00000909313134200405 	 0.00000000000000000000
2482 	 0.00008346426576927304 	 0.00001002756595990698 	 0.00000000000000000000
2483 	 0.00008346426576927304 	 0.00001102010650779623 	 0.00000000000000000000
2484 	 0.00008346426576927304 	 0.00001546587470932829 	 -0.00000000000000000000
2485 	 0.00008346426576927304 	 0.00001099145203341495 	 0.00000000000000000000
2486 	 0.00008346426576927304 	 0.00001071849729105139 	 0.00000000000000000000
2487 	 0.00008346426576927304 	 0.00000886087455948392 	 0.00000000000000000000
2488 	 0.00008346426576927304 	 0.00001206629612099624 	 0.00000000000000000000
2489 	 0.00008346426576927304 	 0.00000931992056168352 	 0.00000000000000000000
2490 	 0.00008346426576927304 	 0.00001067958621231497 	 0.00000000000000000000
2491 	 0.00008346426576927304 	 0.00000992130454618041 	 0.00000000000000000000
2492 	 0.00008346426576927304 	 0.00000882070164611301 	 0.00000000000000000000
2493 	 0.00008346426576927304 	 0.00001031125322424663 	 0.00000000000000000000
2494 	 0.00008346426576927304 	 0.00001213956599784841 	 0.00000000000000000000
2495 	 0.00008346426576927304 	 0.00000776880937415479 	 -0.00000000000000000000
2496 	 0.00008346426576927304 	 0.00000905959991434590 	 0.00000000000000000000
2497 	 0.00008346426576927304 	 0.00001321485201311686 	 0.00000000000000000000
2498 	 0.00008346426576927304 	 0.00000747061158791555 	 0.00000000000000000000
2499 	 0.00008346426576927304 	 0.00001280035994052258 	 0.00000000000000000000
2500 	 0.00008346426576927304 	 0.00001200123189155816 	 0.00000000000000000000
2501 	 0.00008346426576927304 	 0.00001021436562238660 	 0.00000000000000000000
2502 	 0.00008346426576927304 	 0.00000982663503522921 	 0.00000000000000000000
2503 	 0.00008346426576927304 	 0.00001213401989633359 	 0.00000000000000000000
2504 	 0.00008346426576927304 	 0.00001362834626946656 	 0.00000000000000000000
2505 	 0.00008346426576927304 	 0.00000971794092711835 	 0.00000000000000000000
2506 	 0.00008346426576927304 	 0.00000993872608547946 	 0.00000000000000000000
2507 	 0.00008346426576927304 	 0.00000894449710103791 	 0.00000000000000000000
2508 	 0.00008346426576927304 	 0.00001355060210078123 	 0.00000000000000000000
2509 	 0.00008346426576927304 	 0.00001024627203031183 	 0.00000000000000000000
2510 	 0.00008346426576927304 	 0.00000721332793028602 	 0.00000000000000000000
2511 	 0.00008346426576927304 	 0.00000792559828230533 	 0.00000000000000000000
2512 	 0.00008346426576927304 	 0.00001104867801882802 	 0.00000000000000000000
2513 	 0.00008346426576927304 	 0.00000769046039161654 	 0.00000000000000000000
2514 	 0.00008346426576927304 	 0.00001296663062699740 	 0.00000000000000000000
2515 	 0.00008346426576927304 	 0.00001246264137974357 	 0.00000000000000000000
2516 	 0.00008346426576927304 	 0.00001216204250442388 	 0.00000000000000000000
2517 	 0.00008346426576927304 	 0.00000925310934021744 	 -0.00000000000000000000
2518 	 0.00008346426576927304 	 0.00001063531744528776 	 0.00000000000000000000
2519 	 0.00008346426576927304 	 0.00000824994425317308 	 0.00000000000000000000
2520 	 0.00008346426576927304 	 0.00000973510160781639 	 0.00000000000000000000
2521 	 0.00008346426576927304 	 0.00000956803330216402 	 -0.00000000000000000000
2522 	 0.00008346426576927304 	 0.00001258028774810449 	 0.00000000000000000000
2523 	 0.00008346426576927304 	 0.00000857151061174892 	 0.00000000000000000000
2524 	 0.00008346426576927304 	 0.00000865062658045589 	 0.00000000000000000000
2525 	 0.00008346426576927304 	 0.00000739379939572624 	 0.00000000000000000000
2526 	 0.00008346426576927304 	 0.00000992267856791782 	 0.00000000000000000000
2527 	 0.00008346426576927304 	 0.00001349297611912673 	 0.00000000000000000000
2528 	 0.00008346426576927304 	 0.00001420933537086398 	 -0.00000000000000000000
2529 	 0.00008346426576927304 	 0.00001100829633609756 	 0.00000000000000000000
2530 	 0.00008346426576927304 	 0.00001063508544147554 	 0.00000000000000000000
2531 	 0.00008346426576927304 	 0.00001167996841687105 	 0.00000000000000000000
2532 	 0.00008346426576927304 	 0.00000875855928938369 	 0.00000000000000000000
2533 	 0.00008346426576927304 	 0.00001136408571621422 	 -0.00000000000000000000
2534 	 0.00008346426576927304 	 0.00000891526918977029 	 0.00000000000000000000
2535 	 0.00008346426576927304 	 0.00001199304840717479 	 0.00000000000000000000
2536 	 0.00008346426576927304 	 0.00001204563777742361 	 0.00000000000000000000
2537 	 0.00008346426576927304 	 0.00000929250032691602 	 0.00000000000000000000
2538 	 0.00008346426576927304 	 0.00001146519742760550 	 0.00000000000000000000
2539 	 0.00008346426576927304 	 0.00001120372539035443 	 0.00000000000000000000
2540 	 0.00008346426576927304 	 0.00001138023466127767 	 0.00000000000000000000
2541 	 0.00008346426576927304 	 0.00001072669556851942 	 0.00000000000000000000
2542 	 0.00008346426576927304 	 0.00000847110175629296 	 0.00000000000000000000
2543 	 0.00008346426576927304 	 0.00001169592546006402 	 0.00000000000000000000
2544 	 0.00008346426576927304 	 0.00001432483631436111 	 0.00000000000000000000
2545 	 0.00008346426576927304 	 0.00001407612602757730 	 0.00000000000000000000
2546 	 0.00008346426576927304 	 0.00000929547991261022 	 0.00000000000000000000
2547 	 0.00008346426576927304 	 0.00001057555736132423 	 0.00000000000000000000
2548 	 0.00008346426576927304 	 0.00000971276376340554 	 0.00000000000000000000
2549 	 0.00008346426576927304 	 0.00001163648590879979 	 0.00000000000000000000
2550 	 0.00008346426576927304 	 0.00000813544522613952 	 0.00000000000000000000
2551 	 0.00008346426576927304 	 0.00001216506206097198 	 0.00000000000000000000
2552 	 0.00008346426576927304 	 0.00001232928723557912 	 0.00000000000000000000
2553 	 0.00008346426576927304 	 0.00000976731955248653 	 0.00000000000000000000
2554 	 0.00008346426576927304 	 0.00001110285203121160 	 -0.00000000000000000000
2555 	 0.00008346426576927304 	 0.00001537147444199151 	 0.00000000000000000000
2556 	 0.00008346426576927304 	 0.00000920775760862366 	 0.00000000000000000000
2557 	 0.00008346426576927304 	 0.00001005729188078607 	 0.00000000000000000000
2558 	 0.00008346426576927304 	 0.00000774733937571859 	 0.00000000000000000000
2559 	 0.00008346426576927304 	 0.00000932919388825944 	 0.00000000000000000000
2560 	 0.00008346426576927304 	 0.00001147947050974472 	 0.00000000000000000000
2561 	 0.00008346426576927304 	 0.00000825092198523602 	 -0.00000000000000000000
2562 	 0.00008346426576927304 	 0.00001164667750750604 	 0.00000000000000000000
2563 	 0.00008346426576927304 	 0.00001049816201513472 	 0.00000000000000000000
2564 	 0.00008346426576927304 	 0.00001007942081228962 	 0.00000000000000000000
2565 	 0.00008346426576927304 	 0.00001557754896097166 	 0.00000000000000000000
2566 	 0.00008346426576927304 	 0.00001212148366872875 	 0.00000000000000000000
2567 	 0.00008346426576927304 	 0.00001256696281092645 	 -0.00000000000000000000
2568 	 0.00008346426576927304 	 0.00000938499428249469 	 0.00000000000000000000
2569 	 0.00008346426576927304 	 0.00001200557811897896 	 0.00000000000000000000
2570 	 0.00008346426576927304 	 0.00001026473226657288 	 0.00000000000000000000
2571 	 0.00008346426576927304 	 0.00000766155334661840 	 0.00000000000000000000
2572 	 0.00008346426576927304 	 0.00000803028372503690 	 0.00000000000000000000
2573 	 0.00008346426576927304 	 0.00001097969471514921 	 0.00000000000000000000
2574 	 0.00008346426576927304 	 0.00000768645000631197 	 0.00000000000000000000
2575 	 0.00008346426576927304 	 0.00001224709507235769 	 0.00000000000000000000
2576 	 0.00008346426576927304 	 0.00001247328144970959 	 0.00000000000000000000
2577 	 0.00008346426576927304 	 0.00001063890077344568 	 0.00000000000000000000
2578 	 0.00008346426576927304 	 0.00000745778113071715 	 0.00000000000000000000
2579 	 0.00008346426576927304 	 0.00000809736875195502 	 0.00000000000000000000
2580 	 0.00008346426576927304 	 0.00001129469653407777 	 0.00000000000000000000
2581 	 0.00008346426576927304 	 0.00001035062054317044 	 0.00000000000000000000
2582 	 0.00008346426576927304 	 0.00000823745908430706 	 0.00000000000000000000
2583 	 0.00008346426576927304 	 0.00001432334213093205 	 0.00000000000000000000
2584 	 0.00008346426576927304 	 0.00001199447515616920 	 0.00000000000000000000
2585 	 0.00008346426576927304 	 0.00000986807253381241 	 0.00000000000000000000
2586 	 0.00008346426576927304 	 0.00000787381977722312 	 0.00000000000000000000
2587 	 0.00008346426576927304 	 0.00001127246432261386 	 0.00000000000000000000
2588 	 0.00008346426576927304 	 0.00000960790512486278 	 0.00000000000000000000
2589 	 0.00008346426576927304 	 0.00001376561166827374 	 0.00000000000000000000
2590 	 0.00008346426576927304 	 0.00000861138405915473 	 0.00000000000000000000
2591 	 0.00008346426576927304 	 0.00001567911863228250 	 0.00000000000000000000
2592 	 0.00008346426576927304 	 0.00000828554202421422 	 0.00000000000000000000
2593 	 0.00008346426576927304 	 0.00000847199525756836 	 0.00000000000000000000
2594 	 0.00008346426576927304 	 0.00000766332247988229 	 0.00000000000000000000
2595 	 0.00008346426576927304 	 0.00000847863236931842 	 0.00000000000000000000
2596 	 0.00008346426576927304 	 0.00000947508683162785 	 0.00000000000000000000
2597 	 0.00008346426576927304 	 0.00001401361856692574 	 0.00000000000000000000
2598 	 0.00008346426576927304 	 0.00001118564782677298 	 0.00000000000000000000
2599 	 0.00008346426576927304 	 0.00000868526557786324 	 -0.00000000000000000000
2600 	 0.00008346426576927304 	 0.00001367945870036525 	 0.00000000000000000000
2601 	 0.00008346426576927304 	 0.00001419762074124293 	 0.00000000000000000000
2602 	 0.00008346426576927304 	 0.00000918347506331903 	 0.00000000000000000000
2603 	 0.00008346426576927304 	 0.00001176179534458853 	 0.00000000000000000000
2604 	 0.00008346426576927304 	 0.00001192244149995166 	 -0.00000000000000000000
2605 	 0.00008346426576927304 	 0.00001292350907339203 	 0.00000000000000000000
2606 	 0.00008346426576927304 	 0.00001663291878065685 	 0.00000000000000000000
2607 	 0.00008346426576927304 	 0.00001128639220512696 	 0.00000000000000000000
2608 	 0.00008346426576927304 	 0.00000773295641674435 	 0.00000000000000000000
2609 	 0.00008346426576927304 	 0.00001114429717109687 	 0.00000000000000000000
2610 	 0.00008346426576927304 	 0.00001270643180422781 	 -0.00000000000000000000
2611 	 0.00008346426576927304 	 0.00000772829044191650 	 0.00000000000000000000
2612 	 0.00008346426576927304 	 0.00001224382376365423 	 0.00000000000000000000
2613 	 0.00008346426576927304 	 0.00001015219247404040 	 0.00000000000000000000
2614 	 0.00008346426576927304 	 0.00001420951543209933 	 -0.00000000000000000000
2615 	 0.00008346426576927304 	 0.00000954246808521016 	 -0.00000000000000000000
2616 	 0.00008346426576927304 	 0.00000807151601512531 	 0.00000000000000000000
2617 	 0.00008346426576927304 	 0.00000835035548076019 	 0.00000000000000000000
2618 	 0.00008346426576927304 	 0.00000852979314009856 	 0.00000000000000000000
2619 	 0.00008346426576927304 	 0.00001281769282901826 	 0.00000000000000000000
2620 	 0.00008346426576927304 	 0.00000789397295132261 	 0.00000000000000000000
2621 	 0.00008346426576927304 	 0.00001091203285927913 	 0.00000000000000000000
2622 	 0.00008346426576927304 	 0.00000989718439646529 	 0.00000000000000000000
2623 	 0.00008346426576927304 	 0.00001170929607701672 	 0.00000000000000000000
2624 	 0.00008346426576927304 	 0.00001077356214946692 	 0.00000000000000000000
2625 	 0.00008346426576927304 	 0.00001012695703458435 	 0.00000000000000000000
2626 	 0.00008346426576927304 	 0.00001065688199445279 	 0.00000000000000000000
2627 	 0.00008346426576927304 	 0.00001329968298982325 	 0.00000000000000000000
2628 	 0.00008346426576927304 	 0.00001157800378787591 	 0.00000000000000000000
2629 	 0.00008346426576927304 	 0.00000992302148055952 	 0.00000000000000000000
2630 	 0.00008346426576927304 	 0.00001228080066467189 	 0.00000000000000000000
2631 	 0.00008346426576927304 	 0.00000948444637105945 	 0.00000000000000000000
2632 	 0.00008346426576927304 	 0.00000832510535269446 	 0.00000000000000000000
2633 	 0.00008346426576927304 	 0.00000896585733076705 	 0.00000000000000000000
2634 	 0.00008346426576927304 	 0.00000974085887253874 	 0.00000000000000000000
2635 	 0.00008346426576927304 	 0.00000892607306428260 	 0.00000000000000000000
2636 	 0.00008346426576927304 	 0.00001022052066750662 	 0.00000000000000000000
2637 	 0.00008346426576927304 	 0.00001145251164960367 	 0.00000000000000000000
2638 	 0.00008346426576927304 	 0.00001170157201991216 	 0.00000000000000000000
2639 	 0.00008346426576927304 	 0.00000850119543381238 	 0.00000000000000000000
2640 	 0.00008346426576927304 	 0.00001274915665730169 	 0.00000000000000000000
2641 	 0.00008346426576927304 	 0.00001179309909751215 	 0.00000000000000000000
2642 	 0.00008346426576927304 	 0.00001354652514656236 	 0.00000000000000000000
2643 	 0.00008346426576927304 	 0.00000861739745094867 	 0.00000000000000000000
2644 	 0.00008346426576927304 	 0.00000972304733798420 	 0.00000000000000000000
2645 	 0.00008346426576927304 	 0.00001103963017310562 	 0.00000000000000000000
2646 	 0.00008346426576927304 	 0.00001265392974461400 	 0.00000000000000000000
2647 	 0.00008346426576927304 	 0.00001104209634709604 	 0.00000000000000000000
2648 	 0.00008346438412869200 	 0.00001329429684907482 	 0.00000000000000000000
2649 	 0.00008346438412869200 	 0.00000901280304407331 	 0.00000000000000000000
2650 	 0.00008346438412869200 	 0.00000880419529536450 	 0.00000000000000000000
2651 	 0.00008346438412869200 	 0.00001066260861493211 	 0.00000000000000000000
2652 	 0.00008346438412869200 	 0.00001357221394746347 	 0.00000000000000000000
2653 	 0.00008346438412869200 	 0.00001687963085600863 	 0.00000000000000000000
2654 	 0.00008346438412869200 	 0.00001110471536289271 	 0.00000000000000000000
2655 	 0.00008346438412869200 	 0.00001160103755046262 	 0.00000000000000000000
2656 	 0.00008346438412869200 	 0.00001222479466884613 	 0.00000000000000000000
2657 	 0.00008346438412869200 	 0.00000899228123431650 	 0.00000000000000000000
2658 	 0.00008346438412869200 	 0.00001029693695872079 	 0.00000000000000000000
2659 	 0.00008346438412869200 	 0.00000776773344173815 	 0.00000000000000000000
2660 	 0.00008346438412869200 	 0.00001090083126809684 	 -0.00000000000000000000
2661 	 0.00008346438412869200 	 0.00001229943249841238 	 -0.00000000000000000000
2662 	 0.00008346438412869200 	 0.00001007032853486697 	 0.00000000000000000000
2663 	 0.00008346438412869200 	 0.00001303478630046761 	 0.00000000000000000000
2664 	 0.00008346438412869200 	 0.00001113274425081597 	 -0.00000000000000000000
2665 	 0.00008346438412869200 	 0.00001476225927750619 	 0.00000000000000000000
2666 	 0.00008346438412869200 	 0.00000972369204313732 	 0.00000000000000000000
2667 	 0.00008346438412869200 	 0.00001037690101162182 	 0.00000000000000000000
2668 	 0.00008346438412869200 	 0.00000958511055043888 	 0.00000000000000000000
2669 	 0.00008346438412869200 	 0.00000998062895517444 	 0.00000000000000000000
2670 	 0.00008346438412869200 	 0.00001178499706914856 	 0.00000000000000000000
2671 	 0.00008346438412869200 	 0.00000955835835840721 	 0.00000000000000000000
2672 	 0.00008346438412869200 	 0.00000780662231999854 	 0.00000000000000000000
2673 	 0.00008346438412869200 	 0.00001028223226937595 	 0.00000000000000000000
2674 	 0.00008346438412869200 	 0.00001510408355736408 	 0.00000000000000000000
2675 	 0.00008346438412869200 	 0.00001114679852646501 	 0.00000000000000000000
2676 	 0.00008346438412869200 	 0.00000789316658479171 	 0.00000000000000000000
2677 	 0.00008346438412869200 	 0.00000742835564911360 	 -0.00000000000000000000
2678 	 0.00008346438412869200 	 0.00000954611384717738 	 0.00000000000000000000
2679 	 0.00008346438412869200 	 0.00001059844591195436 	 0.00000000000000000000
2680 	 0.00008346438412869200 	 0.00001482587251387115 	 0.00000000000000000000
2681 	 0.00008346438412869200 	 0.00000815079009284256 	 0.00000000000000000000
2682 	 0.00008346438412869200 	 0.00001026815245574371 	 0.00000000000000000000
2683 	 0.00008346438412869200 	 0.00000827517973145851 	 0.00000000000000000000
2684 	 0.00008346438412869200 	 0.00001003333000291944 	 0.00000000000000000000
2685 	 0.00008346438412869200 	 0.00000786742909585745 	 0.00000000000000000000
2686 	 0.00008346438412869200 	 0.00001440468500376469 	 0.00000000000000000000
2687 	 0.00008346438412869200 	 0.00000951079626498563 	 -0.00000000000000000000
2688 	 0.00008346438412869200 	 0.00001001276611217356 	 -0.00000000000000000000
2689 	 0.00008346438412869200 	 0.00001318779004621893 	 0.00000000000000000000
2690 	 0.00008346438412869200 	 0.00001249163429204078 	 0.00000000000000000000
2691 	 0.00008346438412869200 	 0.00001091626701571793 	 0.00000000000000000000
2692 	 0.00008346438412869200 	 0.00001477995555828206 	 -0.00000000000000000000
2693 	 0.00008346438412869200 	 0.00001510453646590414 	 0.00000000000000000000
2694 	 0.00008346438412869200 	 0.00000706528589454889 	 0.00000000000000000000
2695 	 0.00008346438412869200 	 0.00001047873657800755 	 0.00000000000000000000
2696 	 0.00008346438412869200 	 0.00001037073785373540 	 0.00000000000000000000
2697 	 0.00008346438412869200 	 0.00000786023563264892 	 0.00000000000000000000
2698 	 0.00008346438412869200 	 0.00000951919270114548 	 0.00000000000000000000
2699 	 0.00008346438412869200 	 0.00000811993725013123 	 -0.00000000000000000000
2700 	 0.00008346438412869200 	 0.00000758452358064114 	 0.00000000000000000000
2701 	 0.00008346438412869200 	 0.00001061101026978722 	 0.00000000000000000000
2702 	 0.00008346438412869200 	 0.00000800157642932105 	 0.00000000000000000000
2703 	 0.00008346438412869200 	 0.00001000675415015646 	 0.00000000000000000000
2704 	 0.00008346438412869200 	 0.00000826896503270476 	 0.00000000000000000000
2705 	 0.00008346438412869200 	 0.00001069312499119336 	 -0.00000000000000000000
2706 	 0.00008346438412869200 	 0.00000983052104930167 	 0.00000000000000000000
2707 	 0.00008346438412869200 	 0.00000739477075468543 	 -0.00000000000000000000
2708 	 0.00008346438412869200 	 0.00001157287382846722 	 0.00000000000000000000
2709 	 0.00008346438412869200 	 0.00001029607461508842 	 0.00000000000000000000
2710 	 0.00008346438412869200 	 0.00001416229865807646 	 0.00000000000000000000
2711 	 0.00008346438412869200 	 0.00000730870718163917 	 0.00000000000000000000
2712 	 0.00008346438412869200 	 0.00001023509924667079 	 0.00000000000000000000
2713 	 0.00008346438412869200 	 0.00001173992885133158 	 0.00000000000000000000
2714 	 0.00008346438412869200 	 0.00000952114417177753 	 0.00000000000000000000
2715 	 0.00008346438412869200 	 0.00001120006995319591 	 0.00000000000000000000
2716 	 0.00008346438412869200 	 0.00000798135258286594 	 0.00000000000000000000
2717 	 0.00008346438412869200 	 0.00000792884716702711 	 0.00000000000000000000
2718 	 0.00008346438412869200 	 0.00001402914210381251 	 -0.00000000000000000000
2719 	 0.00008346438412869200 	 0.00000981919829849762 	 0.00000000000000000000
2720 	 0.00008346438412869200 	 0.00001081816222468387 	 -0.00000000000000000000
2721 	 0.00008346438412869200 	 0.00001104905592407908 	 0.00000000000000000000
2722 	 0.00008346438412869200 	 0.00000976264422744342 	 0.00000000000000000000
2723 	 0.00008346438412869200 	 0.00000913962589991830 	 0.00000000000000000000
2724 	 0.00008346438412869200 	 0.00001024980251861401 	 0.00000000000000000000
2725 	 0.00008346438412869200 	 0.00000928955812138759 	 0.00000000000000000000
2726 	 0.00008346438412869200 	 0.00000958617483576964 	 0.00000000000000000000
2727 	 0.00008346438412869200 	 0.00001276672462447741 	 0.00000000000000000000
2728 	 0.00008346438412869200 	 0.00000941539547907622 	 0.00000000000000000000
2729 	 0.00008346438412869200 	 0.00000766649608734518 	 0.00000000000000000000
2730 	 0.00008346438412869200 	 0.00001100764007312208 	 0.00000000000000000000
2731 	 0.00008346438412869200 	 0.00000934784127109788 	 0.00000000000000000000
2732 	 0.00008346438412869200 	 0.00001005508199218480 	 0.00000000000000000000
2733 	 0.00008346438412869200 	 0.00001210442278971807 	 0.00000000000000000000
2734 	 0.00008346438412869200 	 0.00000860449392387275 	 0.00000000000000000000
2735 	 0.00008346438412869200 	 0.00001181292659334800 	 0.00000000000000000000
2736 	 0.00008346438412869200 	 0.00001038606782047246 	 0.00000000000000000000
2737 	 0.00008346438412869200 	 0.00001266706703624366 	 0.00000000000000000000
2738 	 0.00008346438412869200 	 0.00000889348635516575 	 0.00000000000000000000
2739 	 0.00008346438412869200 	 0.00000888776029147158 	 0.00000000000000000000
2740 	 0.00008346438412869200 	 0.00000847934068459148 	 0.00000000000000000000
2741 	 0.00008346438412869200 	 0.00000717815274816018 	 0.00000000000000000000
2742 	 0.00008346438412869200 	 0.00000773494518072669 	 0.00000000000000000000
2743 	 0.00008346438412869200 	 0.00001144594578964684 	 0.00000000000000000000
2744 	 0.00008346438412869200 	 0.00001197313542923762 	 0.00000000000000000000
2745 	 0.00008346438412869200 	 0.00001145340833733883 	 0.00000000000000000000
2746 	 0.00008346438412869200 	 0.00001099273632828949 	 0.00000000000000000000
2747 	 0.00008346438412869200 	 0.00001711904476437904 	 0.00000000000000000000
2748 	 0.00008346438412869200 	 0.00001263181438746968 	 0.00000000000000000000
2749 	 0.00008346438412869200 	 0.00000824532054793763 	 0.00000000000000000000
2750 	 0.00008346438412869200 	 0.00000899294680583845 	 0.00000000000000000000
2751 	 0.00008346438412869200 	 0.00001180759143609526 	 0.00000000000000000000
2752 	 0.00008346438412869200 	 0.00000712822614909690 	 0.00000000000000000000
2753 	 0.00008346438412869200 	 0.00001023918437938541 	 0.00000000000000000000
2754 	 0.00008346438412869200 	 0.00000953572902084595 	 0.00000000000000000000
2755 	 0.00008346438412869200 	 0.00000777785405957396 	 0.00000000000000000000
2756 	 0.00008346438412869200 	 0.00000894360228090515 	 0.00000000000000000000
2757 	 0.00008346438412869200 	 0.00001372857578875004 	 0.00000000000000000000
2758 	 0.00008346438412869200 	 0.00001086508658749687 	 0.00000000000000000000
2759 	 0.00008346438412869200 	 0.00000938972078885291 	 -0.00000000000000000000
2760 	 0.00008346438412869200 	 0.00000965925207015494 	 0.00000000000000000000
2761 	 0.00008346438412869200 	 0.00001159571671512465 	 0.00000000000000000000
2762 	 0.00008346438412869200 	 0.00000893392522358951 	 0.00000000000000000000
2763 	 0.00008346438412869200 	 0.00000889209468475151 	 0.00000000000000000000
2764 	 0.00008346438412869200 	 0.00001077560256522299 	 0.00000000000000000000
2765 	 0.00008346438412869200 	 0.00001041440373829771 	 0.00000000000000000000
2766 	 0.00008346438412869200 	 0.00000862846551042986 	 -0.00000000000000000000
2767 	 0.00008346438412869200 	 0.00001057476194588146 	 -0.00000000000000000000
2768 	 0.00008346438412869200 	 0.00001314170021393758 	 0.00000000000000000000
2769 	 0.00008346438412869200 	 0.00000956017170993830 	 0.00000000000000000000
2770 	 0.00008346438412869200 	 0.00000897411478237897 	 0.00000000000000000000
2771 	 0.00008346438412869200 	 0.00001180826501230908 	 0.00000000000000000000
2772 	 0.00008346438412869200 	 0.00001007708911322369 	 0.00000000000000000000
2773 	 0.00008346438412869200 	 0.00001140170858839414 	 0.00000000000000000000
2774 	 0.00008346438412869200 	 0.00000841459512005667 	 0.00000000000000000000
2775 	 0.00008346438412869200 	 0.00000794128091078923 	 0.00000000000000000000
2776 	 0.00008346438412869200 	 0.00001007793161938137 	 0.00000000000000000000
2777 	 0.00008346438412869200 	 0.00001136332579682365 	 0.00000000000000000000
2778 	 0.00008346438412869200 	 0.00001032959523600936 	 0.00000000000000000000
2779 	 0.00008346438412869200 	 0.00000891759053435887 	 0.00000000000000000000
2780 	 0.00008346438412869200 	 0.00001011438866990753 	 0.00000000000000000000
2781 	 0.00008346438412869200 	 0.00000968153622030448 	 0.00000000000000000000
2782 	 0.00008346438412869200 	 0.00001040116660263476 	 0.00000000000000000000
2783 	 0.00008346438412869200 	 0.00001438450656864960 	 0.00000000000000000000
2784 	 0.00008346438412869200 	 0.00000999092716674774 	 0.00000000000000000000
2785 	 0.00008346438412869200 	 0.00000930186909543362 	 0.00000000000000000000
2786 	 0.00008346438412869200 	 0.00000797187085363909 	 0.00000000000000000000
2787 	 0.00008346438412869200 	 0.00001055273171037078 	 0.00000000000000000000
2788 	 0.00008346438412869200 	 0.00000811137939550508 	 0.00000000000000000000
2789 	 0.00008346438412869200 	 0.00000905058312158899 	 0.00000000000000000000
2790 	 0.00008346438412869200 	 0.00000967889179111924 	 0.00000000000000000000
2791 	 0.00008346438412869200 	 0.00001163031254288753 	 0.00000000000000000000
2792 	 0.00008346438412869200 	 0.00000850521545804229 	 0.00000000000000000000
2793 	 0.00008346438412869200 	 0.00001491657675557031 	 0.00000000000000000000
2794 	 0.00008346438412869200 	 0.00001496053870640579 	 0.00000000000000000000
2795 	 0.00008346438412869200 	 0.00000918023202543008 	 0.00000000000000000000
2796 	 0.00008346438412869200 	 0.00001205353061961192 	 0.00000000000000000000
2797 	 0.00008346438412869200 	 0.00001086200324628065 	 0.00000000000000000000
2798 	 0.00008346438412869200 	 0.00000925051129980951 	 0.00000000000000000000
2799 	 0.00008346438412869200 	 0.00000990654922656497 	 -0.00000000000000000000
2800 	 0.00008346438412869200 	 0.00001077188570633263 	 0.00000000000000000000
2801 	 0.00008346438412869200 	 0.00001248992995045167 	 0.00000000000000000000
2802 	 0.00008346438412869200 	 0.00001148494573134784 	 0.00000000000000000000
2803 	 0.00008346438412869200 	 0.00000939919968271245 	 0.00000000000000000000
2804 	 0.00008346438412869200 	 0.00000895381673841459 	 0.00000000000000000000
2805 	 0.00008346438412869200 	 0.00001015266138163577 	 0.00000000000000000000
2806 	 0.00008346438412869200 	 0.00000883292651506545 	 0.00000000000000000000
2807 	 0.00008346438412869200 	 0.00001217710030599759 	 0.00000000000000000000
2808 	 0.00008346438412869200 	 0.00000860968385151697 	 0.00000000000000000000
2809 	 0.00008346438412869200 	 0.00000943537353572033 	 0.00000000000000000000
2810 	 0.00008346438412869200 	 0.00000878492288223149 	 -0.00000000000000000000
2811 	 0.00008346438412869200 	 0.00001137442571770681 	 0.00000000000000000000
2812 	 0.00008346438412869200 	 0.00001008107801761632 	 0.00000000000000000000
2813 	 0.00008346438412869200 	 0.00001101859234366381 	 0.00000000000000000000
2814 	 0.00008346438412869200 	 0.00001008763055863277 	 0.00000000000000000000
2815 	 0.00008346438412869200 	 0.00000934265775461671 	 -0.00000000000000000000
2816 	 0.00008346438412869200 	 0.00001067585654269876 	 0.00000000000000000000
2817 	 0.00008346438412869200 	 0.00001054510170414886 	 0.00000000000000000000
2818 	 0.00008346438412869200 	 0.00001628525001936965 	 0.00000000000000000000
2819 	 0.00008346438412869200 	 0.00001350865281467506 	 0.00000000000000000000
2820 	 0.00008346438412869200 	 0.00001093977390487325 	 0.00000000000000000000
2821 	 0.00008346438412869200 	 0.00001134834460017624 	 0.00000000000000000000
2822 	 0.00008346438412869200 	 0.00000961007128162101 	 0.00000000000000000000
2823 	 0.00008346438412869200 	 0.00001311680275588143 	 -0.00000000000000000000
2824 	 0.00008346438412869200 	 0.00001334200154254774 	 0.00000000000000000000
2825 	 0.00008346438412869200 	 0.00001420739129983189 	 0.00000000000000000000
2826 	 0.00008346438412869200 	 0.00000911485578511918 	 0.00000000000000000000
2827 	 0.00008346438412869200 	 0.00000875111922048920 	 0.00000000000000000000
2828 	 0.00008346438412869200 	 0.00001271114447234157 	 0.00000000000000000000
2829 	 0.00008346438412869200 	 0.00001430560904224782 	 0.00000000000000000000
2830 	 0.00008346438412869200 	 0.00001299274416944647 	 0.00000000000000000000
2831 	 0.00008346438412869200 	 0.00000831388660123662 	 0.00000000000000000000
2832 	 0.00008346438412869200 	 0.00000774961305415050 	 0.00000000000000000000
2833 	 0.00008346438412869200 	 0.00001179846073730388 	 0.00000000000000000000
2834 	 0.00008346438412869200 	 0.00001214516683994540 	 0.00000000000000000000
2835 	 0.00008346438412869200 	 0.00001068569353956421 	 0.00000000000000000000
2836 	 0.00008346438412869200 	 0.00000918294338261028 	 0.00000000000000000000
2837 	 0.00008346438412869200 	 0.00001275531769625159 	 0.00000000000000000000
2838 	 0.00008346438412869200 	 0.00000735354575797883 	 0.00000000000000000000
2839 	 0.00008346438412869200 	 0.00000860400509624101 	 0.00000000000000000000
2840 	 0.00008346438412869200 	 0.00001055651798925350 	 0.00000000000000000000
2841 	 0.00008346438412869200 	 0.00000828691263752439 	 0.00000000000000000000
2842 	 0.00008346438412869200 	 0.00001035339240718304 	 0.00000000000000000000
2843 	 0.00008346438412869200 	 0.00001181718802630334 	 0.00000000000000000000
2844 	 0.00008346438412869200 	 0.00001187009687468117 	 0.00000000000000000000
2845 	 0.00008346438412869200 	 0.00001217821589964790 	 0.00000000000000000000
2846 	 0.00008346438412869200 	 0.00001198369203089769 	 0.00000000000000000000
2847 	 0.00008346438412869200 	 0.00000824874299119627 	 0.00000000000000000000
2848 	 0.00008346438412869200 	 0.00001044690946314389 	 -0.00000000000000000000
2849 	 0.00008346438412869200 	 0.00001174112078571776 	 0.00000000000000000000
2850 	 0.00008346438412869200 	 0.00001229889777894415 	 0.00000000000000000000
2851 	 0.00008346438412869200 	 0.00001342168685926991 	 0.00000000000000000000
2852 	 0.00008346438412869200 	 0.00001243513894628510 	 0.00000000000000000000
2853 	 0.00008346438412869200 	 0.00000885982338459981 	 0.00000000000000000000
2854 	 0.00008346438412869200 	 0.00000937626281995174 	 0.00000000000000000000
2855 	 0.00008346438412869200 	 0.00001130717871677538 	 0.00000000000000000000
2856 	 0.00008346438412869200 	 0.00001622665402172131 	 0.00000000000000000000
2857 	 0.00008346438412869200 	 0.00001037359506720749 	 0.00000000000000000000
2858 	 0.00008346438412869200 	 0.00001617149412674307 	 0.00000000000000000000
2859 	 0.00008346438412869200 	 0.00000920768739987115 	 0.00000000000000000000
2860 	 0.00008346438412869200 	 0.00001082237231279052 	 -0.00000000000000000000
2861 	 0.00008346438412869200 	 0.00000881590096259090 	 0.00000000000000000000
2862 	 0.00008346438412869200 	 0.00001244075091646391 	 0.00000000000000000000
2863 	 0.00008346438412869200 	 0.00001050110422162418 	 0.00000000000000000000
2864 	 0.00008346438412869200 	 0.00000941938316147426 	 0.00000000000000000000
2865 	 0.00008346438412869200 	 0.00000870942907119300 	 0.00000000000000000000
2866 	 0.00008346438412869200 	 0.00000892929688752416 	 0.00000000000000000000
2867 	 0.00008346438412869200 	 0.00000820144284054872 	 0.00000000000000000000
2868 	 0.00008346438412869200 	 0.00000939596961069097 	 0.00000000000000000000
2869 	 0.00008346438412869200 	 0.00000941393773211948 	 0.00000000000000000000
2870 	 0.00008346438412869200 	 0.00001315899101695825 	 -0.00000000000000000000
2871 	 0.00008346438412869200 	 0.00000920642024955653 	 0.00000000000000000000
2872 	 0.00008346438412869200 	 0.00000861693102152261 	 -0.00000000000000000000
2873 	 0.00008346438412869200 	 0.00000911802242172756 	 0.00000000000000000000
2874 	 0.00008346438412869200 	 0.00001020915217191792 	 0.00000000000000000000
2875 	 0.00008346438412869200 	 0.00001091349184524145 	 0.00000000000000000000
2876 	 0.00008346438412869200 	 0.00000881846737565083 	 0.00000000000000000000
2877 	 0.00008346438412869200 	 0.00001149103778314664 	 0.00000000000000000000
2878 	 0.00008346438412869200 	 0.00000795370774156062 	 0.00000000000000000000
2879 	 0.00008346438412869200 	 0.00000906779882772610 	 0.00000000000000000000
2880 	 0.00008346438412869200 	 0.00001106274304992779 	 0.00000000000000000000
2881 	 0.00008346438412869200 	 0.00000957123941210977 	 0.00000000000000000000
2882 	 0.00008346438412869200 	 0.00001270036733285449 	 0.00000000000000000000
2883 	 0.00008346438412869200 	 0.00000774967255786098 	 0.00000000000000000000
2884 	 0.00008346438412869200 	 0.00000989701632348753 	 0.00000000000000000000
2885 	 0.00008346438412869200 	 0.00001404510864612774 	 0.00000000000000000000
2886 	 0.00008346438412869200 	 0.00001206063557728138 	 0.00000000000000000000
2887 	 0.00008346438412869200 	 0.00001161248468518920 	 0.00000000000000000000
2888 	 0.00008346438412869200 	 0.00001174092680585137 	 0.00000000000000000000
2889 	 0.00008346438412869200 	 0.00001081879836834436 	 0.00000000000000000000
2890 	 0.00008346438412869200 	 0.00001097209244458210 	 0.00000000000000000000
2891 	 0.00008346438412869200 	 0.00001055563527944945 	 0.00000000000000000000
2892 	 0.00008346438412869200 	 0.00000956945406949410 	 0.00000000000000000000
2893 	 0.00008346438412869200 	 0.00000931873544369144 	 0.00000000000000000000
2894 	 0.00008346438412869200 	 0.00000973676956797257 	 -0.00000000000000000000
2895 	 0.00008346438412869200 	 0.00000807302688191341 	 0.00000000000000000000
2896 	 0.00008346438412869200 	 0.00001320389085763444 	 0.00000000000000000000
2897 	 0.00008346438412869200 	 0.00000908622478841494 	 0.00000000000000000000
2898 	 0.00008346438412869200 	 0.00001244294285041196 	 0.00000000000000000000
2899 	 0.00008346438412869200 	 0.00001197115224947899 	 -0.00000000000000000000
2900 	 0.00008346438412869200 	 0.00000741284583635402 	 0.00000000000000000000
2901 	 0.00008346438412869200 	 0.00001116877072123819 	 0.00000000000000000000
2902 	 0.00008346438412869200 	 0.00001285896458898067 	 0.00000000000000000000
2903 	 0.00008346438412869200 	 0.00001280522409921857 	 0.00000000000000000000
2904 	 0.00008356169339920972 	 0.00000899135888960059 	 -0.00000000000000000000
2905 	 0.00008356169339920972 	 0.00000931423923699777 	 0.00000000000000000000
2906 	 0.00008356169339920972 	 0.00001083090403667646 	 0.00000000000000000000
2907 	 0.00008356169339920972 	 0.00001380250682022596 	 0.00000000000000000000
2908 	 0.00008356169339920972 	 0.00001012181978367489 	 0.00000000000000000000
2909 	 0.00008356169339920972 	 0.00000941706682624919 	 0.00000000000000000000
2910 	 0.00008356169339920972 	 0.00000916789643840084 	 0.00000000000000000000
2911 	 0.00008356169339920972 	 0.00000906965565629860 	 0.00000000000000000000
2912 	 0.00008356169339920972 	 0.00000951662682450617 	 0.00000000000000000000
2913 	 0.00008356169339920972 	 0.00000726209599023583 	 0.00000000000000000000
2914 	 0.00008356169339920972 	 0.00000905363260728976 	 0.00000000000000000000
2915 	 0.00008356169339920972 	 0.00001220172384079843 	 0.00000000000000000000
2916 	 0.00008356169339920972 	 0.00001210322968977032 	 0.00000000000000000000
2917 	 0.00008356169339920972 	 0.00001119918312240639 	 -0.00000000000000000000
2918 	 0.00008356169339920972 	 0.00001314813628457282 	 0.00000000000000000000
2919 	 0.00008356169339920972 	 0.00000939993572590999 	 0.00000000000000000000
2920 	 0.00008356169339920972 	 0.00001482967489541840 	 0.00000000000000000000
2921 	 0.00008356169339920972 	 0.00000806527655558703 	 0.00000000000000000000
2922 	 0.00008356169339920972 	 0.00001070484075354618 	 0.00000000000000000000
2923 	 0.00008356169339920972 	 0.00001301581832267157 	 0.00000000000000000000
2924 	 0.00008356169339920972 	 0.00000907326614896763 	 0.00000000000000000000
2925 	 0.00008356169339920972 	 0.00001135280964787125 	 0.00000000000000000000
2926 	 0.00008356169339920972 	 0.00001710714365609010 	 0.00000000000000000000
2927 	 0.00008356169339920972 	 0.00001244216171817717 	 0.00000000000000000000
2928 	 0.00008356169339920972 	 0.00001147764347465856 	 0.00000000000000000000
2929 	 0.00008356169339920972 	 0.00001504918614211629 	 0.00000000000000000000
2930 	 0.00008356169339920972 	 0.00001221342192612540 	 0.00000000000000000000
2931 	 0.00008356169339920972 	 0.00001087486123915593 	 0.00000000000000000000
2932 	 0.00008356169339920972 	 0.00000983025459256594 	 0.00000000000000000000
2933 	 0.00008356169339920972 	 0.00000967323127365614 	 0.00000000000000000000
2934 	 0.00008356169339920972 	 0.00000935727318221625 	 0.00000000000000000000
2935 	 0.00008356169339920972 	 0.00001311043478009388 	 0.00000000000000000000
2936 	 0.00008356169339920972 	 0.00000960381020751463 	 0.00000000000000000000
2937 	 0.00008356169339920972 	 0.00001235716841703969 	 0.00000000000000000000
2938 	 0.00008356169339920972 	 0.00001155151531659173 	 0.00000000000000000000
2939 	 0.00008356169339920972 	 0.00000789395610179364 	 0.00000000000000000000
2940 	 0.00008356169339920972 	 0.00001054163176732363 	 0.00000000000000000000
2941 	 0.00008356169339920972 	 0.00000760727835262564 	 -0.00000000000000000000
2942 	 0.00008356169339920972 	 0.00001207960422358076 	 -0.00000000000000000000
2943 	 0.00008356169339920972 	 0.00000989841213362636 	 0.00000000000000000000
2944 	 0.00008356169339920972 	 0.00001233427451405302 	 0.00000000000000000000
2945 	 0.00008356169339920972 	 0.00001048268390268746 	 0.00000000000000000000
2946 	 0.00008356169339920972 	 0.00001066251766641825 	 0.00000000000000000000
2947 	 0.00008356169339920972 	 0.00000738509141560573 	 0.00000000000000000000
2948 	 0.00008356169339920972 	 0.00001171479166663455 	 0.00000000000000000000
2949 	 0.00008356169339920972 	 0.00001255772135064152 	 0.00000000000000000000
2950 	 0.00008356169339920972 	 0.00000973031038475117 	 0.00000000000000000000
2951 	 0.00008356169339920972 	 0.00000958210238652533 	 0.00000000000000000000
2952 	 0.00008356169339920972 	 0.00001101959839137418 	 0.00000000000000000000
2953 	 0.00008356169339920972 	 0.00000941024760917105 	 0.00000000000000000000
2954 	 0.00008356169339920972 	 0.00000885848011497342 	 -0.00000000000000000000
2955 	 0.00008356169339920972 	 0.00000928057166181268 	 0.00000000000000000000
2956 	 0.00008356169339920972 	 0.00001067568377490205 	 0.00000000000000000000
2957 	 0.00008356169339920972 	 0.00001237227012068327 	 -0.00000000000000000000
2958 	 0.00008356169339920972 	 0.00001223550065224910 	 0.00000000000000000000
2959 	 0.00008356169339920972 	 0.00000935136206232595 	 -0.00000000000000000000
2960 	 0.00008356169339920972 	 0.00000925821513250703 	 0.00000000000000000000
2961 	 0.00008356169339920972 	 0.00000828400967211033 	 0.00000000000000000000
2962 	 0.00008356169339920972 	 0.00001073772783845776 	 -0.00000000000000000000
2963 	 0.00008356169339920972 	 0.00001196206950172584 	 0.00000000000000000000
2964 	 0.00008356169339920972 	 0.00000957982188660017 	 0.00000000000000000000
2965 	 0.00008356169339920972 	 0.00001229902199408469 	 0.00000000000000000000
2966 	 0.00008356169339920972 	 0.00000849579247051865 	 0.00000000000000000000
2967 	 0.00008356169339920972 	 0.00000988983023003203 	 0.00000000000000000000
2968 	 0.00008356169339920972 	 0.00000746372154519953 	 0.00000000000000000000
2969 	 0.00008356169339920972 	 0.00000968717267226680 	 0.00000000000000000000
2970 	 0.00008356169339920972 	 0.00000868918928255505 	 0.00000000000000000000
2971 	 0.00008356169339920972 	 0.00001435139531122843 	 0.00000000000000000000
2972 	 0.00008356169339920972 	 0.00000863008645127908 	 0.00000000000000000000
2973 	 0.00008356169339920972 	 0.00000887503854018911 	 0.00000000000000000000
2974 	 0.00008356169339920972 	 0.00001369564857893415 	 0.00000000000000000000
2975 	 0.00008356169339920972 	 0.00001056483036035393 	 0.00000000000000000000
2976 	 0.00008356169339920972 	 0.00001353243306974990 	 0.00000000000000000000
2977 	 0.00008356169339920972 	 0.00001074724019670687 	 0.00000000000000000000
2978 	 0.00008356169339920972 	 0.00000892494437770621 	 -0.00000000000000000000
2979 	 0.00008356169339920972 	 0.00000885897714539018 	 0.00000000000000000000
2980 	 0.00008356169339920972 	 0.00000896533981905167 	 0.00000000000000000000
2981 	 0.00008356169339920972 	 0.00001161040618719915 	 0.00000000000000000000
2982 	 0.00008356169339920972 	 0.00001210004862601884 	 0.00000000000000000000
2983 	 0.00008356169339920972 	 0.00001583417632703203 	 0.00000000000000000000
2984 	 0.00008356169339920972 	 0.00001033241954872741 	 0.00000000000000000000
2985 	 0.00008356169339920972 	 0.00000847724403674096 	 0.00000000000000000000
2986 	 0.00008356169339920972 	 0.00000918961730355852 	 0.00000000000000000000
2987 	 0.00008356169339920972 	 0.00000935166301732339 	 0.00000000000000000000
2988 	 0.00008356169339920972 	 0.00001295313247549588 	 0.00000000000000000000
2989 	 0.00008356169339920972 	 0.00001044743562150746 	 0.00000000000000000000
2990 	 0.00008356169339920972 	 0.00001038317194706769 	 0.00000000000000000000
2991 	 0.00008356169339920972 	 0.00001048276098865674 	 0.00000000000000000000
2992 	 0.00008356169339920972 	 0.00000805318711187978 	 0.00000000000000000000
2993 	 0.00008356169339920972 	 0.00000919686990732245 	 0.00000000000000000000
2994 	 0.00008356169339920972 	 0.00001263129822020422 	 0.00000000000000000000
2995 	 0.00008356169339920972 	 0.00000802105494526414 	 0.00000000000000000000
2996 	 0.00008356169339920972 	 0.00000896707698164629 	 0.00000000000000000000
2997 	 0.00008356169339920972 	 0.00001315088100224286 	 0.00000000000000000000
2998 	 0.00008356169339920972 	 0.00000921511933332713 	 0.00000000000000000000
2999 	 0.00008356169339920972 	 0.00000768265570405498 	 0.00000000000000000000
3000 	 0.00008356169339920972 	 0.00000878966541609496 	 0.00000000000000000000
3001 	 0.00008356169339920972 	 0.00001035591182584273 	 0.00000000000000000000
3002 	 0.00008356169339920972 	 0.00001140052366050968 	 0.00000000000000000000
3003 	 0.00008356169339920972 	 0.00000994861169341796 	 -0.00000000000000000000
3004 	 0.00008356169339920972 	 0.00000916204711497452 	 0.00000000000000000000
3005 	 0.00008356169339920972 	 0.00000733075938311118 	 0.00000000000000000000
3006 	 0.00008356169339920972 	 0.00000889145915646761 	 0.00000000000000000000
3007 	 0.00008356169339920972 	 0.00000871064877944181 	 0.00000000000000000000
3008 	 0.00008356169339920972 	 0.00001203437209298331 	 0.00000000000000000000
3009 	 0.00008356169339920972 	 0.00001378070227950863 	 0.00000000000000000000
3010 	 0.00008356169339920972 	 0.00001018088316757930 	 0.00000000000000000000
3011 	 0.00008356169339920972 	 0.00000942600358928696 	 0.00000000000000000000
3012 	 0.00008356169339920972 	 0.00000939564597673879 	 0.00000000000000000000
3013 	 0.00008356169339920972 	 0.00001528904173443479 	 0.00000000000000000000
3014 	 0.00008356169339920972 	 0.00000979329442275156 	 -0.00000000000000000000
3015 	 0.00008356169339920972 	 0.00001397857521045335 	 0.00000000000000000000
3016 	 0.00008356169339920972 	 0.00001299538889319630 	 0.00000000000000000000
3017 	 0.00008356169339920972 	 0.00000866130116984121 	 0.00000000000000000000
3018 	 0.00008356169339920972 	 0.00000899987993285274 	 0.00000000000000000000
3019 	 0.00008356169339920972 	 0.00000991418104047833 	 -0.00000000000000000000
3020 	 0.00008356169339920972 	 0.00000796269552659786 	 -0.00000000000000000000
3021 	 0.00008356169339920972 	 0.00001666224157291291 	 0.00000000000000000000
3022 	 0.00008356169339920972 	 0.00001110452676019819 	 0.00000000000000000000
3023 	 0.00008356169339920972 	 0.00000785584558327304 	 0.00000000000000000000
3024 	 0.00008356169339920972 	 0.00001574430289597275 	 0.00000000000000000000
3025 	 0.00008356169339920972 	 0.00000885853030241820 	 0.00000000000000000000
3026 	 0.00008356169339920972 	 0.00001025401853664955 	 0.00000000000000000000
3027 	 0.00008356169339920972 	 0.00001062162780434277 	 -0.00000000000000000000
3028 	 0.00008356169339920972 	 0.00001260844345321658 	 0.00000000000000000000
3029 	 0.00008356169339920972 	 0.00001240284273361057 	 0.00000000000000000000
3030 	 0.00008356169339920972 	 0.00001035280616360969 	 0.00000000000000000000
3031 	 0.00008356169339920972 	 0.00000757001723548299 	 0.00000000000000000000
3032 	 0.00008356169339920972 	 0.00000769835981734742 	 -0.00000000000000000000
3033 	 0.00008356169339920972 	 0.00001044128729983360 	 0.00000000000000000000
3034 	 0.00008356169339920972 	 0.00000973932217621394 	 0.00000000000000000000
3035 	 0.00008356169339920972 	 0.00001101148675234401 	 0.00000000000000000000
3036 	 0.00008356169339920972 	 0.00000936985446078762 	 0.00000000000000000000
3037 	 0.00008356169339920972 	 0.00000918642284929364 	 0.00000000000000000000
3038 	 0.00008356169339920972 	 0.00000773025149480887 	 0.00000000000000000000
3039 	 0.00008356169339920972 	 0.00000897990080449683 	 0.00000000000000000000
3040 	 0.00008356169339920972 	 0.00001111653698810137 	 0.00000000000000000000
3041 	 0.00008356169339920972 	 0.00000970904949323327 	 0.00000000000000000000
3042 	 0.00008356169339920972 	 0.00000986711814322400 	 0.00000000000000000000
3043 	 0.00008356169339920972 	 0.00001463160750710955 	 0.00000000000000000000
3044 	 0.00008356169339920972 	 0.00001161434513453413 	 0.00000000000000000000
3045 	 0.00008356169339920972 	 0.00000976045324568878 	 0.00000000000000000000
3046 	 0.00008356169339920972 	 0.00000956777696399926 	 0.00000000000000000000
3047 	 0.00008356169339920972 	 0.00001137524883026952 	 -0.00000000000000000000
3048 	 0.00008356169339920972 	 0.00001237136383673754 	 0.00000000000000000000
3049 	 0.00008356169339920972 	 0.00000894118291806059 	 0.00000000000000000000
3050 	 0.00008356169339920972 	 0.00001006814642804819 	 -0.00000000000000000000
3051 	 0.00008356169339920972 	 0.00001014519323934071 	 0.00000000000000000000
3052 	 0.00008356169339920972 	 0.00001389354798472982 	 0.00000000000000000000
3053 	 0.00008356169339920972 	 0.00001115797812736866 	 -0.00000000000000000000
3054 	 0.00008356169339920972 	 0.00000968023726966177 	 0.00000000000000000000
3055 	 0.00008356169339920972 	 0.00000970378823731655 	 -0.00000000000000000000
3056 	 0.00008356169339920972 	 0.00000782065372723477 	 0.00000000000000000000
3057 	 0.00008356169339920972 	 0.00000992044773374877 	 0.00000000000000000000
3058 	 0.00008356169339920972 	 0.00001028779451369590 	 0.00000000000000000000
3059 	 0.00008356169339920972 	 0.00001117565285460531 	 0.00000000000000000000
3060 	 0.00008356169339920972 	 0.00000783232687851895 	 -0.00000000000000000000
3061 	 0.00008356169339920972 	 0.00000844913419284559 	 0.00000000000000000000
3062 	 0.00008356169339920972 	 0.00000953282504307721 	 0.00000000000000000000
3063 	 0.00008356169339920972 	 0.00001121198998406941 	 -0.00000000000000000000
3064 	 0.00008356169339920972 	 0.00001035291829486397 	 0.00000000000000000000
3065 	 0.00008356169339920972 	 0.00000923426069233828 	 0.00000000000000000000
3066 	 0.00008356169339920972 	 0.00001619667515986760 	 0.00000000000000000000
3067 	 0.00008356169339920972 	 0.00001062366428674111 	 0.00000000000000000000
3068 	 0.00008356169339920972 	 0.00000875127343819405 	 0.00000000000000000000
3069 	 0.00008356169339920972 	 0.00001141757418265181 	 0.00000000000000000000
3070 	 0.00008356169339920972 	 0.00001313309046195099 	 -0.00000000000000000000
3071 	 0.00008356169339920972 	 0.00001075143341626745 	 0.00000000000000000000
3072 	 0.00008356169339920972 	 0.00001017011515764250 	 0.00000000000000000000
3073 	 0.00008356169339920972 	 0.00000987773012273908 	 0.00000000000000000000
3074 	 0.00008356169339920972 	 0.00001080018655339712 	 0.00000000000000000000
3075 	 0.00008356169339920972 	 0.00000884404105431192 	 0.00000000000000000000
3076 	 0.00008356169339920972 	 0.00001188850591023574 	 0.00000000000000000000
3077 	 0.00008356169339920972 	 0.00001269658919918709 	 -0.00000000000000000000
3078 	 0.00008356169339920972 	 0.00001072106806406876 	 0.00000000000000000000
3079 	 0.00008356169339920972 	 0.00001125774444980035 	 -0.00000000000000000000
3080 	 0.00008356169339920972 	 0.00000893011529012628 	 0.00000000000000000000
3081 	 0.00008356169339920972 	 0.00000910140368352075 	 0.00000000000000000000
3082 	 0.00008356169339920972 	 0.00000873475302593428 	 -0.00000000000000000000
3083 	 0.00008356169339920972 	 0.00000991626025508588 	 0.00000000000000000000
3084 	 0.00008356169339920972 	 0.00001239590825725820 	 0.00000000000000000000
3085 	 0.00008356169339920972 	 0.00000895276944038000 	 0.00000000000000000000
3086 	 0.00008356169339920972 	 0.00001431239318414591 	 0.00000000000000000000
3087 	 0.00008356169339920972 	 0.00001210765714407419 	 0.00000000000000000000
3088 	 0.00008356169339920972 	 0.00001394472729522882 	 0.00000000000000000000
3089 	 0.00008356169339920972 	 0.00000722151753813530 	 0.00000000000000000000
3090 	 0.00008356169339920972 	 0.00001052450948440135 	 0.00000000000000000000
3091 	 0.00008356169339920972 	 0.00000870125087952262 	 0.00000000000000000000
3092 	 0.00008356169339920972 	 0.00001272587885715593 	 0.00000000000000000000
3093 	 0.00008356169339920972 	 0.00001183560649284664 	 0.00000000000000000000
3094 	 0.00008356169339920972 	 0.00000759208636841394 	 0.00000000000000000000
3095 	 0.00008356169339920972 	 0.00000755828156515542 	 0.00000000000000000000
3096 	 0.00008356169339920972 	 0.00001185523177166784 	 -0.00000000000000000000
3097 	 0.00008356169339920972 	 0.00001008582229534430 	 -0.00000000000000000000
3098 	 0.00008356169339920972 	 0.00000887981220060052 	 0.00000000000000000000
3099 	 0.00008356169339920972 	 0.00001692944148515214 	 0.00000000000000000000
3100 	 0.00008356169339920972 	 0.00001035250459000445 	 0.00000000000000000000
3101 	 0.00008356169339920972 	 0.00001060367712357822 	 -0.00000000000000000000
3102 	 0.00008356169339920972 	 0.00000849614716239637 	 -0.00000000000000000000
3103 	 0.00008356169339920972 	 0.00001064625113535568 	 0.00000000000000000000
3104 	 0.00008356169339920972 	 0.00001091685081906435 	 0.00000000000000000000
3105 	 0.00008356169339920972 	 0.00000906419097205833 	 0.00000000000000000000
3106 	 0.00008356169339920972 	 0.00000734710663337497 	 0.00000000000000000000
3107 	 0.00008356169339920972 	 0.00001125255937594804 	 0.00000000000000000000
3108 	 0.00008356169339920972 	 0.00001059100461105094 	 -0.00000000000000000000
3109 	 0.00008356169339920972 	 0.00001030215542172949 	 0.00000000000000000000
3110 	 0.00008356169339920972 	 0.00001186686900211153 	 -0.00000000000000000000
3111 	 0.00008356169339920972 	 0.00001171474920189166 	 0.00000000000000000000
3112 	 0.00008356169339920972 	 0.00001083404750761755 	 0.00000000000000000000
3113 	 0.00008356169339920972 	 0.00000801217182247208 	 -0.00000000000000000000
3114 	 0.00008356169339920972 	 0.00001046212597725593 	 0.00000000000000000000
3115 	 0.00008356169339920972 	 0.00001191176893217398 	 0.00000000000000000000
3116 	 0.00008356169339920972 	 0.00001068031873073777 	 0.00000000000000000000
3117 	 0.00008356169339920972 	 0.00001187500372588352 	 0.00000000000000000000
3118 	 0.00008356169339920972 	 0.00000874688273187677 	 0.00000000000000000000
3119 	 0.00008356169339920972 	 0.00000958641219726796 	 0.00000000000000000000
3120 	 0.00008356169339920972 	 0.00000924911529519758 	 0.00000000000000000000
3121 	 0.00008356169339920972 	 0.00001295417900336244 	 0.00000000000000000000
3122 	 0.00008356169339920972 	 0.00001054278057546556 	 0.00000000000000000000
3123 	 0.00008356169339920972 	 0.00001156655996166586 	 0.00000000000000000000
3124 	 0.00008356169339920972 	 0.00000968944279800615 	 0.00000000000000000000
3125 	 0.00008356169339920972 	 0.00001252298791808334 	 0.00000000000000000000
3126 	 0.00008356169339920972 	 0.00001203748330134520 	 -0.00000000000000000000
3127 	 0.00008356169339920972 	 0.00001129692318286316 	 0.00000000000000000000
3128 	 0.00008356169339920972 	 0.00001017530281054589 	 0.00000000000000000000
3129 	 0.00008356169339920972 	 0.00001151238858591156 	 0.00000000000000000000
3130 	 0.00008356169339920972 	 0.00000979180355451343 	 0.00000000000000000000
3131 	 0.00008356169339920972 	 0.00001240733625924463 	 0.00000000000000000000
3132 	 0.00008356169339920972 	 0.00001201632921477749 	 0.00000000000000000000
3133 	 0.00008356169339920972 	 0.00000757108617756350 	 0.00000000000000000000
3134 	 0.00008356169339920972 	 0.00001089015002191164 	 0.00000000000000000000
3135 	 0.00008356169339920972 	 0.00001162742939687603 	 0.00000000000000000000
3136 	 0.00008356169339920972 	 0.00001046597359429669 	 0.00000000000000000000
3137 	 0.00008356169339920972 	 0.00000880385891870595 	 0.00000000000000000000
3138 	 0.00008356169339920972 	 0.00001057511328040705 	 0.00000000000000000000
3139 	 0.00008356169339920972 	 0.00000910970723728533 	 0.00000000000000000000
3140 	 0.00008356169339920972 	 0.00001203545579345080 	 0.00000000000000000000
3141 	 0.00008356169339920972 	 0.00001305538574492032 	 0.00000000000000000000
3142 	 0.00008356169339920972 	 0.00000999610815232923 	 0.00000000000000000000
3143 	 0.00008356169339920972 	 0.00001031990567426052 	 0.00000000000000000000
3144 	 0.00008356169339920972 	 0.00000807708679608280 	 0.00000000000000000000
3145 	 0.00008356169339920972 	 0.00001084911790311614 	 -0.00000000000000000000
3146 	 0.00008356169339920972 	 0.00001551307427885626 	 0.00000000000000000000
3147 	 0.00008356169339920972 	 0.00001333777336735295 	 -0.00000000000000000000
3148 	 0.00008356169339920972 	 0.00000953731251679376 	 0.00000000000000000000
3149 	 0.00008356169339920972 	 0.00000905592516362006 	 0.00000000000000000000
3150 	 0.00008356169339920972 	 0.00000928826101624487 	 0.00000000000000000000
3151 	 0.00008356169339920972 	 0.00001337189851937145 	 0.00000000000000000000
3152 	 0.00008356169339920972 	 0.00001107256069755384 	 0.00000000000000000000
3153 	 0.00008356169339920972 	 0.00001214358975746621 	 0.00000000000000000000
3154 	 0.00008356169339920972 	 0.00000954640918796522 	 0.00000000000000000000
3155 	 0.00008356169339920972 	 0.00001095471660901809 	 0.00000000000000000000
3156 	 0.00008356169339920972 	 0.00001183048358789762 	 0.00000000000000000000
3157 	 0.00008356169339920972 	 0.00001161740491451853 	 0.00000000000000000000
3158 	 0.00008356169339920972 	 0.00000989764466381142 	 0.00000000000000000000
3159 	 0.00008356169339920972 	 0.00001191589341088969 	 0.00000000000000000000
3160 	 0.00008356169339920972 	 0.00000909733171873933 	 0.00000000000000000000
3161 	 0.00008356169339920972 	 0.00000754689572093092 	 0.00000000000000000000
3162 	 0.00008356169339920972 	 0.00000849175371977074 	 0.00000000000000000000
3163 	 0.00008356169339920972 	 0.00001107931510172175 	 0.00000000000000000000
3164 	 0.00008356169339920972 	 0.00001311740968150644 	 0.00000000000000000000
3165 	 0.00008356169339920972 	 0.00000886832261868388 	 0.00000000000000000000
3166 	 0.00008356169339920972 	 0.00001326953511485561 	 0.00000000000000000000
3167 	 0.00008356169339920972 	 0.00000991903067923964 	 0.00000000000000000000
3168 	 0.00008356169339920972 	 0.00001272856092832648 	 0.00000000000000000000
3169 	 0.00008356169339920972 	 0.00001369142675265720 	 -0.00000000000000000000
3170 	 0.00008356169339920972 	 0.00001029017468988362 	 0.00000000000000000000
3171 	 0.00008356169339920972 	 0.00000937799503382548 	 -0.00000000000000000000
3172 	 0.00008356169339920972 	 0.00000884151782365874 	 0.00000000000000000000
3173 	 0.00008356169339920972 	 0.00001396774785843157 	 0.00000000000000000000
3174 	 0.00008356169339920972 	 0.00001094851938046054 	 0.00000000000000000000
3175 	 0.00008356169339920972 	 0.00001072021388367335 	 0.00000000000000000000
3176 	 0.00008356169339920972 	 0.00001075766733945042 	 -0.00000000000000000000
3177 	 0.00008356169339920972 	 0.00000940029530575829 	 0.00000000000000000000
3178 	 0.00008356169339920972 	 0.00001119323608298636 	 0.00000000000000000000
3179 	 0.00008356169339920972 	 0.00001086372018226494 	 0.00000000000000000000
3180 	 0.00008356169339920972 	 0.00001205973077589394 	 0.00000000000000000000
3181 	 0.00008356169339920972 	 0.00001061591143397167 	 -0.00000000000000000000
3182 	 0.00008356169339920972 	 0.00001292158203605466 	 0.00000000000000000000
3183 	 0.00008356169339920972 	 0.00000841861627972067 	 0.00000000000000000000
3184 	 0.00008356169339920972 	 0.00001105675801142158 	 -0.00000000000000000000
3185 	 0.00008356169339920972 	 0.00001070580720706924 	 0.00000000000000000000
3186 	 0.00008356169339920972 	 0.00001104671032045746 	 -0.00000000000000000000
3187 	 0.00008356169339920972 	 0.00001410032646239218 	 -0.00000000000000000000
3188 	 0.00008356169339920972 	 0.00001199818315930843 	 0.00000000000000000000
3189 	 0.00008356169339920972 	 0.00001599568651163137 	 0.00000000000000000000
3190 	 0.00008356169339920972 	 0.00001331017963142926 	 0.00000000000000000000
3191 	 0.00008356169339920972 	 0.00000846788374551784 	 0.00000000000000000000
3192 	 0.00008356169339920972 	 0.00000927657058992309 	 0.00000000000000000000
3193 	 0.00008356169339920972 	 0.00000887097670143550 	 0.00000000000000000000
3194 	 0.00008356169339920972 	 0.00001248966483190363 	 0.00000000000000000000
3195 	 0.00008356169339920972 	 0.00000834005321216419 	 0.00000000000000000000
3196 	 0.00008356169339920972 	 0.00000924049573674182 	 0.00000000000000000000
3197 	 0.00008356169339920972 	 0.00000813213150086197 	 -0.00000000000000000000
3198 	 0.00008356169339920972 	 0.00000983437547442507 	 0.00000000000000000000
3199 	 0.00008356169339920972 	 0.00001132291570355441 	 0.00000000000000000000
3200 	 0.00008356169339920972 	 0.00000980350776958624 	 0.00000000000000000000
3201 	 0.00008356169339920972 	 0.00001184657399813366 	 0.00000000000000000000
3202 	 0.00008356169339920972 	 0.00001082115296269470 	 -0.00000000000000000000
3203 	 0.00008356169339920972 	 0.00001573152804199034 	 -0.00000000000000000000
3204 	 0.00008356169339920972 	 0.00001013152589367224 	 0.00000000000000000000
3205 	 0.00008356169339920972 	 0.00000788203768785874 	 0.00000000000000000000
3206 	 0.00008356169339920972 	 0.00001057709329934544 	 -0.00000000000000000000
3207 	 0.00008356169339920972 	 0.00000992570064404428 	 0.00000000000000000000
3208 	 0.00008356169339920972 	 0.00000758774911040933 	 0.00000000000000000000
3209 	 0.00008356169339920972 	 0.00001094111135695768 	 0.00000000000000000000
3210 	 0.00008356169339920972 	 0.00000726912713771112 	 0.00000000000000000000
3211 	 0.00008356169339920972 	 0.00001627913885241419 	 0.00000000000000000000
3212 	 0.00008356169339920972 	 0.00001129627602405469 	 0.00000000000000000000
3213 	 0.00008356169339920972 	 0.00001125465194909227 	 0.00000000000000000000
3214 	 0.00008356169339920972 	 0.00000814100043540398 	 0.00000000000000000000
3215 	 0.00008356169339920972 	 0.00001363462815465182 	 -0.00000000000000000000
3216 	 0.00008356169339920972 	 0.00001155331261972431 	 0.00000000000000000000
3217 	 0.00008356169339920972 	 0.00001064600477097492 	 0.00000000000000000000
3218 	 0.00008356169339920972 	 0.00001051838847117110 	 0.00000000000000000000
3219 	 0.00008356169339920972 	 0.00000800878727104719 	 0.00000000000000000000
3220 	 0.00008356169339920972 	 0.00000937666044938029 	 0.00000000000000000000
3221 	 0.00008356169339920972 	 0.00001328990096842869 	 -0.00000000000000000000
3222 	 0.00008356169339920972 	 0.00000857750097315388 	 0.00000000000000000000
3223 	 0.00008356169339920972 	 0.00001395219163516551 	 0.00000000000000000000
3224 	 0.00008356169339920972 	 0.00001240366991271216 	 0.00000000000000000000
3225 	 0.00008356169339920972 	 0.00000826119748492979 	 0.00000000000000000000
3226 	 0.00008356169339920972 	 0.00000931115727694871 	 0.00000000000000000000
3227 	 0.00008356169339920972 	 0.00001048954532725826 	 0.00000000000000000000
3228 	 0.00008356169339920972 	 0.00001112838377241560 	 0.00000000000000000000
3229 	 0.00008356169339920972 	 0.00000830703513014277 	 0.00000000000000000000
3230 	 0.00008356169600850712 	 0.00001254271528946029 	 0.00000000000000000000
3231 	 0.00008356169600850712 	 0.00001073118014389385 	 -0.00000000000000000000
3232 	 0.00008356169600850712 	 0.00000940396376412717 	 0.00000000000000000000
3233 	 0.00008356169600850712 	 0.00001125068783821145 	 0.00000000000000000000
3234 	 0.00008356169600850712 	 0.00000716703219427801 	 0.00000000000000000000
3235 	 0.00008356169600850712 	 0.00001013780393189770 	 0.00000000000000000000
3236 	 0.00008356169600850712 	 0.00000956731463580565 	 0.00000000000000000000
3237 	 0.00008356169600850712 	 0.00001037091807833886 	 -0.00000000000000000000
3238 	 0.00008356169600850712 	 0.00000971842457529772 	 0.00000000000000000000
3239 	 0.00008356169600850712 	 0.00001121583233710086 	 -0.00000000000000000000
3240 	 0.00008356169600850712 	 0.00000864491435963833 	 0.00000000000000000000
3241 	 0.00008356169600850712 	 0.00000968085473035716 	 0.00000000000000000000
3242 	 0.00008356169600850712 	 0.00000980956018456996 	 0.00000000000000000000
3243 	 0.00008356169600850712 	 0.00001061507459534342 	 0.00000000000000000000
3244 	 0.00008356169600850712 	 0.00000833711125916082 	 0.00000000000000000000
3245 	 0.00008356169600850712 	 0.00001405417871596499 	 -0.00000000000000000000
3246 	 0.00008356169600850712 	 0.00001183585404837546 	 0.00000000000000000000
3247 	 0.00008356169600850712 	 0.00001302158427840181 	 0.00000000000000000000
3248 	 0.00008356169600850712 	 0.00000769433374280028 	 0.00000000000000000000
3249 	 0.00008356169600850712 	 0.00000912414826665861 	 0.00000000000000000000
3250 	 0.00008356169600850712 	 0.00001487073993218142 	 0.00000000000000000000
3251 	 0.00008356169600850712 	 0.00000763421934105337 	 0.00000000000000000000
3252 	 0.00008356169600850712 	 0.00001388548857414701 	 0.00000000000000000000
3253 	 0.00008356169600850712 	 0.00000996484959777010 	 0.00000000000000000000
3254 	 0.00008356169600850712 	 0.00001188025071903853 	 0.00000000000000000000
3255 	 0.00008356169600850712 	 0.00001263683269629361 	 0.00000000000000000000
3256 	 0.00008356169600850712 	 0.00000734902624639132 	 0.00000000000000000000
3257 	 0.00008356169600850712 	 0.00001036543016378135 	 0.00000000000000000000
3258 	 0.00008356169600850712 	 0.00001236113149192384 	 0.00000000000000000000
3259 	 0.00008356169600850712 	 0.00001203724847584666 	 0.00000000000000000000
3260 	 0.00008356169600850712 	 0.00001078065939450611 	 0.00000000000000000000
3261 	 0.00008356169600850712 	 0.00001092198246008952 	 0.00000000000000000000
3262 	 0.00008356169600850712 	 0.00001041854516973839 	 -0.00000000000000000000
3263 	 0.00008356169600850712 	 0.00001112195872837854 	 0.00000000000000000000
3264 	 0.00008356169600850712 	 0.00001093970649591600 	 0.00000000000000000000
3265 	 0.00008356169600850712 	 0.00001049677800607947 	 0.00000000000000000000
3266 	 0.00008356169600850712 	 0.00000997318655906155 	 0.00000000000000000000
3267 	 0.00008356169600850712 	 0.00000939285667435825 	 0.00000000000000000000
3268 	 0.00008356169600850712 	 0.00001059930549515994 	 0.00000000000000000000
3269 	 0.00008356169600850712 	 0.00001062896258022371 	 0.00000000000000000000
3270 	 0.00008356169600850712 	 0.00001222163088677977 	 0.00000000000000000000
3271 	 0.00008356169600850712 	 0.00001046710099776245 	 0.00000000000000000000
3272 	 0.00008356169600850712 	 0.00000761865938731097 	 0.00000000000000000000
3273 	 0.00008356169600850712 	 0.00000989390673672025 	 0.00000000000000000000
3274 	 0.00008356169600850712 	 0.00001310937448666289 	 0.00000000000000000000
3275 	 0.00008356169600850712 	 0.00001239865744475834 	 0.00000000000000000000
3276 	 0.00008356169600850712 	 0.00001091570838062016 	 0.00000000000000000000
3277 	 0.00008356169600850712 	 0.00001111356943651310 	 0.00000000000000000000
3278 	 0.00008356169600850712 	 0.00000725142371918790 	 0.00000000000000000000
3279 	 0.00008356169600850712 	 0.00001490471659579215 	 0.00000000000000000000
3280 	 0.00008356169600850712 	 0.00001028833632865900 	 0.00000000000000000000
3281 	 0.00008356169600850712 	 0.00001112038659629757 	 0.00000000000000000000
3282 	 0.00008356170025801835 	 0.00001443821268900452 	 0.00000000000000000000
3283 	 0.00008356170025801835 	 0.00000914478650722789 	 0.00000000000000000000
3284 	 0.00008356170025801835 	 0.00001230364916681477 	 0.00000000000000000000
3285 	 0.00008356170025801835 	 0.00001071502189761076 	 0.00000000000000000000
3286 	 0.00008356170025801835 	 0.00000839795519615070 	 0.00000000000000000000
3287 	 0.00008356170025801835 	 0.00001097274581335087 	 0.00000000000000000000
3288 	 0.00008356170025801835 	 0.00001190508734306174 	 0.00000000000000000000
3289 	 0.00008356170025801835 	 0.00000942596627105884 	 0.00000000000000000000
3290 	 0.00008356170025801835 	 0.00001121084889099547 	 -0.00000000000000000000
3291 	 0.00008356170025801835 	 0.00001104648064077564 	 0.00000000000000000000
3292 	 0.00008356170025801835 	 0.00000810969516572267 	 0.00000000000000000000
3293 	 0.00008356170025801835 	 0.00001168383629718984 	 0.00000000000000000000
3294 	 0.00008356170025801835 	 0.00000716903055491022 	 0.00000000000000000000
3295 	 0.00008356170025801835 	 0.00001010365663684641 	 -0.00000000000000000000
3296 	 0.00008356170025801835 	 0.00000742249346258619 	 0.00000000000000000000
3297 	 0.00008356170025801835 	 0.00001270424806047945 	 0.00000000000000000000
3298 	 0.00008356170025801835 	 0.00000884068045609167 	 -0.00000000000000000000
3299 	 0.00008356170025801835 	 0.00000781508190825151 	 0.00000000000000000000
3300 	 0.00008356170025801835 	 0.00001025979512537599 	 0.00000000000000000000
3301 	 0.00008356170025801835 	 0.00001463090028300282 	 0.00000000000000000000
3302 	 0.00008356170025801835 	 0.00001018624048697036 	 0.00000000000000000000
3303 	 0.00008356170025801835 	 0.00000758445140774626 	 0.00000000000000000000
3304 	 0.00008356170025801835 	 0.00000980753679297971 	 -0.00000000000000000000
3305 	 0.00008356170025801835 	 0.00000801463303405418 	 0.00000000000000000000
3306 	 0.00008356170025801835 	 0.00001038589760547602 	 0.00000000000000000000
3307 	 0.00008356170025801835 	 0.00001126288884627617 	 0.00000000000000000000
3308 	 0.00008356170025801835 	 0.00000897314454955368 	 0.00000000000000000000
3309 	 0.00008356170025801835 	 0.00001106118675619502 	 0.00000000000000000000
3310 	 0.00008356170025801835 	 0.00000925264989779360 	 0.00000000000000000000
3311 	 0.00008356170025801835 	 0.00000983817079343270 	 0.00000000000000000000
3312 	 0.00008356170025801835 	 0.00001024969238197449 	 0.00000000000000000000
3313 	 0.00008356170025801835 	 0.00001034915887472515 	 0.00000000000000000000
3314 	 0.00008356170025801835 	 0.00001016644431795399 	 -0.00000000000000000000
3315 	 0.00008356170025801835 	 0.00000930026830848482 	 0.00000000000000000000
3316 	 0.00008356170025801835 	 0.00001157553635961049 	 0.00000000000000000000
3317 	 0.00008356170025801835 	 0.00001272106778150479 	 0.00000000000000000000
3318 	 0.00008356170025801835 	 0.00000763877119448137 	 0.00000000000000000000
3319 	 0.00008356170025801835 	 0.00001076254471320368 	 -0.00000000000000000000
3320 	 0.00008356170025801835 	 0.00001127139826299672 	 0.00000000000000000000
3321 	 0.00008356170025801835 	 0.00001252815939063945 	 0.00000000000000000000
3322 	 0.00008356170025801835 	 0.00001259774616039372 	 -0.00000000000000000000
3323 	 0.00008356170025801835 	 0.00001692528078838665 	 0.00000000000000000000
3324 	 0.00008356170025801835 	 0.00001068056155915415 	 0.00000000000000000000
3325 	 0.00008356170025801835 	 0.00000777008653680217 	 0.00000000000000000000
3326 	 0.00008356170025801835 	 0.00000927384243231467 	 0.00000000000000000000
3327 	 0.00008356170025801835 	 0.00000918571049412669 	 0.00000000000000000000
3328 	 0.00008356170025801835 	 0.00001171933290615992 	 0.00000000000000000000
3329 	 0.00008356170025801835 	 0.00001080196696231162 	 0.00000000000000000000
3330 	 0.00008356170025801835 	 0.00001254970345721407 	 0.00000000000000000000
3331 	 0.00008356170025801835 	 0.00001194567001120433 	 0.00000000000000000000
3332 	 0.00008356170025801835 	 0.00001419058345301419 	 0.00000000000000000000
3333 	 0.00008356170025801835 	 0.00000941524465319900 	 0.00000000000000000000
3334 	 0.00008356170025801835 	 0.00001075071870626119 	 0.00000000000000000000
3335 	 0.00008356170025801835 	 0.00001381521142979687 	 0.00000000000000000000
3336 	 0.00008356170025801835 	 0.00001041143142146253 	 0.00000000000000000000
3337 	 0.00008356170025801835 	 0.00001009605455072724 	 0.00000000000000000000
3338 	 0.00008356170025801835 	 0.00001624246362644974 	 -0.00000000000000000000
3339 	 0.00008356170025801835 	 0.00001505988826223716 	 0.00000000000000000000
3340 	 0.00008356170025801835 	 0.00000877601923850569 	 0.00000000000000000000
3341 	 0.00008356170025801835 	 0.00001019003412152289 	 0.00000000000000000000
3342 	 0.00008356170025801835 	 0.00001026952328817684 	 -0.00000000000000000000
3343 	 0.00008356170025801835 	 0.00000936017059518421 	 0.00000000000000000000
3344 	 0.00008356170025801835 	 0.00000964189865961829 	 0.00000000000000000000
3345 	 0.00008356170025801835 	 0.00001114519420655196 	 0.00000000000000000000
3346 	 0.00008356170025801835 	 0.00001034359289564173 	 0.00000000000000000000
3347 	 0.00008356170025801835 	 0.00001089714201061915 	 0.00000000000000000000
3348 	 0.00008356170025801835 	 0.00001125388956256665 	 0.00000000000000000000
3349 	 0.00008356170025801835 	 0.00001462817103623416 	 0.00000000000000000000
3350 	 0.00008356170025801835 	 0.00001420942064409139 	 0.00000000000000000000
3351 	 0.00008356170025801835 	 0.00000750599568162694 	 0.00000000000000000000
3352 	 0.00008356170025801835 	 0.00001256705161328004 	 0.00000000000000000000
3353 	 0.00008356170025801835 	 0.00001059013232270080 	 0.00000000000000000000
3354 	 0.00008356170025801835 	 0.00001010429735433708 	 0.00000000000000000000
3355 	 0.00008356170025801835 	 0.00001246708556359130 	 0.00000000000000000000
3356 	 0.00008356170025801835 	 0.00001343522444494380 	 0.00000000000000000000
3357 	 0.00008356170025801835 	 0.00000821745997776892 	 0.00000000000000000000
3358 	 0.00008356170025801835 	 0.00001129511191217374 	 0.00000000000000000000
3359 	 0.00008356170025801835 	 0.00001057407344126588 	 0.00000000000000000000
3360 	 0.00008356170025801835 	 0.00001492505320724468 	 0.00000000000000000000
3361 	 0.00008356170025801835 	 0.00000912629337052292 	 0.00000000000000000000
3362 	 0.00008356170025801835 	 0.00000998390718987459 	 0.00000000000000000000
3363 	 0.00008356170025801835 	 0.00001224650124715376 	 0.00000000000000000000
3364 	 0.00008356170025801835 	 0.00001063108193559186 	 -0.00000000000000000000
3365 	 0.00008356170025801835 	 0.00001205581858411222 	 0.00000000000000000000
3366 	 0.00008356170025801835 	 0.00000830138113486637 	 -0.00000000000000000000
3367 	 0.00008356170025801835 	 0.00000930086769299222 	 0.00000000000000000000
3368 	 0.00008356170025801835 	 0.00001200131921687925 	 0.00000000000000000000
3369 	 0.00008356170025801835 	 0.00001148291424395041 	 0.00000000000000000000
3370 	 0.00008356170025801835 	 0.00001401457030101006 	 0.00000000000000000000
3371 	 0.00008356170025801835 	 0.00000736591425375768 	 0.00000000000000000000
3372 	 0.00008356170025801835 	 0.00001162614242021821 	 -0.00000000000000000000
3373 	 0.00008356170025801835 	 0.00001185785363932327 	 -0.00000000000000000000
3374 	 0.00008356170025801835 	 0.00001218436446470217 	 -0.00000000000000000000
3375 	 0.00008356170025801835 	 0.00000985997316712216 	 0.00000000000000000000
3376 	 0.00008356170025801835 	 0.00000881000066829913 	 0.00000000000000000000
3377 	 0.00008356170025801835 	 0.00000920477831229616 	 0.00000000000000000000
3378 	 0.00008356170025801835 	 0.00001169937454163400 	 0.00000000000000000000
3379 	 0.00008356170025801835 	 0.00001365501554119867 	 0.00000000000000000000
3380 	 0.00008356170025801835 	 0.00000958195987758449 	 0.00000000000000000000
3381 	 0.00008356170025801835 	 0.00001010165328496897 	 0.00000000000000000000
3382 	 0.00008356170025801835 	 0.00001135816587334942 	 0.00000000000000000000
3383 	 0.00008356170025801835 	 0.00001376926922029969 	 0.00000000000000000000
3384 	 0.00008356170025801835 	 0.00000952233974403602 	 0.00000000000000000000
3385 	 0.00008356170025801835 	 0.00000754351134735123 	 0.00000000000000000000
3386 	 0.00008356170025801835 	 0.00001100010530761982 	 0.00000000000000000000
3387 	 0.00008356170025801835 	 0.00001001207009383548 	 0.00000000000000000000
3388 	 0.00008356170025801835 	 0.00001010454726730396 	 0.00000000000000000000
3389 	 0.00008356170025801835 	 0.00000741787526085970 	 0.00000000000000000000
3390 	 0.00008356170025801835 	 0.00001440350466817258 	 0.00000000000000000000
3391 	 0.00008356170025801835 	 0.00001234186892789227 	 0.00000000000000000000
3392 	 0.00008356170025801835 	 0.00001272052423410406 	 0.00000000000000000000
3393 	 0.00008356170025801835 	 0.00001000785667170286 	 -0.00000000000000000000
3394 	 0.00008356170025801835 	 0.00001079563414657979 	 0.00000000000000000000
3395 	 0.00008356170025801835 	 0.00001258208486229716 	 0.00000000000000000000
3396 	 0.00008356170025801835 	 0.00000923611759632493 	 -0.00000000000000000000
3397 	 0.00008356170025801835 	 0.00001016301806335433 	 -0.00000000000000000000
3398 	 0.00008356170025801835 	 0.00000891231686939027 	 0.00000000000000000000
3399 	 0.00008356170025801835 	 0.00001113841822881853 	 0.00000000000000000000
3400 	 0.00008356170025801835 	 0.00001726650416255790 	 -0.00000000000000000000
3401 	 0.00008356170025801835 	 0.00001089094901572315 	 0.00000000000000000000
3402 	 0.00008356170025801835 	 0.00001310084763844218 	 0.00000000000000000000
3403 	 0.00008356170025801835 	 0.00000955476761662088 	 0.00000000000000000000
3404 	 0.00008356170025801835 	 0.00000988132953606929 	 -0.00000000000000000000
3405 	 0.00008356170025801835 	 0.00000963304617427077 	 0.00000000000000000000
3406 	 0.00008356170025801835 	 0.00000764992954447229 	 0.00000000000000000000
3407 	 0.00008356170025801835 	 0.00000870334449404871 	 0.00000000000000000000
3408 	 0.00008356170025801835 	 0.00000825308951727665 	 0.00000000000000000000
3409 	 0.00008356170025801835 	 0.00000746204868567741 	 0.00000000000000000000
3410 	 0.00008356170025801835 	 0.00000883738453608176 	 0.00000000000000000000
3411 	 0.00008356170025801835 	 0.00001182660669901576 	 0.00000000000000000000
3412 	 0.00008356170025801835 	 0.00001368821062265349 	 0.00000000000000000000
3413 	 0.00008356170025801835 	 0.00001740426676035508 	 0.00000000000000000000
3414 	 0.00008356170025801835 	 0.00000735205725445170 	 0.00000000000000000000
3415 	 0.00008356170025801835 	 0.00001037218132831275 	 0.00000000000000000000
3416 	 0.00008356170025801835 	 0.00001070080705635934 	 0.00000000000000000000
3417 	 0.00008356170025801835 	 0.00001235155137724671 	 0.00000000000000000000
3418 	 0.00008356170025801835 	 0.00000745057614834374 	 0.00000000000000000000
3419 	 0.00008356170025801835 	 0.00001366922758845612 	 0.00000000000000000000
3420 	 0.00008356170025801835 	 0.00000953210839007640 	 0.00000000000000000000
3421 	 0.00008356170025801835 	 0.00000757270692294431 	 0.00000000000000000000
3422 	 0.00008356170025801835 	 0.00001225727643003528 	 0.00000000000000000000
3423 	 0.00008356170025801835 	 0.00001067350443855627 	 -0.00000000000000000000
3424 	 0.00008356170025801835 	 0.00000693878435152411 	 -0.00000000000000000000
3425 	 0.00008356170025801835 	 0.00000959714521886193 	 -0.00000000000000000000
3426 	 0.00008356170025801835 	 0.00001008789128792574 	 -0.00000000000000000000
3427 	 0.00008356170025801835 	 0.00000932650271756789 	 0.00000000000000000000
3428 	 0.00008356170025801835 	 0.00001158695617743579 	 0.00000000000000000000
3429 	 0.00008356170025801835 	 0.00000926088976767236 	 0.00000000000000000000
3430 	 0.00008356170025801835 	 0.00001264027050051655 	 0.00000000000000000000
3431 	 0.00008356170025801835 	 0.00000860524303691642 	 0.00000000000000000000
3432 	 0.00008356170025801835 	 0.00001021518504914917 	 0.00000000000000000000
3433 	 0.00008356170025801835 	 0.00001304095300630045 	 -0.00000000000000000000
3434 	 0.00008356170025801835 	 0.00000918448636726803 	 0.00000000000000000000
3435 	 0.00008356170025801835 	 0.00000866640408842419 	 0.00000000000000000000
3436 	 0.00008356170025801835 	 0.00000932989556803443 	 -0.00000000000000000000
3437 	 0.00008356170025801835 	 0.00000950277076188368 	 0.00000000000000000000
3438 	 0.00008356170025801835 	 0.00001233659978802517 	 0.00000000000000000000
3439 	 0.00008356170025801835 	 0.00000922483567513330 	 0.00000000000000000000
3440 	 0.00008356170025801835 	 0.00000916321280263919 	 0.00000000000000000000
3441 	 0.00008356170025801835 	 0.00001516136402113653 	 0.00000000000000000000
3442 	 0.00008356170025801835 	 0.00001069734885562776 	 0.00000000000000000000
3443 	 0.00008356170025801835 	 0.00000999134615139774 	 0.00000000000000000000
3444 	 0.00008356170025801835 	 0.00001347090676677976 	 -0.00000000000000000000
3445 	 0.00008356170025801835 	 0.00000764944231321969 	 0.00000000000000000000
3446 	 0.00008356170025801835 	 0.00000990843512027094 	 0.00000000000000000000
3447 	 0.00008356170025801835 	 0.00000801992659533400 	 0.00000000000000000000
3448 	 0.00008356170025801835 	 0.00000992462534694561 	 0.00000000000000000000
3449 	 0.00008356170025801835 	 0.00000937474324706574 	 -0.00000000000000000000
3450 	 0.00008356170025801835 	 0.00000845294355804668 	 0.00000000000000000000
3451 	 0.00008356170025801835 	 0.00000951676186010778 	 -0.00000000000000000000
3452 	 0.00008356170025801835 	 0.00000889999211536767 	 0.00000000000000000000
3453 	 0.00008356170025801835 	 0.00001362982871571133 	 0.00000000000000000000
3454 	 0.00008356170025801835 	 0.00001008008649204887 	 0.00000000000000000000
3455 	 0.00008356170025801835 	 0.00001258985704321658 	 0.00000000000000000000
3456 	 0.00008356170025801835 	 0.00001221751265900780 	 -0.00000000000000000000
3457 	 0.00008356170025801835 	 0.00001305913617443680 	 0.00000000000000000000
3458 	 0.00008356170025801835 	 0.00001096913338546490 	 -0.00000000000000000000
3459 	 0.00008356170025801835 	 0.00001057304356328519 	 0.00000000000000000000
3460 	 0.00008356170025801835 	 0.00000976773129960935 	 0.00000000000000000000
3461 	 0.00008356170025801835 	 0.00000926819960962668 	 0.00000000000000000000
3462 	 0.00008356170025801835 	 0.00001090051494953330 	 0.00000000000000000000
3463 	 0.00008356170025801835 	 0.00001033786399490514 	 -0.00000000000000000000
3464 	 0.00008356170025801835 	 0.00000893550008294391 	 0.00000000000000000000
3465 	 0.00008356170025801835 	 0.00000957454008514776 	 0.00000000000000000000
3466 	 0.00008356170025801835 	 0.00001189151390412731 	 0.00000000000000000000
3467 	 0.00008356170025801835 	 0.00000943965047449846 	 0.00000000000000000000
3468 	 0.00008356170025801835 	 0.00001162077248378232 	 -0.00000000000000000000
3469 	 0.00008356170025801835 	 0.00001188065321920674 	 0.00000000000000000000
3470 	 0.00008356170025801835 	 0.00000891636164131565 	 0.00000000000000000000
3471 	 0.00008356170025801835 	 0.00001209432051595052 	 0.00000000000000000000
3472 	 0.00008356170025801835 	 0.00000971131947760969 	 0.00000000000000000000
3473 	 0.00008356170025801835 	 0.00001034654962050030 	 0.00000000000000000000
3474 	 0.00008356170025801835 	 0.00001048175263919531 	 0.00000000000000000000
3475 	 0.00008356170025801835 	 0.00001087078156928686 	 0.00000000000000000000
3476 	 0.00008356170025801835 	 0.00000789240069056091 	 -0.00000000000000000000
3477 	 0.00008356170025801835 	 0.00001258121873261803 	 0.00000000000000000000
3478 	 0.00008356170025801835 	 0.00001014621487240930 	 0.00000000000000000000
3479 	 0.00008356170025801835 	 0.00000792384837689873 	 0.00000000000000000000
3480 	 0.00008356170025801835 	 0.00001186255729129229 	 0.00000000000000000000
3481 	 0.00008356170025801835 	 0.00000983448010639480 	 -0.00000000000000000000
3482 	 0.00008356170025801835 	 0.00000999073140137131 	 0.00000000000000000000
3483 	 0.00008356170025801835 	 0.00001128183340635362 	 0.00000000000000000000
3484 	 0.00008356170025801835 	 0.00000940418040063039 	 0.00000000000000000000
3485 	 0.00008356170025801835 	 0.00001007728091262715 	 0.00000000000000000000
3486 	 0.00008356170025801835 	 0.00000766296988516956 	 0.00000000000000000000
3487 	 0.00008356170025801835 	 0.00000860495856483164 	 0.00000000000000000000
3488 	 0.00008356170025801835 	 0.00001196386427316221 	 -0.00000000000000000000
3489 	 0.00008356170025801835 	 0.00000815290910990146 	 0.00000000000000000000
3490 	 0.00008356170025801835 	 0.00000760492432510543 	 0.00000000000000000000
3491 	 0.00008356170025801835 	 0.00001226418956117034 	 0.00000000000000000000
3492 	 0.00008356170025801835 	 0.00000793218649972050 	 0.00000000000000000000
3493 	 0.00008356170025801835 	 0.00000902776942868700 	 0.00000000000000000000
3494 	 0.00008356170025801835 	 0.00000948453685971745 	 -0.00000000000000000000
3495 	 0.00008356170025801835 	 0.00001061483977950412 	 0.00000000000000000000
3496 	 0.00008356170025801835 	 0.00000919488328740176 	 0.00000000000000000000
3497 	 0.00008356170025801835 	 0.00001359221652193688 	 0.00000000000000000000
3498 	 0.00008356170025801835 	 0.00001000424598241683 	 0.00000000000000000000
3499 	 0.00008356170025801835 	 0.00000974284156209242 	 0.00000000000000000000
3500 	 0.00008356170025801835 	 0.00000893591994423781 	 0.00000000000000000000
###############################################################
## Evolution ended on --- ---  - 12:51:29 2025
## Reason: Evolved till last generation 3500
## The best individual was found in generation 3282 (fitness: 0.00008356)
###############################################################
