###############################################################
## Evolution started on --- ---  - 15:20:33 2025
###############################################################
0 	 0.00000000000009339692 	 0.00000000000000285881 	 0.00000000000000000000
1 	 0.00000000000000031505 	 0.00000000000000000630 	 0.00000000000000000000
2 	 0.00000000000000073420 	 0.00000000000000019608 	 0.00000000000000000000
3 	 0.00000000000000162905 	 0.00000000000000031181 	 0.00000000000000000000
4 	 0.00000000000001190486 	 0.00000000000000056157 	 0.00000000000000000000
5 	 0.00000000189368637076 	 0.00000000004848283760 	 0.00000000000000000000
6 	 0.00000000002220986751 	 0.00000000000046991891 	 0.00000000000000000000
7 	 0.00000003313586577867 	 0.00000000069191064725 	 0.00000000000000000000
8 	 0.00000001480700437090 	 0.00000000037355516919 	 0.00000000000000000000
9 	 0.00000005143191049675 	 0.00000000419259646932 	 0.00000000000000000000
10 	 0.00000071214448525112 	 0.00000006525842879780 	 0.00000000000000000000
11 	 0.00000017014207925389 	 0.00000001074363189494 	 0.00000000000000000000
12 	 0.00000200158139435494 	 0.00000010152012962131 	 0.00000000000000000000
13 	 0.00000004820087169236 	 0.00000000675842526950 	 0.00000000000000000014
14 	 0.00000000290658532688 	 0.00000000010692944738 	 0.00000000000000000000
15 	 0.00000019584083999674 	 0.00000001211155085727 	 0.00000000000000000000
16 	 0.00000121071533515930 	 0.00000004898321584189 	 0.00000000000000000000
17 	 0.00000266475091349654 	 0.00000027494684865272 	 0.00000000000000000000
18 	 0.00000266475091349654 	 0.00000035526445465625 	 0.00000000000000000000
19 	 0.00000000432272934831 	 0.00000000008645800992 	 0.00000000000000000000
20 	 0.00000024421096588771 	 0.00000000488422111708 	 0.00000000000000000000
21 	 0.00000094841945544884 	 0.00000010627257235385 	 0.00000000000000000000
22 	 0.00000274623770888565 	 0.00000024637603849092 	 0.00000000000000000000
23 	 0.00000000033349899483 	 0.00000000000759763445 	 0.00000000000000000000
24 	 0.00000000075044019888 	 0.00000000004861485190 	 0.00000000000000000000
25 	 0.00000000228860348601 	 0.00000000011627809527 	 0.00000000000000000000
26 	 0.00000005831999688378 	 0.00000000227734130297 	 0.00000000000000000000
27 	 0.00000006734782101317 	 0.00000000941657399859 	 0.00000000000000000000
28 	 0.00000000000012154694 	 0.00000000000000249301 	 0.00000000000000000000
29 	 0.00000002295922726476 	 0.00000000135151384523 	 0.00000000000000000000
30 	 0.00000000000051271670 	 0.00000000000001104343 	 0.00000000000000000000
31 	 0.00000000386939664146 	 0.00000000013945443666 	 0.00000000000000000000
32 	 0.00000000004278684317 	 0.00000000000086716217 	 0.00000000000000000000
33 	 0.00000000000000000000 	 0.00000000000000000000 	 0.00000000000000000000
34 	 0.00000000000004228517 	 0.00000000000000089578 	 0.00000000000000000000
35 	 0.00000013330166136292 	 0.00000000423099923511 	 0.00000000000000000000
36 	 0.00000000000000897215 	 0.00000000000000073238 	 0.00000000000000000000
37 	 0.00000000000009958477 	 0.00000000000000709542 	 0.00000000000000000000
38 	 0.00000014869274627304 	 0.00000000495222062636 	 0.00000000000000000000
39 	 0.00000036038043854064 	 0.00000002646464165773 	 0.00000000000000000000
40 	 0.00000533736464504211 	 0.00000015560966495162 	 0.00000000000000000000
41 	 0.00000232354765876767 	 0.00000009263907633767 	 0.00000000000000000000
42 	 0.00000446608593701577 	 0.00000034746341837048 	 0.00000000000000000000
43 	 0.00000288730442745100 	 0.00000018502543666753 	 0.00000000000000000000
44 	 0.00000256952687149971 	 0.00000027905804166247 	 0.00000000000000000000
45 	 0.00000260088047048089 	 0.00000027066128749021 	 0.00000000000000000001
46 	 0.00000409013761646549 	 0.00000054247640551685 	 0.00000000000000000000
47 	 0.00000424421573766170 	 0.00000054775570573231 	 0.00000000000000000000
48 	 0.00000391091847636627 	 0.00000045263482010343 	 0.00000000000000000000
49 	 0.00000406889584531826 	 0.00000036432845183461 	 0.00000000000000000000
50 	 0.00000844036488840147 	 0.00000079398194502872 	 0.00000000000000000000
51 	 0.00000652176629577778 	 0.00000048808057660715 	 0.00000000000000000000
52 	 0.00000473255402068598 	 0.00000065218986868648 	 0.00000000000000000000
53 	 0.00001002974364303164 	 0.00000090966910102754 	 0.00000000000000000000
54 	 0.00001802644173339554 	 0.00000121257442888018 	 0.00000000000000000000
55 	 0.00000000022564708304 	 0.00000000000489324006 	 0.00000000000000000000
56 	 0.00000803189103397036 	 0.00000057787131169467 	 0.00000000000000000000
57 	 0.00000719171449931915 	 0.00000071432589966975 	 0.00000000000000000000
58 	 0.00002140302891909031 	 0.00000111913207600770 	 0.00000000000000000000
59 	 0.00002848482615126748 	 0.00000170158141470571 	 0.00000000000000000000
60 	 0.00002056379826907081 	 0.00000058902893389991 	 0.00000000000000000000
61 	 0.00002897360792915127 	 0.00000278698939345602 	 0.00000000000000000003
62 	 0.00003030497278223380 	 0.00000458545113040460 	 0.00000000000000000000
63 	 0.00002996350519215715 	 0.00000293011970606764 	 0.00000000000000000000
64 	 0.00002996350519215715 	 0.00000510978729085560 	 0.00000000000000000000
65 	 0.00002959333611010792 	 0.00000548125850286908 	 0.00000000000000000000
66 	 0.00003161350136707744 	 0.00000776748465179404 	 0.00000000000000000000
67 	 0.00003369264708650225 	 0.00000120041502372308 	 0.00000000000000000000
68 	 0.00003177534802975076 	 0.00000565479189126624 	 0.00000000000000000000
69 	 0.00003297949533602510 	 0.00000287230357292015 	 0.00000000000000000000
70 	 0.00003276177221244171 	 0.00000539044890616943 	 0.00000000000000000000
71 	 0.00003207934667678442 	 0.00000664616620246936 	 0.00000000000000000000
72 	 0.00003207930760465508 	 0.00000435989938160062 	 0.00000000000000000000
73 	 0.00003221663235507644 	 0.00000750803468792117 	 0.00000000000000000000
74 	 0.00003222392229297169 	 0.00001000873112598925 	 0.00000000000000000000
75 	 0.00002880255299771581 	 0.00000150919027818929 	 0.00000000000000000000
76 	 0.00003001315114276383 	 0.00000663699847358389 	 0.00000000000000000000
77 	 0.00002886735126151294 	 0.00000294352952647273 	 0.00000000000000000000
78 	 0.00003147794553234687 	 0.00000684261901131957 	 0.00000000000000000000
79 	 0.00003149021752227040 	 0.00000634833782930772 	 0.00000000000000000000
80 	 0.00003297533325006108 	 0.00000751851989791878 	 0.00000000000000000000
81 	 0.00003304361369126678 	 0.00000807624399181225 	 0.00000000000000000000
82 	 0.00003169640122675375 	 0.00000535190357945985 	 0.00000000000000000000
83 	 0.00003172263147851877 	 0.00000740117984796812 	 0.00000000000000000000
84 	 0.00003227787858200869 	 0.00000881101171457508 	 0.00000000000000000000
85 	 0.00003207537761040319 	 0.00000695570988455082 	 0.00000000000000000000
86 	 0.00003227787858200869 	 0.00000675516702719433 	 0.00000000000000000000
87 	 0.00003227787858245414 	 0.00000534649412376797 	 0.00000000000000000000
88 	 0.00003232406402257859 	 0.00000381800639558598 	 0.00000000000000000000
89 	 0.00003309074707003180 	 0.00000696288217225364 	 0.00000000000000000000
90 	 0.00003305441460961591 	 0.00000972772391887389 	 0.00000000000000000000
91 	 0.00003445608586983229 	 0.00000826018472604911 	 0.00000000000000000000
92 	 0.00003461482874302806 	 0.00000709791157884575 	 0.00000000000000000000
93 	 0.00003466479014958001 	 0.00000654106156461528 	 0.00000000000000000000
94 	 0.00003461455786655336 	 0.00001050840910233806 	 0.00000000000000000000
95 	 0.00003471618943407090 	 0.00000513129346416752 	 0.00000000000000000055
96 	 0.00003471618943500631 	 0.00000736756018152303 	 0.00000000000000000000
97 	 0.00003472097578775635 	 0.00000498522360304272 	 0.00000000000000000000
98 	 0.00003472168322364562 	 0.00000547995638404379 	 0.00000000000000000000
99 	 0.00003465154802336202 	 0.00000798189635849494 	 0.00000000000000000000
100 	 0.00003538020252547238 	 0.00000555510577968382 	 0.00000000000000000000
101 	 0.00000087979445504970 	 0.00000001948452266902 	 0.00000000000000000000
102 	 0.00000000001890123663 	 0.00000000000045369218 	 0.00000000000000000000
103 	 0.00000258541803411681 	 0.00000014161275309994 	 0.00000000000000000000
104 	 0.00000258584650332596 	 0.00000018109006735835 	 0.00000000000000000000
105 	 0.00000137172257546714 	 0.00000008466780991207 	 0.00000000000000000000
106 	 0.00000290546465520854 	 0.00000020260647371348 	 0.00000000000000000000
107 	 0.00000290547049376154 	 0.00000028130352244949 	 0.00000000000000000000
108 	 0.00000087245591584436 	 0.00000001831126876731 	 0.00000000000000000000
109 	 0.00000408988262943649 	 0.00000040964752803521 	 0.00000000000000000000
110 	 0.00000089947433447549 	 0.00000006571540929335 	 0.00000000000000000000
111 	 0.00000270074588907664 	 0.00000021758306910234 	 0.00000000000000000000
112 	 0.00000422561227594793 	 0.00000039461508010958 	 0.00000000000000000000
113 	 0.00000487966075754424 	 0.00000030375652941978 	 0.00000000000000000000
114 	 0.00000339618170730565 	 0.00000031438550962590 	 0.00000000000000000000
115 	 0.00000147659851436656 	 0.00000011849563252310 	 0.00000000000000000000
116 	 0.00000265617351113423 	 0.00000022376413247656 	 0.00000000000000000000
117 	 0.00000230197257029065 	 0.00000029715179152594 	 0.00000000000000000000
118 	 0.00000230229919923299 	 0.00000025591279129903 	 0.00000000000000000000
119 	 0.00000594363647255352 	 0.00000053573656215062 	 0.00000000000000000000
120 	 0.00000263287510252758 	 0.00000027638038335299 	 0.00000000000000000000
121 	 0.00000157447841900171 	 0.00000021707419640573 	 0.00000000000000000000
122 	 0.00000309659067620459 	 0.00000039102952527083 	 0.00000000000000000000
123 	 0.00000609498372310063 	 0.00000034982848015045 	 0.00000000000000000000
124 	 0.00000246273761085369 	 0.00000037804300716656 	 0.00000000000000000000
125 	 0.00000462770911349521 	 0.00000048401217987989 	 0.00000000000000000000
126 	 0.00000463189905808867 	 0.00000048242042604960 	 0.00000000000000000000
127 	 0.00000000001138365557 	 0.00000000000022767311 	 0.00000000000000000000
128 	 0.00000749308658074071 	 0.00000055248327481749 	 0.00000000000000000000
129 	 0.00001260668245353803 	 0.00000061275134763192 	 0.00000000000000000000
130 	 0.00002267563242916556 	 0.00000124154762204800 	 0.00000000000000000000
131 	 0.00001084562552728842 	 0.00000086680196405784 	 0.00000000000000000000
132 	 0.00001260668245353803 	 0.00000098303096400721 	 0.00000000000000000000
133 	 0.00001267920136520174 	 0.00000174528217975583 	 0.00000000000000000000
134 	 0.00000991057415695409 	 0.00000180400947757928 	 0.00000000000000000000
135 	 0.00001205037069174370 	 0.00000134162635064970 	 0.00000000000000000000
136 	 0.00001209394403897105 	 0.00000150190671822948 	 0.00000000000000000000
137 	 0.00000890142046087576 	 0.00000097775759841308 	 0.00000000000000000000
138 	 0.00000662829548528170 	 0.00000054885907644229 	 0.00000000000000000000
139 	 0.00001203932444612250 	 0.00000141026877238660 	 0.00000000000000000000
140 	 0.00001221020622848462 	 0.00000121316083653524 	 0.00000000000000000000
141 	 0.00002462680505009599 	 0.00000183382327183672 	 0.00000000000000000000
142 	 0.00001938917889111564 	 0.00000193309039039268 	 0.00000000000000000000
143 	 0.00001222765173376117 	 0.00000131391726843087 	 0.00000000000000000000
144 	 0.00002783075128074071 	 0.00000191542782912646 	 0.00000000000000000001
145 	 0.00003812568762352968 	 0.00000135534729647581 	 0.00000000000000000000
146 	 0.00001213913303261454 	 0.00000098612876889563 	 0.00000000000000000000
147 	 0.00001224794609459496 	 0.00000072871893809323 	 0.00000000000000000000
148 	 0.00001944090375026768 	 0.00000182346071878499 	 0.00000000000000000000
149 	 0.00002364982245503832 	 0.00000155291290511703 	 0.00000000000000000000
150 	 0.00002209313888354492 	 0.00000226043178728542 	 0.00000000000000000000
151 	 0.00002411683815011348 	 0.00000216525992380427 	 0.00000000000000000000
152 	 0.00002410958785069162 	 0.00000222432878611914 	 0.00000000000000000000
153 	 0.00002485277657532629 	 0.00000288628383226118 	 0.00000000000000000000
154 	 0.00001243942044827911 	 0.00000154151731018487 	 0.00000000000000000000
155 	 0.00002410958785069162 	 0.00000262950996656886 	 0.00000000000000000000
156 	 0.00001303884852682562 	 0.00000195212285262479 	 0.00000000000000000000
157 	 0.00001009166247738524 	 0.00000138922229366747 	 0.00000000000000000001
158 	 0.00001729927876219371 	 0.00000083627371379838 	 0.00000000000000000000
159 	 0.00001004398876884555 	 0.00000077235057474403 	 0.00000000000000000000
160 	 0.00001006493907803396 	 0.00000090590758202149 	 0.00000000000000000000
161 	 0.00001003972327932279 	 0.00000088067223724654 	 0.00000000000000000000
162 	 0.00000998205750578432 	 0.00000102404701101814 	 0.00000000000000000000
163 	 0.00001003972327932279 	 0.00000108393501554146 	 0.00000000000000000000
164 	 0.00001003972303000124 	 0.00000172197975307864 	 0.00000000000000000000
165 	 0.00000998205750578432 	 0.00000130362764469068 	 0.00000000000000000000
166 	 0.00001003972303000356 	 0.00000105059667574683 	 0.00000000000000000000
167 	 0.00001033539758282095 	 0.00000124086268412162 	 0.00000000000000000000
168 	 0.00001033208217741406 	 0.00000137176262225145 	 0.00000000000000000000
169 	 0.00001022053518581586 	 0.00000107632671724806 	 0.00000000000000000000
170 	 0.00001022053518581586 	 0.00000165930355704491 	 0.00000000000000000000
171 	 0.00001027421437713557 	 0.00000136352877766770 	 0.00000000000000000000
172 	 0.00001026501198287008 	 0.00000132052807808464 	 0.00000000000000000000
173 	 0.00001027421437713557 	 0.00000196348651425478 	 0.00000000000000000000
174 	 0.00001037598352691344 	 0.00000144560646005418 	 0.00000000000000000000
175 	 0.00001036094211558275 	 0.00000092586738421825 	 0.00000000000000000000
176 	 0.00001038860743548021 	 0.00000120580139211996 	 0.00000000000000000000
177 	 0.00001038860743548021 	 0.00000128513342852665 	 0.00000000000000000000
178 	 0.00001037598352691344 	 0.00000107521586380204 	 0.00000000000000000000
179 	 0.00001038661568392794 	 0.00000161259054640206 	 0.00000000000000000000
180 	 0.00001031501175324425 	 0.00000155376047976404 	 0.00000000000000000000
181 	 0.00001038661568392794 	 0.00000089868138132438 	 0.00000000000000000000
182 	 0.00001031733992396138 	 0.00000173485981746646 	 0.00000000000000000000
183 	 0.00001037598354317442 	 0.00000122339560682021 	 0.00000000000000000000
184 	 0.00001038194419209469 	 0.00000149919593863046 	 0.00000000000000000000
185 	 0.00001038895276844714 	 0.00000146258268775445 	 0.00000000000000000000
186 	 0.00001028130748832256 	 0.00000136373969027830 	 0.00000000000000000000
187 	 0.00001128444087621655 	 0.00000204467369303201 	 0.00000000000000000000
188 	 0.00001129974120592967 	 0.00000113513386093774 	 0.00000000000000000000
189 	 0.00001131483091983988 	 0.00000122041056594451 	 0.00000000000000000000
190 	 0.00001126777199827395 	 0.00000129351717216381 	 0.00000000000000000000
191 	 0.00001126775247135169 	 0.00000111590757587078 	 0.00000000000000000000
192 	 0.00001131483091983988 	 0.00000122452212485240 	 0.00000000000000000000
193 	 0.00001128445644031221 	 0.00000132285946097503 	 0.00000000000000000000
194 	 0.00001131483091570008 	 0.00000112320754087697 	 0.00000000000000000000
195 	 0.00001129974120592967 	 0.00000130581234066805 	 0.00000000000000000000
196 	 0.00001129974119080773 	 0.00000107463541994374 	 0.00000000000000000000
197 	 0.00001126777199827395 	 0.00000131515143930547 	 0.00000000000000000000
198 	 0.00001131482851345760 	 0.00000144922647777237 	 0.00000000000000000000
199 	 0.00001126777199827395 	 0.00000110225406892672 	 0.00000000000000000000
200 	 0.00001140539449297302 	 0.00000164747162296789 	 0.00000000000000000000
201 	 0.00001139413511757840 	 0.00000137632141069179 	 0.00000000000000000000
202 	 0.00001139460439538190 	 0.00000121647215446876 	 0.00000000000000000000
203 	 0.00001136978687604736 	 0.00000134581822050393 	 0.00000000000000000000
204 	 0.00001138111015883941 	 0.00000149562446378272 	 0.00000000000000000000
205 	 0.00001136978687604736 	 0.00000122098759633936 	 0.00000000000000000000
206 	 0.00001136978687604736 	 0.00000134542154761457 	 0.00000000000000000000
207 	 0.00001139049537753306 	 0.00000207159897159588 	 0.00000000000000000000
208 	 0.00001138111014862009 	 0.00000129716733091874 	 0.00000000000000000000
209 	 0.00001138111014862009 	 0.00000113244215490069 	 0.00000000000000000000
210 	 0.00001138111014862009 	 0.00000114781221493933 	 0.00000000000000000000
211 	 0.00001139452266401159 	 0.00000097227373688159 	 0.00000000000000000000
212 	 0.00001141325198998136 	 0.00000176139521669377 	 0.00000000000000000000
213 	 0.00002265081612873830 	 0.00000212010457504884 	 0.00000000000000000000
214 	 0.00002174694813770639 	 0.00000153836530032980 	 0.00000000000000000000
215 	 0.00001150228900336930 	 0.00000129738392372688 	 0.00000000000000000000
216 	 0.00002200336337991570 	 0.00000171231424727498 	 0.00000000000000000000
217 	 0.00002265081612873953 	 0.00000148629254009837 	 0.00000000000000000000
218 	 0.00002266642107549620 	 0.00000156858934563335 	 0.00000000000000000000
219 	 0.00002220440489590289 	 0.00000221671458418744 	 0.00000000000000000000
220 	 0.00002262324777383438 	 0.00000286527531087994 	 0.00000000000000000000
221 	 0.00002262324777383438 	 0.00000183329901922489 	 0.00000000000000000000
222 	 0.00002265081612873953 	 0.00000342911398936980 	 0.00000000000000000000
223 	 0.00002279757684674349 	 0.00000375664108619573 	 0.00000000000000000000
224 	 0.00002272455432453787 	 0.00000376998565206494 	 0.00000000000000000000
225 	 0.00002672409052658630 	 0.00000274160800218629 	 0.00000000000000000000
226 	 0.00002342686710358852 	 0.00000204283858696181 	 0.00000000000000000000
227 	 0.00002257202123838440 	 0.00000180846737016794 	 0.00000000000000000000
228 	 0.00002263651462407052 	 0.00000205237778825963 	 0.00000000000000000000
229 	 0.00002263651462407052 	 0.00000242395644638843 	 0.00000000000000000000
230 	 0.00002643431331617504 	 0.00000334902552497185 	 0.00000000000000000000
231 	 0.00002315466230950185 	 0.00000327372616679547 	 0.00000000000000000000
232 	 0.00002263651462407052 	 0.00000208913240181273 	 0.00000000000000000000
233 	 0.00002374986039016729 	 0.00000360716841188236 	 0.00000000000000000000
234 	 0.00002263651462407052 	 0.00000182111687287203 	 0.00000000000000000000
235 	 0.00002381194884411417 	 0.00000299024226876949 	 0.00000000000000000017
236 	 0.00002381194872017262 	 0.00000299784767980100 	 0.00000000000000000000
237 	 0.00002288817133818134 	 0.00000254115886652445 	 0.00000000000000000000
238 	 0.00002303334052979997 	 0.00000185629576786408 	 0.00000000000000000000
239 	 0.00002315045673963337 	 0.00000286754055381312 	 0.00000000000000000000
240 	 0.00002308511537164541 	 0.00000418642364967902 	 0.00000000000000000000
241 	 0.00002813132901208731 	 0.00000297216589098649 	 0.00000000000000000000
242 	 0.00002813132901208731 	 0.00000204852007835561 	 0.00000000000000000000
243 	 0.00002543234987418591 	 0.00000305628920664402 	 0.00000000000000000000
244 	 0.00002513594472836532 	 0.00000306172471740912 	 0.00000000000000000000
245 	 0.00002531437885706949 	 0.00000280091549097456 	 0.00000000000000000000
246 	 0.00003009418408642658 	 0.00000470142710203267 	 0.00000000000000000000
247 	 0.00003199719922147123 	 0.00000332759059317273 	 0.00000000000000000000
248 	 0.00003212806210054309 	 0.00000304606321622583 	 0.00000000000000000000
249 	 0.00003190814907779939 	 0.00000332494806800207 	 0.00000000000000000000
250 	 0.00003190814907779939 	 0.00000367890975559146 	 0.00000000000000000000
251 	 0.00003217514757214656 	 0.00000307793879463512 	 0.00000000000000000000
252 	 0.00003172695914746978 	 0.00000273123163573140 	 0.00000000000000000000
253 	 0.00003222766641722616 	 0.00000360089396346298 	 0.00000000000000000000
254 	 0.00003190814907786640 	 0.00000334866269907088 	 0.00000000000000000000
255 	 0.00003221715945070227 	 0.00000396929136785879 	 0.00000000000000000000
256 	 0.00003190814907779939 	 0.00000460038509510810 	 0.00000000000000000003
257 	 0.00003230368456325905 	 0.00000385669108720911 	 0.00000000000000000000
258 	 0.00003232546177159625 	 0.00000570754185175432 	 0.00000000000000000000
259 	 0.00003231690773176486 	 0.00000329791455184849 	 0.00000000000000000000
260 	 0.00003230367643383632 	 0.00000313829547849596 	 0.00000000000000000000
261 	 0.00003230368456518812 	 0.00000260413593641902 	 0.00000000000000000000
262 	 0.00003212446917155044 	 0.00000394062602836532 	 0.00000000000000000000
263 	 0.00003216349802894841 	 0.00000379774608781058 	 0.00000000000000000000
264 	 0.00003217860838945572 	 0.00000403363438360245 	 0.00000000000000000000
265 	 0.00003236310794979797 	 0.00000591230100722960 	 0.00000000000000000000
266 	 0.00003211824296670011 	 0.00000349184947656974 	 0.00000000000000000000
267 	 0.00003234007034409739 	 0.00000264747110181123 	 0.00000000000000000000
268 	 0.00003217633470097015 	 0.00000459603187150930 	 0.00000000000000000000
269 	 0.00003214632050016667 	 0.00000332319764970170 	 0.00000000000000000000
270 	 0.00003234426803574657 	 0.00000459490794279398 	 0.00000000000000000000
271 	 0.00003216737364739658 	 0.00000354869919846655 	 0.00000000000000000000
272 	 0.00003233946442882973 	 0.00000406608996911631 	 0.00000000000000000000
273 	 0.00003236357688554404 	 0.00000409159464021435 	 0.00000000000000000000
274 	 0.00003236218777407453 	 0.00000266321980339550 	 0.00000000000000000000
275 	 0.00003215110910571984 	 0.00000236382546624454 	 0.00000000000000000000
276 	 0.00003236310794979797 	 0.00000367105572303218 	 0.00000000000000000000
277 	 0.00003234007034409739 	 0.00000468158402098797 	 0.00000000000000000000
278 	 0.00003236310794979797 	 0.00000356690537900300 	 0.00000000000000000000
279 	 0.00003236310794979797 	 0.00000577058070691139 	 0.00000000000000000000
280 	 0.00003236512801661110 	 0.00000460628623004343 	 0.00000000000000000000
281 	 0.00003236512801661110 	 0.00000419361183479919 	 0.00000000000000000000
282 	 0.00003236687830383628 	 0.00000430382412923780 	 0.00000000000000000000
283 	 0.00003231283060977539 	 0.00000142114925743921 	 0.00000000000000000000
284 	 0.00003233946442882973 	 0.00000138229015003100 	 0.00000000000000000000
285 	 0.00003208629693978212 	 0.00000281440765981246 	 0.00000000000000000000
286 	 0.00003236218555445991 	 0.00000239190273478801 	 0.00000000000000000000
287 	 0.00003213443663548905 	 0.00000262214382097398 	 0.00000000000000000000
288 	 0.00003222046706084376 	 0.00000338578520140043 	 0.00000000000000000000
289 	 0.00003234905047117222 	 0.00000334766802963542 	 0.00000000000000000000
290 	 0.00003236310795025658 	 0.00000438536748050237 	 0.00000000000000000000
291 	 0.00003234007034453227 	 0.00000395078074367125 	 0.00000000000000000000
292 	 0.00003236310800622801 	 0.00000462793159438314 	 0.00000000000000000000
293 	 0.00003233957488866990 	 0.00000327396779352186 	 0.00000000000000000000
294 	 0.00003236311125715409 	 0.00000458710958732738 	 0.00000000000000000000
295 	 0.00003209008620801254 	 0.00000278273252746421 	 0.00000000000000000000
296 	 0.00003209956409872163 	 0.00000386917155002064 	 0.00000000000000000000
297 	 0.00003212027749764476 	 0.00000648591506619076 	 0.00000000000000000000
298 	 0.00003233946757349340 	 0.00000521472031057958 	 0.00000000000000000000
299 	 0.00003236606720830086 	 0.00000466229048707887 	 0.00000000000000000000
300 	 0.00003236218872522157 	 0.00000270974983860505 	 0.00000000000000000000
301 	 0.00003219972317970787 	 0.00000404109192679190 	 0.00000000000000000000
302 	 0.00003212440244238170 	 0.00000410615530817796 	 0.00000000000000000000
303 	 0.00003293226621660986 	 0.00000464475639223020 	 0.00000000000000000000
304 	 0.00003236524262516747 	 0.00000383173578942849 	 0.00000000000000000000
305 	 0.00003212440295397819 	 0.00000400559461305075 	 0.00000000000000000000
306 	 0.00003232913396701704 	 0.00000347687739432578 	 0.00000000000000000000
307 	 0.00003212440295397819 	 0.00000402180856033980 	 0.00000000000000000000
308 	 0.00003212440295397819 	 0.00000262797381667054 	 0.00000000000000000000
309 	 0.00003238618520869418 	 0.00000476790818368367 	 0.00000000000000000000
310 	 0.00003237246671264529 	 0.00000348325054936681 	 0.00000000000000000000
311 	 0.00003237183457613850 	 0.00000337182880940587 	 0.00000000000000000000
312 	 0.00003233238975493777 	 0.00000300713401563585 	 0.00000000000000000000
313 	 0.00003233660498256273 	 0.00000274347157891936 	 0.00000000000000000000
314 	 0.00003213332192564930 	 0.00000401299433992899 	 0.00000000000000000000
315 	 0.00003212440295397819 	 0.00000342514427673729 	 0.00000000000000000000
316 	 0.00003238860322892323 	 0.00000227055319443708 	 0.00000000000000000000
317 	 0.00003236158595105422 	 0.00000343893470237620 	 0.00000000000000000000
318 	 0.00003216294782663874 	 0.00000392225687148887 	 0.00000000000000000000
319 	 0.00003228693280614771 	 0.00000388689525449194 	 0.00000000000000000000
320 	 0.00003234702014310103 	 0.00000267172817982750 	 0.00000000000000000000
321 	 0.00003234702014313469 	 0.00000357183114709684 	 0.00000000000000000000
322 	 0.00003218290903984254 	 0.00000467941746300546 	 0.00000000000000000000
323 	 0.00003237833713488442 	 0.00000394389183016444 	 0.00000000000000000000
324 	 0.00003236554366341597 	 0.00000414144387540376 	 0.00000000000000000000
325 	 0.00003239145922760945 	 0.00000263397625521510 	 0.00000000000000000000
326 	 0.00003232913846968045 	 0.00000470951939456124 	 0.00000000000000000000
327 	 0.00003231927186626052 	 0.00000479527990847874 	 0.00000000000000000000
328 	 0.00003232913846968045 	 0.00000403939185141387 	 0.00000000000000000000
329 	 0.00003212440767516061 	 0.00000512015574219813 	 0.00000000000000000000
330 	 0.00003235305543570929 	 0.00000405874477168284 	 0.00000000000000000000
331 	 0.00003237188816248300 	 0.00000401804103693207 	 0.00000000000000000000
332 	 0.00003237188861466138 	 0.00000367646812407605 	 0.00000000000000000000
333 	 0.00003236209297658765 	 0.00000395221300163522 	 0.00000000000000000000
334 	 0.00003226243853946262 	 0.00000393672906025107 	 0.00000000000000000000
335 	 0.00003238720028638744 	 0.00000227884814274219 	 0.00000000000000000000
336 	 0.00003215602529402955 	 0.00000497166413697929 	 0.00000000000000000000
337 	 0.00000000000177438649 	 0.00000000000011524170 	 0.00000000000000000000
338 	 0.00000324695575193393 	 0.00000013067368167425 	 0.00000000000000000000
339 	 0.00000325430052095535 	 0.00000029570431351283 	 0.00000000000000000000
340 	 0.00000324891188010697 	 0.00000043612690121261 	 0.00000000000000000000
341 	 0.00000945301751537724 	 0.00000080324874649936 	 0.00000000000000000000
342 	 0.00000956270026069028 	 0.00000087712175399842 	 0.00000000000000000000
343 	 0.00000954357393299453 	 0.00000070282807769261 	 0.00000000000000000000
344 	 0.00000954357402461338 	 0.00000116060092986389 	 0.00000000000000000000
345 	 0.00000952280397499241 	 0.00000100415421804010 	 0.00000000000000000000
346 	 0.00001195757957999838 	 0.00000152993184352491 	 0.00000000000000000000
347 	 0.00002737887234394983 	 0.00000152206340347067 	 0.00000000000000000000
348 	 0.00002747168426370215 	 0.00000176375018113280 	 0.00000000000000000000
349 	 0.00002794853251382509 	 0.00000226747253384230 	 0.00000000000000000000
350 	 0.00002747168426370215 	 0.00000283493534025775 	 0.00000000000000000000
351 	 0.00002800145502810231 	 0.00000287460090849481 	 0.00000000000000000000
352 	 0.00003175147892366010 	 0.00000305374664749405 	 0.00000000000000000000
353 	 0.00003157794050840932 	 0.00000307093145959444 	 0.00000000000000000000
354 	 0.00002796372715735715 	 0.00000168235982107109 	 0.00000000000000000000
355 	 0.00002764472874195715 	 0.00000166276966157384 	 0.00000000000000000000
356 	 0.00002796734057386645 	 0.00000212961326456307 	 0.00000000000000000000
357 	 0.00002756350521629556 	 0.00000296193814655814 	 0.00000000000000000000
358 	 0.00002837991254639703 	 0.00000219410901912191 	 0.00000000000000000000
359 	 0.00002776553303208994 	 0.00000211323711412657 	 0.00000000000000000000
360 	 0.00002794853296907471 	 0.00000273876239408545 	 0.00000000000000000000
361 	 0.00002839268918109609 	 0.00000315728856498319 	 0.00000000000000000000
362 	 0.00002764472894553089 	 0.00000284614619838452 	 0.00000000000000000000
363 	 0.00002787123009026619 	 0.00000231405588344082 	 0.00000000000000000000
364 	 0.00003571986818463658 	 0.00000411007659369026 	 0.00000000000000000000
365 	 0.00003603671402107614 	 0.00000366940305995777 	 0.00000000000000000000
366 	 0.00003594295470530773 	 0.00000249377323877360 	 0.00000000000000000000
367 	 0.00004407516280840002 	 0.00000364272683277648 	 0.00000000000000000000
368 	 0.00004450675620481034 	 0.00000293293898968139 	 0.00000000000000000000
369 	 0.00004450466342312287 	 0.00000372699479017212 	 0.00000000000000000000
370 	 0.00004450466342312287 	 0.00000390350128511184 	 0.00000000000000000000
371 	 0.00004450732842160745 	 0.00000389687824642065 	 0.00000000000000000000
372 	 0.00004451771402393935 	 0.00000390595514948133 	 0.00000000000000000000
373 	 0.00004450466342312287 	 0.00000328318213415526 	 0.00000000000000000000
374 	 0.00004450732842160745 	 0.00000332894631283211 	 0.00000000000000000000
375 	 0.00004450912575544726 	 0.00000484259827068986 	 0.00000000000000000000
376 	 0.00004450466342312287 	 0.00000390557735598388 	 0.00000000000000000000
377 	 0.00004450466342312287 	 0.00000385639560725778 	 0.00000000000000000000
378 	 0.00004449580251580064 	 0.00000337184899572359 	 0.00000000000000000005
379 	 0.00004450932603724361 	 0.00000307103844254664 	 0.00000000000000000000
380 	 0.00004450732842160800 	 0.00000321822170831176 	 0.00000000000000000000
381 	 0.00004450912575544655 	 0.00000502702121730975 	 0.00000000000000000000
382 	 0.00004450912575544655 	 0.00000399920892029600 	 0.00000000000000000000
383 	 0.00004424538254181564 	 0.00000516969242879754 	 0.00000000000000000000
384 	 0.00004450466342312287 	 0.00000379113001656820 	 0.00000000000000000000
385 	 0.00004450912575544655 	 0.00000464756038036130 	 0.00000000000000000000
386 	 0.00004449184769930351 	 0.00000447694205805646 	 0.00000000000000000000
387 	 0.00004450912575544726 	 0.00000349248565851795 	 0.00000000000000000000
388 	 0.00004450732842162552 	 0.00000322033091403727 	 0.00000000000000000000
389 	 0.00004472569362706947 	 0.00000412001237767023 	 0.00000000000000000000
390 	 0.00004460968219721951 	 0.00000422431990658750 	 0.00000000000000000000
391 	 0.00004466390027003734 	 0.00000477301999585120 	 0.00000000000000000000
392 	 0.00004472569362706947 	 0.00000470290849882028 	 0.00000000000000000000
393 	 0.00004464504274561541 	 0.00000405364283408744 	 0.00000000000000000000
394 	 0.00004466447714638863 	 0.00000392074849844138 	 0.00000000000000000001
395 	 0.00004429667857926304 	 0.00000394695574359688 	 0.00000000000000000000
396 	 0.00004429667857926304 	 0.00000502469509217790 	 0.00000000000000000000
397 	 0.00004466039735920665 	 0.00000544180207439871 	 0.00000000000000000000
398 	 0.00004472569362706947 	 0.00000457363922371083 	 0.00000000000000000000
399 	 0.00004472569362706947 	 0.00000550845397511362 	 0.00000000000000000000
400 	 0.00004466447714638863 	 0.00000467640941280036 	 0.00000000000000000000
401 	 0.00004466447714638863 	 0.00000386688208138899 	 0.00000000000000000000
402 	 0.00004429489863676375 	 0.00000467220245879432 	 0.00000000000000000000
403 	 0.00004460968219721951 	 0.00000356330871633181 	 0.00000000000000000000
404 	 0.00004467079296525674 	 0.00000475446953962264 	 0.00000000000000000000
405 	 0.00004429667857926304 	 0.00000636549827233209 	 0.00000000000000000000
406 	 0.00004472569362706947 	 0.00000367561144461926 	 0.00000000000000000000
407 	 0.00004472569362706947 	 0.00000407602091855158 	 0.00000000000000000000
408 	 0.00004429667857926304 	 0.00000375123535510873 	 0.00000000000000000000
409 	 0.00004472569362706947 	 0.00000497852453323425 	 0.00000000000000000000
410 	 0.00004429667857926304 	 0.00000398466927475916 	 0.00000000000000000000
411 	 0.00004472569362706947 	 0.00000572550424998758 	 0.00000000000000000000
412 	 0.00004429495270102866 	 0.00000544918304996772 	 0.00000000000000000000
413 	 0.00004472569362706947 	 0.00000371503814685538 	 0.00000000000000000000
414 	 0.00004476747018493845 	 0.00000371790093157949 	 0.00000000000000000000
415 	 0.00004469413879427018 	 0.00000491749565927968 	 0.00000000000000000000
416 	 0.00004429667857926304 	 0.00000473456486079936 	 0.00000000000000000000
417 	 0.00004446299207493685 	 0.00000384256199717850 	 0.00000000000000000000
418 	 0.00004474888969560794 	 0.00000418087733504788 	 0.00000000000000000000
419 	 0.00004466721326470536 	 0.00000462419882795962 	 0.00000000000000000000
420 	 0.00004429667857926304 	 0.00000373257170809320 	 0.00000000000000000000
421 	 0.00004429667857926304 	 0.00000379632193753631 	 0.00000000000000000000
422 	 0.00004469471613580593 	 0.00000453218637503867 	 0.00000000000000000000
423 	 0.00004474956307361605 	 0.00000403289098749027 	 0.00000000000000000000
424 	 0.00004463052350905471 	 0.00000392160294055139 	 0.00000000000000000000
425 	 0.00004481103037979075 	 0.00000476236538395486 	 0.00000000000000000000
426 	 0.00004465182825968737 	 0.00000519968756663968 	 0.00000000000000000000
427 	 0.00004453411991779300 	 0.00000383484059658337 	 0.00000000000000000000
428 	 0.00004465046893086069 	 0.00000359536669823695 	 0.00000000000000000000
429 	 0.00004465182825968737 	 0.00000469446569965093 	 0.00000000000000000000
430 	 0.00004474956307361605 	 0.00000360819224045655 	 0.00000000000000000000
431 	 0.00004465046893086069 	 0.00000378191556153429 	 0.00000000000000000000
432 	 0.00004429667857926304 	 0.00000459971169424228 	 0.00000000000000000000
433 	 0.00004465046893086069 	 0.00000499094329796742 	 0.00000000000000000000
434 	 0.00004474956307361605 	 0.00000427103948533529 	 0.00000000000000000000
435 	 0.00004474956307361605 	 0.00000629621611833932 	 0.00000000000000000000
436 	 0.00004469471613580593 	 0.00000513634217095623 	 0.00000000000000000000
437 	 0.00004474956307361605 	 0.00000448863186895371 	 0.00000000000000000000
438 	 0.00004469413879427018 	 0.00000392021029225479 	 0.00000000000000000001
439 	 0.00004469471613580593 	 0.00000399348026227797 	 0.00000000000000000000
440 	 0.00004474956307361605 	 0.00000374890464831647 	 0.00000000000000000000
441 	 0.00004423835252877313 	 0.00000462114956524604 	 0.00000000000000000000
442 	 0.00004474956307361605 	 0.00000426940197162789 	 0.00000000000000000000
443 	 0.00004474956307361605 	 0.00000361392362825114 	 0.00000000000000000000
444 	 0.00004464560722576933 	 0.00000519202453548666 	 0.00000000000000000000
445 	 0.00004469471613580593 	 0.00000638035204214764 	 0.00000000000000000000
446 	 0.00004474956307361605 	 0.00000403992398997604 	 0.00000000000000000000
447 	 0.00004472105722151367 	 0.00000394363018017644 	 0.00000000000000000000
448 	 0.00004469413879427018 	 0.00000385067833785592 	 0.00000000000000000000
449 	 0.00004474956307361605 	 0.00000373100076434232 	 0.00000000000000000000
450 	 0.00004469471613580593 	 0.00000391249048482886 	 0.00000000000000000000
451 	 0.00004466725926482952 	 0.00000485172115498130 	 0.00000000000000000000
452 	 0.00004465182825968737 	 0.00000358708510217341 	 0.00000000000000000000
453 	 0.00004477898316542794 	 0.00000395461105452464 	 0.00000000000000000000
454 	 0.00004429019800993067 	 0.00000463623306659185 	 0.00000000000000000000
455 	 0.00004469471613580593 	 0.00000517155499911192 	 0.00000000000000000000
456 	 0.00004477033467867532 	 0.00000665866418693155 	 0.00000000000000000000
457 	 0.00004487953924862997 	 0.00000358856901971103 	 0.00000000000000000000
458 	 0.00004457251098852376 	 0.00000412934564190675 	 0.00000000000000000000
459 	 0.00004474956307361605 	 0.00000440825008919274 	 0.00000000000000000000
460 	 0.00004474956307361605 	 0.00000388199856464935 	 0.00000000000000000009
461 	 0.00004467361721624966 	 0.00000372445124385073 	 0.00000000000000000000
462 	 0.00004474956307361605 	 0.00000358402820811619 	 0.00000000000000000000
463 	 0.00004477033467867532 	 0.00000383332355889863 	 0.00000000000000000000
464 	 0.00004474956307361605 	 0.00000376305827909659 	 0.00000000000000000000
465 	 0.00004457251098852376 	 0.00000374565183725752 	 0.00000000000000000000
466 	 0.00004474956307361605 	 0.00000416844203570937 	 0.00000000000000000000
467 	 0.00004476972953531930 	 0.00000497218416043507 	 0.00000000000000000000
468 	 0.00004492125539246428 	 0.00000399827355500000 	 0.00000000000000000000
469 	 0.00004463990258858938 	 0.00000389490113157827 	 0.00000000000000000000
470 	 0.00004474854752871602 	 0.00000417765020727470 	 0.00000000000000000000
471 	 0.00004457258385425130 	 0.00000364472479294387 	 0.00000000000000000000
472 	 0.00004474854752871602 	 0.00000486774946743162 	 0.00000000000000000000
473 	 0.00004476972953531930 	 0.00000386837702378290 	 0.00000000000000000000
474 	 0.00004492125539246428 	 0.00000388639972046780 	 0.00000000000000000015
475 	 0.00004487961038278169 	 0.00000394871640515699 	 0.00000000000000000000
476 	 0.00004467418521844834 	 0.00000403289623613017 	 0.00000000000000000000
477 	 0.00004474854752871602 	 0.00000378603486517219 	 0.00000000000000000000
478 	 0.00004453883370982677 	 0.00000526398164649809 	 0.00000000000000000000
479 	 0.00004457258502392590 	 0.00000401203612772403 	 0.00000000000000000000
480 	 0.00004458461882859523 	 0.00000368615063530249 	 0.00000000000000000000
481 	 0.00004472834176024252 	 0.00000464112298936480 	 0.00000000000000000000
482 	 0.00004474854752871602 	 0.00000479888728706712 	 0.00000000000000000000
483 	 0.00004478342459462944 	 0.00000608709655227052 	 0.00000000000000000000
484 	 0.00004474854752871602 	 0.00000358426245004820 	 0.00000000000000000000
485 	 0.00004457258385425130 	 0.00000397111462506069 	 0.00000000000000000000
486 	 0.00004457258385425130 	 0.00000354853103541993 	 0.00000000000000000000
487 	 0.00000000000000000000 	 0.00000000000000000000 	 0.00000000000000000000
488 	 0.00004482576204632290 	 0.00000089679020217064 	 0.00000000000000000000
489 	 0.00004492125539246428 	 0.00000112097232336251 	 0.00000000000000000000
490 	 0.00004488982199778116 	 0.00000146315669463478 	 0.00000000000000000000
491 	 0.00004472834176024252 	 0.00000136410915954977 	 0.00000000000000000000
492 	 0.00004485878521578862 	 0.00000145396147156051 	 0.00000000000000000000
493 	 0.00004465867258795579 	 0.00000156112692976030 	 0.00000000000000000000
494 	 0.00004465867258795579 	 0.00000153684166186577 	 0.00000000000000000000
495 	 0.00004492125539246428 	 0.00000140856652241708 	 0.00000000000000000000
496 	 0.00004464095457216626 	 0.00000133761958113317 	 0.00000000000000000000
497 	 0.00004465867258795579 	 0.00000193147265622044 	 0.00000000000000000000
498 	 0.00004457258385425130 	 0.00000189298858763032 	 0.00000000000000000000
499 	 0.00004465986994178941 	 0.00000298933944372201 	 0.00000000000000000000
500 	 0.00004488982199778116 	 0.00000288168129349810 	 0.00000000000000000000
501 	 0.00004465867258795579 	 0.00000345362494462242 	 0.00000000000000000000
502 	 0.00004481619252206974 	 0.00000423272458260310 	 0.00000000000000000000
503 	 0.00004465867258795579 	 0.00000320100559033924 	 0.00000000000000000000
504 	 0.00004492125539246428 	 0.00000372001924530321 	 0.00000000000000000000
505 	 0.00004455969308810417 	 0.00000334554367986904 	 0.00000000000000000000
506 	 0.00004457258385425130 	 0.00000405168538965673 	 0.00000000000000000000
507 	 0.00004465867258795579 	 0.00000392026415214250 	 0.00000000000000000000
508 	 0.00004476919738383099 	 0.00000503052046235105 	 0.00000000000000000000
509 	 0.00004492125537756158 	 0.00000382508461300083 	 0.00000000000000000000
510 	 0.00004492125539246428 	 0.00000359312308864181 	 0.00000000000000000000
511 	 0.00004466060274348586 	 0.00000390286766130834 	 0.00000000000000000000
512 	 0.00004476624925486579 	 0.00000456056476531252 	 0.00000000000000000000
513 	 0.00004473033887433183 	 0.00000357830732712680 	 0.00000000000000000000
514 	 0.00004492125539246428 	 0.00000359312220228409 	 0.00000000000000000000
515 	 0.00004473033887433183 	 0.00000368399481025658 	 0.00000000000000000000
516 	 0.00004492125539246428 	 0.00000469134171176907 	 0.00000000000000000000
517 	 0.00004478721076188587 	 0.00000357044992952581 	 0.00000000000000000000
518 	 0.00004478721076188587 	 0.00000691467231527821 	 0.00000000000000000000
519 	 0.00004479499485158722 	 0.00000364362986963681 	 0.00000000000000000000
520 	 0.00004474963791537648 	 0.00000462532150027650 	 0.00000000000000000003
521 	 0.00004492183348209412 	 0.00000368377551943718 	 0.00000000000000000000
522 	 0.00004474963791537648 	 0.00000418843878867476 	 0.00000000000000000000
523 	 0.00004492183349697419 	 0.00000378102660650188 	 0.00000000000000000000
524 	 0.00004489145900269107 	 0.00000360107756095263 	 0.00000000000000000000
525 	 0.00004492183348201652 	 0.00000413403745713042 	 0.00000000000000000000
526 	 0.00004476001931952613 	 0.00000403871724744583 	 0.00000000000000000000
527 	 0.00004476001931952613 	 0.00000482661212005986 	 0.00000000000000000000
528 	 0.00004478721076188587 	 0.00000435269551081008 	 0.00000000000000000000
529 	 0.00004489145900269107 	 0.00000372533319512257 	 0.00000000000000000000
530 	 0.00004489145900269107 	 0.00000424776763399876 	 0.00000000000000000000
531 	 0.00004476001931952613 	 0.00000499378707781829 	 0.00000000000000000000
532 	 0.00004492183349697419 	 0.00000513750608681119 	 0.00000000000000000000
533 	 0.00004492183348200726 	 0.00000374119981715527 	 0.00000000000000000000
534 	 0.00004474947979280411 	 0.00000373265456542445 	 0.00000000000000000000
535 	 0.00004478721076188587 	 0.00000446308295400395 	 0.00000000000000000000
536 	 0.00004466029221048456 	 0.00000461150479565463 	 0.00000000000000000000
537 	 0.00004466060274348586 	 0.00000397914992657181 	 0.00000000000000000000
538 	 0.00004473033887433183 	 0.00000469803861228354 	 0.00000000000000000000
539 	 0.00004478788223417827 	 0.00000453218373631772 	 0.00000000000000000000
540 	 0.00004476919738383099 	 0.00000559208981258824 	 0.00000000000000000000
541 	 0.00004466096355630320 	 0.00000502832803651136 	 0.00000000000000000000
542 	 0.00004485754704696316 	 0.00000385523202834220 	 0.00000000000000000000
543 	 0.00004489155991576692 	 0.00000368103875383498 	 0.00000000000000000000
544 	 0.00004478804825453784 	 0.00000622395743256634 	 0.00000000000000000000
545 	 0.00004469644158372356 	 0.00000368581004749629 	 0.00000000000000000000
546 	 0.00004479441024779943 	 0.00000601327372904739 	 0.00000000000000000000
547 	 0.00004489245533269795 	 0.00000411439618855913 	 0.00000000000000000000
548 	 0.00004478804825453784 	 0.00000461242222145606 	 0.00000000000000000000
549 	 0.00004469644158372356 	 0.00000434013346727191 	 0.00000000000000000000
550 	 0.00004485808233677090 	 0.00000363593844400129 	 0.00000000000000000000
551 	 0.00004489296058644215 	 0.00000660481851518213 	 0.00000000000000000000
552 	 0.00004472861921130460 	 0.00000459614423078129 	 0.00000000000000000000
553 	 0.00004478849731923795 	 0.00000491456343613453 	 0.00000000000000000000
554 	 0.00004478849731923795 	 0.00000512621862945019 	 0.00000000000000000000
555 	 0.00004489296058644215 	 0.00000485971021282225 	 0.00000000000000000000
556 	 0.00004489207715088117 	 0.00000383117897289325 	 0.00000000000000000000
557 	 0.00004473222145385123 	 0.00000476056062018429 	 0.00000000000000000000
558 	 0.00004478849731923795 	 0.00000371723984617739 	 0.00000000000000000000
559 	 0.00004457221298375777 	 0.00000410676970356414 	 0.00000000000000000000
560 	 0.00004489296058644215 	 0.00000389616618585692 	 0.00000000000000000000
561 	 0.00004469625505581693 	 0.00000398494229649941 	 0.00000000000000000000
562 	 0.00004469643382467357 	 0.00000402590303141446 	 0.00000000000000000000
563 	 0.00004469625783426382 	 0.00000450680311889322 	 0.00000000000000000000
564 	 0.00004475942952396912 	 0.00000434029624643113 	 0.00000000000000000000
565 	 0.00004471941300035224 	 0.00000386380766686607 	 0.00000000000000000000
566 	 0.00004465282473010016 	 0.00000383841655824547 	 0.00000000000000000000
567 	 0.00004478849731923795 	 0.00000384341184268146 	 0.00000000000000000000
568 	 0.00004478849731923795 	 0.00000363049451072708 	 0.00000000000000000000
569 	 0.00004475909944469485 	 0.00000415220004223030 	 0.00000000000000000000
570 	 0.00004459278108895501 	 0.00000410998363694222 	 0.00000000000000000000
571 	 0.00004489296058644215 	 0.00000397629945472485 	 0.00000000000000000002
572 	 0.00004478849731923795 	 0.00000403750566710210 	 0.00000000000000000000
573 	 0.00004478978178463069 	 0.00000362024976425921 	 0.00000000000000000000
574 	 0.00004478961493950886 	 0.00000638387720689769 	 0.00000000000000000000
575 	 0.00004470364353117061 	 0.00000372735086304661 	 0.00000000000000000000
576 	 0.00004489207715088117 	 0.00000384867065720065 	 0.00000000000000000000
577 	 0.00004489207715088117 	 0.00000368946992514705 	 0.00000000000000000000
578 	 0.00004475909944469485 	 0.00000357868043350212 	 0.00000000000000000000
579 	 0.00004479047437406526 	 0.00000463834024244223 	 0.00000000000000000000
580 	 0.00004474577002564956 	 0.00000490245512094263 	 0.00000000000000000000
581 	 0.00004470523394199537 	 0.00000364457480385800 	 0.00000000000000000000
582 	 0.00004479047437406526 	 0.00000396453466292331 	 0.00000000000000000000
583 	 0.00004489236490446097 	 0.00000417995753075369 	 0.00000000000000000000
584 	 0.00004485714849525892 	 0.00000390108203687606 	 0.00000000000000000000
585 	 0.00004473763760959412 	 0.00000481465195791135 	 0.00000000000000000000
586 	 0.00004469810967104691 	 0.00000548481371634651 	 0.00000000000000000000
587 	 0.00004489192579567894 	 0.00000358920970301195 	 0.00000000000000000000
588 	 0.00004472859907638510 	 0.00000389668069264897 	 0.00000000000000000000
589 	 0.00004475893374284060 	 0.00000358417222515185 	 0.00000000000000000000
590 	 0.00004469810967104691 	 0.00000509761818852199 	 0.00000000000000000000
591 	 0.00004479047437406526 	 0.00000526904701812211 	 0.00000000000000000000
592 	 0.00004485714849525892 	 0.00000365665913375842 	 0.00000000000000000000
593 	 0.00004475955310972449 	 0.00000527109372370234 	 0.00000000000000000000
594 	 0.00004475955310972449 	 0.00000479262558151373 	 0.00000000000000000000
595 	 0.00004469810967104691 	 0.00000396294862926616 	 0.00000000000000000000
596 	 0.00004479047437406526 	 0.00000472137508203430 	 0.00000000000000000000
597 	 0.00004485682415279509 	 0.00000407431582839404 	 0.00000000000000000000
598 	 0.00004469810967104691 	 0.00000368840714986723 	 0.00000000000000000000
599 	 0.00004485682415279509 	 0.00000399705726328074 	 0.00000000000000000000
600 	 0.00004471281986513988 	 0.00000494006332505701 	 0.00000000000000000000
601 	 0.00004485714849525892 	 0.00000358853011393086 	 0.00000000000000000000
602 	 0.00004469810967104691 	 0.00000367899561591331 	 0.00000000000000000000
603 	 0.00004479047437406526 	 0.00000383095263840333 	 0.00000000000000000000
604 	 0.00004479047437406526 	 0.00000452680753434408 	 0.00000000000000000000
605 	 0.00004473559854006504 	 0.00000470382715740880 	 0.00000000000000000000
606 	 0.00004479047437406526 	 0.00000365433824428558 	 0.00000000000000000000
607 	 0.00004469660377017799 	 0.00000385786607766187 	 0.00000000000000000000
608 	 0.00004479163754312534 	 0.00000444955601653737 	 0.00000000000000000000
609 	 0.00004479047437406526 	 0.00000413300158321644 	 0.00000000000000000000
610 	 0.00004485682415279509 	 0.00000373664342166429 	 0.00000000000000000000
611 	 0.00004469810967104691 	 0.00000371364752932987 	 0.00000000000000000000
612 	 0.00004473559854006504 	 0.00000387618930240082 	 0.00000000000000000000
613 	 0.00004479047437406526 	 0.00000402875177978280 	 0.00000000000000000000
614 	 0.00004472994670750166 	 0.00000450851412073135 	 0.00000000000000000000
615 	 0.00004469810984322316 	 0.00000414003966582557 	 0.00000000000000000000
616 	 0.00004473559864308100 	 0.00000357818908646370 	 0.00000000000000000000
617 	 0.00004485682415279509 	 0.00000390876155415802 	 0.00000000000000000000
618 	 0.00004485682415279509 	 0.00000375282485248988 	 0.00000000000000000000
619 	 0.00004456102580700103 	 0.00000389845451921037 	 0.00000000000000000000
620 	 0.00004485714849525892 	 0.00000377642550408127 	 0.00000000000000000000
621 	 0.00004485682415279509 	 0.00000361948996688550 	 0.00000000000000000000
622 	 0.00004469810967104691 	 0.00000360121264961843 	 0.00000000000000000000
623 	 0.00004475936375116871 	 0.00000373937309793025 	 0.00000000000000000000
624 	 0.00004476518962344705 	 0.00000498251610278149 	 0.00000000000000000000
625 	 0.00004473559854006504 	 0.00000395465698106367 	 0.00000000000000000000
626 	 0.00004476557506718189 	 0.00000419955269208342 	 0.00000000000000000000
627 	 0.00004493498875160682 	 0.00000571519783286839 	 0.00000000000000000002
628 	 0.00004477059120670876 	 0.00000446938057818647 	 0.00000000000000000000
629 	 0.00004476518962344705 	 0.00000576728399640552 	 0.00000000000000000000
630 	 0.00004485714849525892 	 0.00000397552017719489 	 0.00000000000000000000
631 	 0.00004476518962344705 	 0.00000366454918941922 	 0.00000000000000000000
632 	 0.00004485682415279511 	 0.00000410581519863087 	 0.00000000000000000000
633 	 0.00004481223462140853 	 0.00000397482744108169 	 0.00000000000000000000
634 	 0.00004537711195386631 	 0.00000488121896152212 	 0.00000000000000000000
635 	 0.00004525538338340293 	 0.00000409192507007731 	 0.00000000000000000000
636 	 0.00004526080062927839 	 0.00000362890495896694 	 0.00000000000000000000
637 	 0.00004525667708293979 	 0.00000468394427580609 	 0.00000000000000000000
638 	 0.00004524905917276097 	 0.00000451877449037347 	 0.00000000000000000000
639 	 0.00004528630233580818 	 0.00000463706795163111 	 0.00000000000000000000
640 	 0.00004527661382567461 	 0.00000404880249349712 	 0.00000000000000000000
641 	 0.00004527668694447880 	 0.00000412668004458868 	 0.00000000000000000000
642 	 0.00004525667708293979 	 0.00000508002223877738 	 0.00000000000000000000
643 	 0.00004527705334814929 	 0.00000380677743382583 	 0.00000000000000000000
644 	 0.00004520886180230111 	 0.00000404726410524685 	 0.00000000000000000000
645 	 0.00004525038559058890 	 0.00000491981668674976 	 0.00000000000000000000
646 	 0.00004528184358204653 	 0.00000382151664548695 	 0.00000000000000000000
647 	 0.00004525668581650150 	 0.00000525427787972930 	 0.00000000000000000000
648 	 0.00004529128968569591 	 0.00000466128959906257 	 0.00000000000000000000
649 	 0.00004527052601468458 	 0.00000383539080900479 	 0.00000000000000000000
650 	 0.00004526340090213282 	 0.00000585544306841485 	 0.00000000000000000000
651 	 0.00004526340090213282 	 0.00000422889641373985 	 0.00000000000000000000
652 	 0.00004527668694447880 	 0.00000391313609195715 	 0.00000000000000000000
653 	 0.00004527663480168250 	 0.00000410752056355176 	 0.00000000000000000000
654 	 0.00004527668690498033 	 0.00000377898643243075 	 0.00000000000000000000
655 	 0.00004524907839176580 	 0.00000401164195710780 	 0.00000000000000000000
656 	 0.00004526340090213282 	 0.00000429249645803720 	 0.00000000000000000000
657 	 0.00004524907839176580 	 0.00000390837226750101 	 0.00000000000000000000
658 	 0.00004526080062927839 	 0.00000472373181389521 	 0.00000000000000000000
659 	 0.00004527668716252508 	 0.00000500082136974701 	 0.00000000000000000000
660 	 0.00004531966297326363 	 0.00000570271319098730 	 0.00000000000000000000
661 	 0.00004545234471272381 	 0.00000479502468495339 	 0.00000000000000000000
662 	 0.00004540368005828653 	 0.00000452687656725173 	 0.00000000000000000000
663 	 0.00004525602807939383 	 0.00000386230624574815 	 0.00000000000000000000
664 	 0.00004545257903883396 	 0.00000475441340449003 	 0.00000000000000000000
665 	 0.00004525581481635500 	 0.00000376664978590935 	 0.00000000000000000000
666 	 0.00004540368005828653 	 0.00000481307748920118 	 0.00000000000000000000
667 	 0.00004526080062927839 	 0.00000398211467138037 	 0.00000000000000000000
668 	 0.00004531966297326363 	 0.00000376686026859749 	 0.00000000000000000000
669 	 0.00004539329965053640 	 0.00000381186974990222 	 0.00000000000000000000
670 	 0.00004526080062927839 	 0.00000640845571409867 	 0.00000000000000000000
671 	 0.00004527462783595555 	 0.00000456154494853501 	 0.00000000000000000000
672 	 0.00004526080067982491 	 0.00000604998046142264 	 0.00000000000000000000
673 	 0.00004543977888373683 	 0.00000464467662817298 	 0.00000000000000000000
674 	 0.00004525668581650150 	 0.00000478888288906757 	 0.00000000000000000000
675 	 0.00004531673025295157 	 0.00000488829609032929 	 0.00000000000000000000
676 	 0.00004531673025295157 	 0.00000518777171618983 	 0.00000000000000000000
677 	 0.00004526751389850703 	 0.00000462503135329111 	 0.00000000000000000000
678 	 0.00004526179395959066 	 0.00000391821560510167 	 0.00000000000000000000
679 	 0.00004531424140903233 	 0.00000486387560955113 	 0.00000000000000000000
680 	 0.00004529276866293605 	 0.00000390022777095010 	 0.00000000000000000000
681 	 0.00004529276866293605 	 0.00000460117648602854 	 0.00000000000000000000
682 	 0.00004529276862659042 	 0.00000378250730410526 	 0.00000000000000000000
683 	 0.00004523033240263517 	 0.00000294403748842592 	 0.00000000000000000000
684 	 0.00004527761831880350 	 0.00000379334516980246 	 0.00000000000000000000
685 	 0.00004529243787024088 	 0.00000532357199402049 	 0.00000000000000000000
686 	 0.00004531219302390742 	 0.00000550031085214801 	 0.00000000000000000000
687 	 0.00004531858208592495 	 0.00000403307073216099 	 0.00000000000000000004
688 	 0.00004531309012723314 	 0.00000364909367031083 	 0.00000000000000000000
689 	 0.00004529251520942208 	 0.00000573675117410729 	 0.00000000000000000000
690 	 0.00004531158408386072 	 0.00000374501953069456 	 0.00000000000000000000
691 	 0.00004531222819622760 	 0.00000631873924021356 	 0.00000000000000000000
692 	 0.00004531161944658529 	 0.00000385120865091611 	 0.00000000000000000000
693 	 0.00004532842245743230 	 0.00000563544563992301 	 0.00000000000000000001
694 	 0.00004532733864663909 	 0.00000374362151298512 	 0.00000000000000000000
695 	 0.00004537076192207148 	 0.00000489294320101878 	 0.00000000000000000000
696 	 0.00004536405040641564 	 0.00000375130541203323 	 0.00000000000000000000
697 	 0.00004531436495318274 	 0.00000378870183762935 	 0.00000000000000000000
698 	 0.00004537076191194155 	 0.00000379883304403071 	 0.00000000000000000000
699 	 0.00004536405040603200 	 0.00000397476321563724 	 0.00000000000000000000
700 	 0.00004537107419535359 	 0.00000385458225560946 	 0.00000000000000000000
701 	 0.00004531161944658529 	 0.00000397490644139652 	 0.00000000000000000000
702 	 0.00004531157230075194 	 0.00000420800313614198 	 0.00000000000000000000
703 	 0.00004537632430096833 	 0.00000532817164470511 	 0.00000000000000000000
704 	 0.00004537770405520813 	 0.00000466103704474870 	 0.00000000000000000000
705 	 0.00004537857364900523 	 0.00000397438754498656 	 0.00000000000000000000
706 	 0.00004537857364900523 	 0.00000454772164419038 	 0.00000000000000000000
707 	 0.00004537795659321387 	 0.00000395327924774254 	 0.00000000000000000000
708 	 0.00004537858886653468 	 0.00000415484716075491 	 0.00000000000000000000
709 	 0.00004541222839602158 	 0.00000480003041432111 	 0.00000000000000000000
710 	 0.00004540892785217470 	 0.00000382823971364199 	 0.00000000000000000000
711 	 0.00004539647333600502 	 0.00000516964976783913 	 0.00000000000000000000
712 	 0.00004541635106856959 	 0.00000362829827501731 	 0.00000000000000000000
713 	 0.00004541212252055506 	 0.00000569179158798384 	 0.00000000000000000000
714 	 0.00004538267512867497 	 0.00000606729878940853 	 0.00000000000000000000
715 	 0.00004538267512867497 	 0.00000485659335853021 	 0.00000000000000000000
716 	 0.00004538267512867497 	 0.00000389394573034879 	 0.00000000000000000000
717 	 0.00004539448325309023 	 0.00000531635606539699 	 0.00000000000000000000
718 	 0.00004539044073420539 	 0.00000363137629331753 	 0.00000000000000000000
719 	 0.00004539070520486681 	 0.00000399564009408782 	 0.00000000000000000000
720 	 0.00004541203604141287 	 0.00000637103687868331 	 0.00000000000000000000
721 	 0.00004538448776676498 	 0.00000484694172287875 	 0.00000000000000000000
722 	 0.00004541265302994691 	 0.00000437613096629918 	 0.00000000000000000000
723 	 0.00004538448776676498 	 0.00000404591864677113 	 0.00000000000000000000
724 	 0.00004538424253148285 	 0.00000365032578962935 	 0.00000000000000000000
725 	 0.00004538267512867497 	 0.00000412701431803788 	 0.00000000000000000000
726 	 0.00004538267159475057 	 0.00000479777382137838 	 0.00000000000000000000
727 	 0.00004541777394227168 	 0.00000615084297235837 	 0.00000000000000000000
728 	 0.00004541511529065154 	 0.00000397775244853650 	 0.00000000000000000000
729 	 0.00004541933525272453 	 0.00000494223328538443 	 0.00000000000000000000
730 	 0.00004541933525274148 	 0.00000369828971186731 	 0.00000000000000000000
731 	 0.00004541791720670979 	 0.00000387706433387984 	 0.00000000000000000000
732 	 0.00004541458991062622 	 0.00000372883727798721 	 0.00000000000000000000
733 	 0.00004541766984418095 	 0.00000661969291264203 	 0.00000000000000000000
734 	 0.00004541934363014263 	 0.00000475330614245483 	 0.00000000000000000000
735 	 0.00004541766984418095 	 0.00000410199558718433 	 0.00000000000000000000
736 	 0.00004541792605973565 	 0.00000393509319842935 	 0.00000000000000000000
737 	 0.00004541787724247396 	 0.00000703946969266383 	 0.00000000000000000000
738 	 0.00004541463774846357 	 0.00000393958523551049 	 0.00000000000000000000
739 	 0.00004541792783463946 	 0.00000494734567366890 	 0.00000000000000000000
740 	 0.00004541463774846357 	 0.00000429934849588176 	 0.00000000000000000000
741 	 0.00004541464155465620 	 0.00000365036571537036 	 0.00000000000000000000
742 	 0.00004541933702840840 	 0.00000381330648053409 	 0.00000000000000000000
743 	 0.00004541933702840840 	 0.00000457880269178366 	 0.00000000000000000000
744 	 0.00004541451132237555 	 0.00000373004999504408 	 0.00000000000000000000
745 	 0.00004541903904094014 	 0.00000384667712689967 	 0.00000000000000000000
746 	 0.00004541787724247396 	 0.00000405882880705335 	 0.00000000000000000000
747 	 0.00004541767161913225 	 0.00000548038470559575 	 0.00000000000000000000
748 	 0.00004537918170996934 	 0.00000385045487709209 	 0.00000000000000000000
749 	 0.00004541933702840840 	 0.00000400042578763344 	 0.00000000000000000000
750 	 0.00004541680670228676 	 0.00000397123429376984 	 0.00000000000000000004
###############################################################
## Evolution ended on --- ---  - 18:15:05 2025
## Reason: Evolved till last generation 750
## The best individual was found in generation 664 (fitness: 0.00004545)
###############################################################
###############################################################
## Evolution started on --- ---  - 18:15:42 2025
###############################################################
751 	 0.00004541792865942191 	 0.00000409209812127344 	 0.00000000000000000000
752 	 0.00004541792865942191 	 0.00000464594576021307 	 0.00000000000000000000
753 	 0.00000000000000000022 	 0.00000000000000000000 	 0.00000000000000000000
754 	 0.00004541933785489523 	 0.00000090838675719385 	 0.00000000000000000000
755 	 0.00004541463857435730 	 0.00000190284464025220 	 0.00000000000000000000
756 	 0.00004541933415571272 	 0.00000193352889620763 	 0.00000000000000000000
757 	 0.00004538008630457959 	 0.00000189097595842041 	 0.00000000000000000000
758 	 0.00004541775465434595 	 0.00000266042203123811 	 0.00000000000000000000
759 	 0.00004541933785489523 	 0.00000214223071711595 	 0.00000000000000000000
760 	 0.00004541767244389630 	 0.00000265326637909396 	 0.00000000000000000000
761 	 0.00004541791980639804 	 0.00000233568271130928 	 0.00000000000000000000
762 	 0.00004541769405634589 	 0.00000307142799447342 	 0.00000000000000000000
763 	 0.00004541869122821485 	 0.00000363371690933567 	 0.00000000000000000000
764 	 0.00004541854943795244 	 0.00000530839241397288 	 0.00000000000000000000
765 	 0.00004541808221563917 	 0.00000415734949231498 	 0.00000000000000000000
766 	 0.00004541808221563917 	 0.00000411768351712016 	 0.00000000000000000000
767 	 0.00004541488486997564 	 0.00000363479019348958 	 0.00000000000000000000
768 	 0.00004541949169055845 	 0.00000499584473845801 	 0.00000000000000000000
769 	 0.00004541779648765632 	 0.00000429895685239549 	 0.00000000000000000000
770 	 0.00004541805594992269 	 0.00000365088487741971 	 0.00000000000000000000
771 	 0.00004541949169055845 	 0.00000488811279037831 	 0.00000000000000000000
772 	 0.00004541808221563917 	 0.00000418156266360056 	 0.00000000000000000001
773 	 0.00004541949169050876 	 0.00000363459611072202 	 0.00000000000000000000
774 	 0.00000000000000052161 	 0.00000000000000001043 	 0.00000000000000000000
775 	 0.00000000000000134104 	 0.00000000000000004802 	 0.00000000000000000000
776 	 0.00000000000000878591 	 0.00000000000000041170 	 0.00000000000000000000
777 	 0.00000000010445726954 	 0.00000000000381025129 	 0.00000000000000000000
778 	 0.00000002057133168811 	 0.00000000110449699862 	 0.00000000000000000000
779 	 0.00000000000000000000 	 0.00000000000000000000 	 0.00000000000000000000
780 	 0.00000002137947664728 	 0.00000000042891090386 	 0.00000000000000000000
781 	 0.00000096791772805498 	 0.00000003885115801930 	 0.00000000000000000000
782 	 0.00000137722948767448 	 0.00000007367319942603 	 0.00000000000000000000
783 	 0.00000326523534626003 	 0.00000011709031710514 	 0.00000000000000000000
784 	 0.00002086977772940787 	 0.00000106828650933438 	 0.00000000000000000000
785 	 0.00002146228234389465 	 0.00000168409718742665 	 0.00000000000000000000
786 	 0.00003781490298694333 	 0.00000373638431155540 	 0.00000000000000000000
787 	 0.00002257159953088781 	 0.00000335796717050837 	 0.00000000000000000000
788 	 0.00002894851723505436 	 0.00000427509905420986 	 0.00000000000000000000
789 	 0.00002893017710452595 	 0.00000396211792734206 	 0.00000000000000000000
790 	 0.00002627454625360604 	 0.00000204840262314241 	 0.00000000000000000000
791 	 0.00003289160324330575 	 0.00000282572663299759 	 0.00000000000000000000
792 	 0.00000000000280241700 	 0.00000000000005621876 	 0.00000000000000000000
793 	 0.00000084854293524915 	 0.00000002107937810569 	 0.00000000000000000000
794 	 0.00001081197813173777 	 0.00000030700037377604 	 0.00000000000000000000
795 	 0.00001189866153428368 	 0.00000193635813721430 	 0.00000000000000000000
796 	 0.00001329706976197468 	 0.00000281130583034204 	 0.00000000000000000000
797 	 0.00001309640444002151 	 0.00000280431016683392 	 0.00000000000000000000
798 	 0.00001205429321956966 	 0.00000241605330881938 	 0.00000000000000000000
799 	 0.00001300316353106959 	 0.00000263243715015704 	 0.00000000000000000000
800 	 0.00001312290265754425 	 0.00000299471995185980 	 0.00000000000000000000
801 	 0.00001379755995484141 	 0.00000271450542483250 	 0.00000000000000000000
802 	 0.00001374789723042872 	 0.00000290883653541188 	 0.00000000000000000000
803 	 0.00001397929697230454 	 0.00000349928990524388 	 0.00000000000000000000
804 	 0.00001392931095948984 	 0.00000367049406919650 	 0.00000000000000000000
805 	 0.00001403163581688609 	 0.00000302028069631785 	 0.00000000000000000000
806 	 0.00001423406186909454 	 0.00000414993990184543 	 0.00000000000000000000
807 	 0.00001425841708787557 	 0.00000386172456425519 	 0.00000000000000000000
808 	 0.00001415929874926661 	 0.00000243947932037569 	 0.00000000000000000000
809 	 0.00001417681826874220 	 0.00000272914624291899 	 0.00000000000000000000
810 	 0.00001470642928618791 	 0.00000410832778418383 	 0.00000000000000000000
811 	 0.00001426676927317822 	 0.00000382111470408937 	 0.00000000000000000000
812 	 0.00001426497262016885 	 0.00000299167930498900 	 0.00000000000000000000
813 	 0.00000000000000122152 	 0.00000000000000002443 	 0.00000000000000000000
814 	 0.00000059730202039112 	 0.00000001455095856627 	 0.00000000000000000000
815 	 0.00000228516226830217 	 0.00000006750967295359 	 0.00000000000000000000
816 	 0.00000000000008748210 	 0.00000000000000178767 	 0.00000000000000000000
817 	 0.00000010090069454973 	 0.00000000270756229751 	 0.00000000000000000000
818 	 0.00000087065415199076 	 0.00000002575816775467 	 0.00000000000000000000
819 	 0.00000398525923621223 	 0.00000053077200143242 	 0.00000000000000000000
820 	 0.00000481606446319060 	 0.00000148954852067509 	 0.00000000000000000000
821 	 0.00000467548848731367 	 0.00000110848110597092 	 0.00000000000000000000
822 	 0.00000000000013421349 	 0.00000000000000276314 	 0.00000000000000000000
823 	 0.00000000014791930864 	 0.00000000000696317979 	 0.00000000000000000000
824 	 0.00000023872193005556 	 0.00000000478796920747 	 0.00000000000000000000
825 	 0.00000248408272431295 	 0.00000015646643128770 	 0.00000000000000000000
826 	 0.00001423703361499751 	 0.00000048225505186104 	 0.00000000000000000000
827 	 0.00001480112270320593 	 0.00000151503697677714 	 0.00000000000000000000
828 	 0.00001489280095914285 	 0.00000269330584549043 	 0.00000000000000000000
829 	 0.00001548773557401473 	 0.00000250774648829882 	 0.00000000000000000000
830 	 0.00001543358257474181 	 0.00000308931552885255 	 0.00000000000000000000
831 	 0.00001484902045867804 	 0.00000193615613366268 	 0.00000000000000000000
832 	 0.00000281913517856176 	 0.00000005638272576967 	 0.00000000000000000000
833 	 0.00000050348355394730 	 0.00000001006975110105 	 0.00000000000000000000
834 	 0.00000317163491205988 	 0.00000096347433108940 	 0.00000000000000000000
835 	 0.00000829245473327574 	 0.00000079783074748224 	 0.00000000000000000000
836 	 0.00000000302234284062 	 0.00000000009154490693 	 0.00000000000000000000
837 	 0.00000000286959900169 	 0.00000000024008398326 	 0.00000000000000000000
838 	 0.00000082458053067985 	 0.00000002168074992849 	 0.00000000000000000000
839 	 0.00000588726604398296 	 0.00000015905958310509 	 0.00000000000000000000
840 	 0.00002126263918136290 	 0.00000057394122131085 	 0.00000000000000000000
841 	 0.00002400663723393124 	 0.00000144490020699956 	 0.00000000000000000000
842 	 0.00002206420725612256 	 0.00000244981977812191 	 0.00000000000000000000
843 	 0.00002073741378986127 	 0.00000186311416613311 	 0.00000000000000000000
844 	 0.00002135031193505384 	 0.00000401497817514433 	 0.00000000000000000000
845 	 0.00002083981413859951 	 0.00000272840794632141 	 0.00000000000000000000
846 	 0.00002208400332760786 	 0.00000408392594893335 	 0.00000000000000000000
847 	 0.00000297629475085147 	 0.00000015822777784296 	 0.00000000000000000000
848 	 0.00002213652220877240 	 0.00000310219087193596 	 0.00000000000000000000
849 	 0.00002149780221791596 	 0.00000394219017164652 	 0.00000000000000000000
850 	 0.00002241684351211765 	 0.00000356140128251471 	 0.00000000000000000003
851 	 0.00002255711189919660 	 0.00000379102800048872 	 0.00000000000000000000
852 	 0.00000018066503128444 	 0.00000001338211161602 	 0.00000000000000000000
853 	 0.00002227133923512585 	 0.00000268501283159083 	 0.00000000000000000000
854 	 0.00002193646649833610 	 0.00000333308660705830 	 0.00000000000000000000
855 	 0.00000018295429899880 	 0.00000001475094895151 	 0.00000000000000000000
856 	 0.00002203008010286243 	 0.00000145939194442757 	 0.00000000000000000000
857 	 0.00002223567724570628 	 0.00000453855211725807 	 0.00000000000000000000
858 	 0.00002335354813162488 	 0.00000442990906113136 	 0.00000000000000000000
859 	 0.00002310657639896903 	 0.00000552077307822784 	 0.00000000000000000000
860 	 0.00002287081664610283 	 0.00000306740262484548 	 0.00000000000000000000
861 	 0.00002360098931817915 	 0.00000499088458474463 	 0.00000000000000000000
862 	 0.00002257138529488219 	 0.00000581179568969107 	 0.00000000000000000000
863 	 0.00002215874192148307 	 0.00000387108553866749 	 0.00000000000000000000
864 	 0.00002318866012116566 	 0.00000599791270486823 	 0.00000000000000000000
865 	 0.00002651220892994144 	 0.00000222643741058960 	 0.00000000000000000000
866 	 0.00000698144282348543 	 0.00000015668426166803 	 0.00000000000000000000
867 	 0.00000732382460432133 	 0.00000097809341197992 	 0.00000000000000000000
868 	 0.00000748043479253166 	 0.00000191519755491203 	 0.00000000000000000000
869 	 0.00000751141093216063 	 0.00000167380852425078 	 0.00000000000000000000
870 	 0.00000762321038281611 	 0.00000191760090973949 	 0.00000000000000000000
871 	 0.00000751141093216063 	 0.00000182751660858019 	 0.00000000000000000000
872 	 0.00000758344402796032 	 0.00000167987557298286 	 0.00000000000000000000
873 	 0.00000704793003877600 	 0.00000152283270468642 	 0.00000000000000000000
874 	 0.00000730957985304927 	 0.00000231508733202340 	 0.00000000000000000000
875 	 0.00000818632329534111 	 0.00000205863663405743 	 0.00000000000000000000
876 	 0.00000826422491267886 	 0.00000175210367685444 	 0.00000000000000000000
877 	 0.00002961304233412885 	 0.00000277658039478594 	 0.00000000000000000000
878 	 0.00002964584617988286 	 0.00000211382804881820 	 0.00000000000000000000
879 	 0.00003052119575301071 	 0.00000426534325269398 	 0.00000000000000000000
880 	 0.00003078680127136770 	 0.00000371031501254700 	 0.00000000000000000000
881 	 0.00003106190758991389 	 0.00000498736759598293 	 0.00000000000000000000
882 	 0.00003116558495901713 	 0.00000515895713132564 	 0.00000000000000000000
883 	 0.00003182353652417108 	 0.00000906756219861445 	 0.00000000000000000000
884 	 0.00003189022672205957 	 0.00000734577517858952 	 0.00000000000000000000
885 	 0.00000020053580544371 	 0.00000000518985986115 	 0.00000000000000000000
886 	 0.00003040181041518059 	 0.00000200429918203664 	 0.00000000000000000000
887 	 0.00003096758443254108 	 0.00000999097488354115 	 0.00000000000000000000
888 	 0.00003131912605718103 	 0.00000767775340614719 	 0.00000000000000000000
889 	 0.00003138609906391048 	 0.00000612674002322321 	 0.00000000000000000000
890 	 0.00003134822756221592 	 0.00000879905771025379 	 0.00000000000000000000
891 	 0.00003190996800878067 	 0.00000654879001454368 	 0.00000000000000000000
892 	 0.00003757877893504305 	 0.00001047812341078334 	 0.00000000000000000000
893 	 0.00003189012032868127 	 0.00000938025998026943 	 0.00000000000000000000
894 	 0.00003096331737544929 	 0.00000804098086882826 	 0.00000000000000000000
895 	 0.00000095194205858938 	 0.00000007406063516237 	 0.00000000000000000000
896 	 0.00003139893316206977 	 0.00000576853405715281 	 0.00000000000000000000
897 	 0.00003130191588698180 	 0.00000595888211875447 	 0.00000000000000000000
898 	 0.00003145150849175509 	 0.00000592120673338025 	 0.00000000000000000000
899 	 0.00003195293984057405 	 0.00000873831557360432 	 0.00000000000000000000
900 	 0.00003176155699283975 	 0.00000856803982165045 	 0.00000000000000000000
901 	 0.00003166097535392608 	 0.00000795195457736899 	 0.00000000000000000000
902 	 0.00003144332357447982 	 0.00000875005736596525 	 0.00000000000000000000
903 	 0.00003245026301988735 	 0.00001180418632293161 	 0.00000000000000000000
904 	 0.00003140958919145522 	 0.00000621870875032270 	 0.00000000000000000000
905 	 0.00000159833730000267 	 0.00000013394388670458 	 0.00000000000000000000
906 	 0.00003214252670166309 	 0.00000630443647341286 	 0.00000000000000000000
907 	 0.00003208310953762171 	 0.00000629996797801674 	 0.00000000000000000000
908 	 0.00003189459091351887 	 0.00000796913253625076 	 0.00000000000000000000
909 	 0.00003155011242145923 	 0.00000662021789096705 	 0.00000000000000000000
910 	 0.00003045645509924357 	 0.00000477828236155427 	 0.00000000000000000000
911 	 0.00003126655264983487 	 0.00000802439935362585 	 0.00000000000000000000
912 	 0.00003185645772124621 	 0.00000809270870705363 	 0.00000000000000000000
913 	 0.00003164158319556225 	 0.00000966594091847414 	 0.00000000000000000000
914 	 0.00003108651975028145 	 0.00000168624512054697 	 0.00000000000000000000
915 	 0.00003469308491296713 	 0.00000937760294760283 	 0.00000000000000000000
916 	 0.00003491758175145652 	 0.00000795589905108877 	 0.00000000000000000000
917 	 0.00003481121350407267 	 0.00000160988283571621 	 0.00000000000000000000
918 	 0.00003508828012606752 	 0.00000782767782599496 	 0.00000000000000000000
919 	 0.00003482771967479161 	 0.00000581231072587828 	 0.00000000000000000000
920 	 0.00003564284664684000 	 0.00001019980817628551 	 0.00000000000000000000
921 	 0.00003503230945135366 	 0.00000966018424435233 	 0.00000000000000000000
922 	 0.00003468701844494846 	 0.00000883123776910579 	 0.00000000000000000000
923 	 0.00003428898622450550 	 0.00000730879555741698 	 0.00000000000000000000
924 	 0.00003472361973135112 	 0.00001217644514090341 	 0.00000000000000000000
925 	 0.00003430296779761723 	 0.00001089008339996912 	 0.00000000000000000000
926 	 0.00003482483282948020 	 0.00000819748930544765 	 0.00000000000000000000
927 	 0.00003577330968727849 	 0.00000833874233072968 	 0.00000000000000000000
928 	 0.00003549326146776242 	 0.00001047602962691991 	 0.00000000000000000000
929 	 0.00003502727446400379 	 0.00000997155471023495 	 0.00000000000000000000
930 	 0.00003493975054638569 	 0.00000675985694294619 	 0.00000000000000000000
931 	 0.00003524879354488234 	 0.00001003520496939980 	 0.00000000000000000000
932 	 0.00003441894673968178 	 0.00000154789457997936 	 0.00000000000000000000
933 	 0.00003612395615601367 	 0.00000803009054667285 	 0.00000000000000000000
934 	 0.00003576802449547629 	 0.00001018567043329939 	 0.00000000000000000000
935 	 0.00003468518840731357 	 0.00000663940497050424 	 0.00000000000000000000
936 	 0.00003527512555013771 	 0.00001048060022431462 	 0.00000000000000000000
937 	 0.00003487394003800303 	 0.00000166189921685204 	 0.00000000000000000000
938 	 0.00003594840480733154 	 0.00000866512620478783 	 0.00000000000000000000
939 	 0.00003594840577859970 	 0.00000825461376470628 	 0.00000000000000000000
940 	 0.00003594840588864460 	 0.00001441346746521831 	 0.00000000000000000000
941 	 0.00003619692459490674 	 0.00000647325808193127 	 0.00000000000000000000
942 	 0.00003582253576738612 	 0.00001037812738438241 	 0.00000000000000000000
943 	 0.00003582253455999020 	 0.00000837027522002484 	 0.00000000000000000000
944 	 0.00003619692441118400 	 0.00000862845909362383 	 0.00000000000000000200
945 	 0.00003594637143054038 	 0.00001115718265884127 	 0.00000000000000000000
946 	 0.00003608479017034537 	 0.00000538762147973312 	 0.00000000000000000000
947 	 0.00003587039536649683 	 0.00001054624661289301 	 0.00000000000000000000
948 	 0.00003602020212889881 	 0.00001085103233097704 	 0.00000000000000000000
949 	 0.00003570925338742087 	 0.00001195727030115311 	 0.00000000000000000000
950 	 0.00003545996291011884 	 0.00001154599897853905 	 0.00000000000000000000
951 	 0.00003545996295140837 	 0.00000824490171636608 	 0.00000000000000000000
952 	 0.00003537399777611953 	 0.00000932859755292764 	 0.00000000000000000000
953 	 0.00003570925774024944 	 0.00001058296024056758 	 0.00000000000000000000
954 	 0.00003626637937257603 	 0.00001149751793402957 	 0.00000000000000000000
955 	 0.00003595474872046833 	 0.00001163091725483647 	 0.00000000000000000000
956 	 0.00003600420942175598 	 0.00001062163992030789 	 0.00000000000000000000
957 	 0.00003608969256022271 	 0.00000873649197731442 	 0.00000000000000000000
958 	 0.00003621126928027132 	 0.00001102828756961514 	 0.00000000000000000000
959 	 0.00003608887208988242 	 0.00001099134642300925 	 0.00000000000000000000
960 	 0.00003608969694444328 	 0.00000848875317582294 	 0.00000000000000000000
961 	 0.00003600574122351393 	 0.00000856715737896841 	 0.00000000000000000000
962 	 0.00003608969253017070 	 0.00001037493307854704 	 0.00000000000000000000
963 	 0.00003662558107618775 	 0.00001159626116275105 	 0.00000000000000000000
964 	 0.00003608969512551002 	 0.00001194800329424350 	 0.00000000000000000000
965 	 0.00003608970162401313 	 0.00000739831251862763 	 0.00000000000000000000
966 	 0.00003608969354170035 	 0.00000999175601123748 	 0.00000000000000000000
967 	 0.00003608970162401330 	 0.00000781004565965135 	 0.00000000000000000000
968 	 0.00003608887206568902 	 0.00000975700625675343 	 0.00000000000000000000
969 	 0.00003608969367434575 	 0.00000902620351868144 	 0.00000000000000000000
970 	 0.00003608969096175216 	 0.00001272239594600047 	 0.00000000000000000000
971 	 0.00003608969403728301 	 0.00000833512787453843 	 0.00000000000000000000
972 	 0.00003586443959255134 	 0.00000899469558958714 	 0.00000000000000000000
973 	 0.00003652081171402537 	 0.00001054442852860738 	 0.00000000000000000000
974 	 0.00003652080306169240 	 0.00000764035421333377 	 0.00000000000000000000
975 	 0.00003598639753499589 	 0.00000583097793931468 	 0.00000000000000000000
976 	 0.00003625591238458052 	 0.00000817147675433996 	 0.00000000000000000000
977 	 0.00003616501961130770 	 0.00000567285891611180 	 0.00000000000000000000
978 	 0.00003590154150180714 	 0.00000677503171274813 	 0.00000000000000000000
979 	 0.00003636527906131257 	 0.00000799178385846702 	 0.00000000000000000000
980 	 0.00003625591331090624 	 0.00000725307727831150 	 0.00000000000000000000
981 	 0.00003590875961363484 	 0.00000834896793192615 	 0.00000000000000000000
982 	 0.00003614266390234346 	 0.00001034112621115324 	 0.00000000000000000000
983 	 0.00003625591270660705 	 0.00000955545356641354 	 0.00000000000000000000
984 	 0.00003590881389428047 	 0.00000735725754222128 	 0.00000000000000000000
985 	 0.00003590881339824162 	 0.00000844249576241681 	 0.00000000000000000000
986 	 0.00003636527906138118 	 0.00000897770541430940 	 0.00000000000000000000
987 	 0.00003590062705231694 	 0.00000982334615178597 	 0.00000000000000000000
988 	 0.00003613615554875386 	 0.00000844770329129833 	 0.00000000000000000000
989 	 0.00003590063199056790 	 0.00000764941584978099 	 0.00000000000000000000
990 	 0.00003620345769374544 	 0.00001179357598995878 	 0.00000000000000000000
991 	 0.00003611385559196044 	 0.00000744482646104313 	 0.00000000000000000000
992 	 0.00003591740111847187 	 0.00001152504363318465 	 0.00000000000000000000
993 	 0.00003590152873861488 	 0.00000726954569000012 	 0.00000000000000000000
994 	 0.00003590169256648618 	 0.00001032958566013921 	 0.00000000000000000000
995 	 0.00003611292613768065 	 0.00001056857943973204 	 0.00000000000000000000
996 	 0.00003590169751214461 	 0.00001181195333463004 	 0.00000000000000000000
997 	 0.00003590062770830788 	 0.00000994295903267937 	 0.00000000000000000000
998 	 0.00003590876051474790 	 0.00001155957193532814 	 0.00000000000000000000
999 	 0.00003590245140894087 	 0.00001209657802403129 	 0.00000000000000000000
1000 	 0.00003593389185538336 	 0.00001153354983936436 	 0.00000000000000000000
1001 	 0.00003590244911969838 	 0.00001152863012876543 	 0.00000000000000000000
1002 	 0.00003594082879004690 	 0.00000874350703352521 	 0.00000000000000000000
1003 	 0.00003600097507965409 	 0.00000609598853072906 	 0.00000000000000000000
1004 	 0.00003624783828041064 	 0.00000985853326009747 	 0.00000000000000000000
1005 	 0.00003620700675591915 	 0.00001017548753394490 	 0.00000000000000000000
1006 	 0.00003616390814306996 	 0.00001102613969555657 	 0.00000000000000000000
1007 	 0.00003642225918565690 	 0.00000536912176023318 	 0.00000000000000000000
1008 	 0.00003612336055742125 	 0.00000851770198363518 	 0.00000000000000000000
1009 	 0.00003617931710929559 	 0.00000779843455862893 	 0.00000000000000000000
1010 	 0.00003567627492066605 	 0.00000487234569433054 	 0.00000000000000000000
1011 	 0.00003617947181911654 	 0.00000830617957616191 	 0.00000000000000000000
1012 	 0.00003866272892261028 	 0.00000737816279649135 	 0.00000000000000000000
1013 	 0.00003866272992173946 	 0.00000808927459643373 	 0.00000000000000000000
1014 	 0.00003866272833295520 	 0.00000904364039490275 	 0.00000000000000000000
1015 	 0.00003884196855121867 	 0.00000935765494762175 	 0.00000000000000000000
1016 	 0.00003916732968178378 	 0.00000900449442925002 	 0.00000000000000000000
1017 	 0.00003916732780391765 	 0.00001052136739452569 	 0.00000000000000000000
1018 	 0.00003916733030881243 	 0.00001270904101986420 	 0.00000000000000000000
1019 	 0.00003916732696399337 	 0.00000885501242641065 	 0.00000000000000000000
1020 	 0.00003916733064512935 	 0.00000967825989627720 	 0.00000000000000000000
1021 	 0.00003945622278106612 	 0.00000975302298970431 	 0.00000000000000000000
1022 	 0.00003952158600665658 	 0.00001153955356630392 	 0.00000000000000000000
1023 	 0.00003964614701473824 	 0.00001007139543301255 	 0.00000000000000000000
1024 	 0.00003967694428760936 	 0.00001025899572996492 	 0.00000000000000000000
1025 	 0.00003957650966994616 	 0.00000938314699193538 	 0.00000000000000000000
1026 	 0.00003935351026359247 	 0.00000537538884218731 	 0.00000000000000000000
1027 	 0.00003982966008068864 	 0.00001029864195582366 	 0.00000000000000000000
1028 	 0.00003982965904034901 	 0.00000940233460480042 	 0.00000000000000000000
1029 	 0.00003982966008268740 	 0.00000907166325600089 	 0.00000000000000000000
1030 	 0.00003982967015793134 	 0.00001099305744045711 	 0.00000000000000000000
1031 	 0.00003982966039391589 	 0.00000902242671445645 	 0.00000000000000000000
1032 	 0.00003982966010708296 	 0.00000710498234698790 	 0.00000000000000000000
1033 	 0.00003982978476255331 	 0.00000822313506758933 	 0.00000000000000000000
1034 	 0.00003982978476255529 	 0.00000870066576222887 	 0.00000000000000000000
1035 	 0.00003982966007975788 	 0.00000824921985970911 	 0.00000000000000000000
1036 	 0.00003982965853817350 	 0.00000698184648163196 	 0.00000000000000000000
1037 	 0.00003982965970199117 	 0.00000931947352179582 	 0.00000000000000000000
1038 	 0.00003982966021285204 	 0.00000761029618835051 	 0.00000000000000000000
1039 	 0.00003982966101860644 	 0.00000877899651901213 	 0.00000000000000000000
1040 	 0.00003982966008068874 	 0.00000988343903110568 	 0.00000000000000000000
1041 	 0.00003982965806521848 	 0.00000779939539190076 	 0.00000000000000000000
1042 	 0.00003982965895309741 	 0.00000882376861996601 	 0.00000000000000000000
1043 	 0.00003983119570636923 	 0.00000733499782998121 	 0.00000000000000000000
1044 	 0.00003982965844556241 	 0.00000668707468564474 	 0.00000000000000000000
1045 	 0.00003982977229881237 	 0.00000875854064535069 	 0.00000000000000000000
1046 	 0.00003876135020275086 	 0.00000577017517792683 	 0.00000000000000000000
1047 	 0.00003886592151120769 	 0.00000618429261893608 	 0.00000000000000000000
1048 	 0.00003886592151119037 	 0.00000777842525535326 	 0.00000000000000000000
1049 	 0.00003933687743362697 	 0.00000866788344169123 	 0.00000000000000000000
1050 	 0.00003886591800705468 	 0.00000559936584856762 	 0.00000000000000000000
1051 	 0.00003904977089562367 	 0.00000888415175702086 	 0.00000000000000000000
1052 	 0.00003904976925261238 	 0.00001050934217422007 	 0.00000000000000000000
1053 	 0.00003889324212785109 	 0.00000846907495757675 	 0.00000000000000000000
1054 	 0.00003904976814232033 	 0.00000972680095215191 	 0.00000000000000000000
1055 	 0.00003904977089564333 	 0.00000776547560169237 	 0.00000000000000000000
1056 	 0.00003893180976687366 	 0.00000969526962414322 	 0.00000000000000000000
1057 	 0.00003822692070306182 	 0.00000851264053485131 	 0.00000000000000000000
1058 	 0.00003898852358665761 	 0.00001018868422637744 	 0.00000000000000000000
1059 	 0.00003898853238007114 	 0.00000862947073399677 	 0.00000000000000000000
1060 	 0.00003898853240075109 	 0.00000918409576945418 	 0.00000000000000000000
1061 	 0.00003898852330882583 	 0.00001067855279934379 	 0.00000000000000000000
1062 	 0.00003898853229054656 	 0.00000764409977702725 	 0.00000000000000000000
1063 	 0.00003900262063467761 	 0.00001166505234032082 	 0.00000000000000000000
1064 	 0.00005826913015946047 	 0.00001168284674189507 	 0.00000000000000000000
1065 	 0.00005826913002321720 	 0.00000981440353688285 	 0.00000000000000000000
1066 	 0.00003958643435727006 	 0.00000967868447274579 	 0.00000000000000000000
1067 	 0.00003965366818150304 	 0.00000735192114998501 	 0.00000000000000000000
1068 	 0.00003886613109785164 	 0.00000970138774631576 	 0.00000000000000000000
1069 	 0.00003894105881455624 	 0.00000897139216075335 	 0.00000000000000000000
1070 	 0.00003894105896378183 	 0.00000941828500321613 	 0.00000000000000000000
1071 	 0.00003894106038648304 	 0.00000984090695204198 	 0.00000000000000000000
1072 	 0.00003894105979642274 	 0.00000802663289615009 	 0.00000000000000000000
1073 	 0.00003894105859991646 	 0.00000654262304178939 	 0.00000000000000000000
1074 	 0.00003894214584328677 	 0.00001112142752325485 	 0.00000000000000000000
1075 	 0.00003894105980525965 	 0.00000880078383028116 	 0.00000000000000000000
1076 	 0.00003895502746339886 	 0.00001008241810932418 	 0.00000000000000000000
1077 	 0.00003878361864774444 	 0.00001170171547120003 	 0.00000000000000000000
1078 	 0.00003878361839611901 	 0.00001268634433159409 	 0.00000000000000000000
1079 	 0.00003887623577343789 	 0.00000979195266681395 	 0.00000000000000000000
1080 	 0.00003892498212405468 	 0.00001146358028854058 	 0.00000000000000000000
1081 	 0.00003892497283914731 	 0.00000646181066281455 	 0.00000000000000000000
1082 	 0.00003892497795573567 	 0.00001015529550739784 	 0.00000000000000000000
1083 	 0.00006474174803558234 	 0.00001310461964110639 	 0.00000000000000000000
1084 	 0.00006474175996295354 	 0.00001007834141629895 	 0.00000000000000000000
1085 	 0.00006474175380258969 	 0.00001066493823215090 	 0.00000000000000000000
1086 	 0.00006402959477142090 	 0.00001076772362071687 	 0.00000000000000000000
1087 	 0.00006475061772125688 	 0.00001606913218637963 	 0.00000000000000000000
1088 	 0.00006475061772125688 	 0.00001395254127470646 	 0.00000000000000000000
1089 	 0.00006475062110888096 	 0.00002234381215855018 	 0.00000000000000024215
1090 	 0.00006474200771997497 	 0.00001671549635342167 	 0.00000000000000000000
1091 	 0.00006475061763675828 	 0.00001676962775147366 	 0.00000000000000000000
1092 	 0.00006475061835775110 	 0.00001709907143413596 	 0.00000000000000000000
1093 	 0.00006475061749624316 	 0.00001401259621060907 	 0.00000000000000000000
1094 	 0.00006475061748630769 	 0.00001269093242820091 	 0.00000000000000000000
1095 	 0.00006475061749624316 	 0.00002076457446796539 	 0.00000000000000000000
1096 	 0.00006402979219498795 	 0.00002091276471995435 	 0.00000000000000000000
1097 	 0.00006475061765602663 	 0.00001714408950407386 	 0.00000000000000000000
1098 	 0.00006475062110888096 	 0.00001850032799880132 	 0.00000000000000000000
1099 	 0.00006475061771105366 	 0.00001795738571614726 	 0.00000000000000000000
1100 	 0.00006551845687763331 	 0.00001551948509341613 	 0.00000000000000000000
1101 	 0.00006551845687661627 	 0.00001527726140371485 	 0.00000000000000000000
1102 	 0.00006475062110888096 	 0.00001542119021460809 	 0.00000000000000000000
1103 	 0.00006475061821638808 	 0.00001537890551688108 	 0.00000000000000000000
1104 	 0.00006475061772125688 	 0.00001668407546796787 	 0.00000000000000000000
1105 	 0.00006486964980486978 	 0.00001524099465901488 	 0.00000000000000000000
1106 	 0.00006486831847918163 	 0.00001173226484777661 	 0.00000000000000000000
1107 	 0.00006486965015615773 	 0.00001656152354862871 	 0.00000000000000000000
1108 	 0.00006486965017050208 	 0.00002020401154121366 	 0.00000000000000000000
1109 	 0.00006486964999827121 	 0.00002164928489659163 	 0.00000000000000000000
1110 	 0.00006486965015962767 	 0.00001636713706102602 	 0.00000000000000000000
1111 	 0.00006486965015642913 	 0.00001454990883053418 	 0.00000000000000000000
1112 	 0.00006486964975435863 	 0.00002105046294868233 	 0.00000000000000000000
1113 	 0.00006486965015792514 	 0.00001942653674989841 	 0.00000000000000000000
1114 	 0.00006637817396461891 	 0.00001343034432015120 	 0.00000000000000000000
1115 	 0.00006637815228160324 	 0.00001424100840276168 	 0.00000000000000000000
1116 	 0.00006486964960884801 	 0.00001661971776393568 	 0.00000000000000000000
1117 	 0.00006486965012176498 	 0.00001393259192996510 	 0.00000000000000000000
1118 	 0.00006498437167941991 	 0.00001320257061476100 	 0.00000000000000000000
1119 	 0.00006498428752372190 	 0.00001231026524828405 	 0.00000000000000000000
1120 	 0.00006524684306025200 	 0.00001905983640540249 	 0.00000000000000000000
1121 	 0.00006524670307551216 	 0.00001847089307812946 	 0.00000000000000000000
1122 	 0.00006524670425222599 	 0.00001861831081322544 	 0.00000000000000000000
1123 	 0.00006524671340193074 	 0.00001717776035826049 	 0.00000000000000000000
1124 	 0.00006524670611429161 	 0.00001632660856470075 	 0.00000000000000000000
1125 	 0.00006524684306152657 	 0.00001872391840044335 	 0.00000000000000000000
1126 	 0.00006524670129909306 	 0.00001822245680430718 	 0.00000000000000000000
1127 	 0.00006524670789958520 	 0.00002251398072513433 	 0.00000000000000000000
1128 	 0.00006581237859858584 	 0.00002455138529655060 	 0.00000000000000000000
1129 	 0.00006524670789958503 	 0.00003155744631810293 	 0.00000000000000000000
1130 	 0.00006524670674238928 	 0.00001834951963676081 	 0.00000000000000000000
1131 	 0.00006541536929108447 	 0.00002597326919259246 	 0.00000000000000000000
1132 	 0.00006524670674238928 	 0.00002400656288845845 	 0.00000000000000000000
1133 	 0.00006531775918492005 	 0.00002860655856859468 	 0.00000000000000000000
1134 	 0.00006524670091643582 	 0.00002365468430200715 	 0.00000000000000000000
1135 	 0.00006591475453695838 	 0.00002877888673415411 	 0.00000000000000000000
1136 	 0.00006804237210526621 	 0.00002765509699828948 	 0.00000000000000000000
1137 	 0.00006804236923583547 	 0.00001970205937811154 	 0.00000000000000000000
1138 	 0.00006871814660648500 	 0.00002477483691952945 	 0.00000000000000000000
1139 	 0.00006879119038684294 	 0.00002107865101999990 	 0.00000000000000000000
1140 	 0.00006897291512135474 	 0.00002223535315278712 	 0.00000000000000000000
1141 	 0.00006957593264833357 	 0.00003352594709865272 	 0.00000000000000000000
1142 	 0.00006987097542232083 	 0.00003085366445692453 	 0.00000000000000000000
1143 	 0.00006987053871964818 	 0.00003469163201016685 	 0.00000000000000000000
1144 	 0.00006956686445048865 	 0.00003093058922413737 	 0.00000000000000000000
1145 	 0.00007007921472372791 	 0.00002869531156726230 	 0.00000000000000000000
1146 	 0.00006988074477136881 	 0.00002632839910329063 	 0.00000000000000000000
1147 	 0.00007067606497003989 	 0.00003520278238841639 	 0.00000000000000000000
1148 	 0.00007022753922741908 	 0.00002684117003026958 	 0.00000000000000000000
1149 	 0.00007183386556245750 	 0.00003545134066353379 	 0.00000000000000000000
1150 	 0.00007464054386577589 	 0.00002644885295542853 	 0.00000000000000000000
1151 	 0.00007294799975640740 	 0.00003400251699208082 	 0.00000000000000000000
1152 	 0.00007473960330142371 	 0.00002880516915909258 	 0.00000000000000000000
1153 	 0.00007499849065164684 	 0.00003039898279628179 	 0.00000000000000000000
1154 	 0.00007502776732759742 	 0.00002911454306669646 	 0.00000000000000000000
1155 	 0.00007592924014492956 	 0.00002710604775658644 	 0.00000000000000000000
1156 	 0.00007493134741696038 	 0.00002847808744144119 	 0.00000000000000000000
1157 	 0.00007268081925564305 	 0.00001741932336797098 	 0.00000000000000000000
1158 	 0.00007294799975640740 	 0.00002436503806210337 	 0.00000000000000000000
1159 	 0.00007294671903525178 	 0.00002241749380008721 	 0.00000000000000000000
1160 	 0.00007314654361356126 	 0.00002644924051669035 	 0.00000000000000000000
1161 	 0.00007363659802560820 	 0.00002822544396432110 	 0.00000000000000000000
1162 	 0.00007317568951164012 	 0.00002899077028389358 	 0.00000000000000000000
1163 	 0.00007322089369211836 	 0.00003219155502951382 	 0.00000000000000000000
1164 	 0.00007299475834935898 	 0.00004221689177760171 	 0.00000000000000000000
1165 	 0.00007294799975640740 	 0.00002324761153211812 	 0.00000000000000000000
1166 	 0.00007385385446887002 	 0.00002762339799890614 	 0.00000000000000000000
1167 	 0.00007264569684980130 	 0.00002511431559659796 	 0.00000000000000000000
1168 	 0.00007316001706458448 	 0.00002321840977579419 	 0.00000000000000000000
1169 	 0.00007319344267635970 	 0.00002749063318063650 	 0.00000000000000000000
1170 	 0.00007391076598146187 	 0.00003390234722082800 	 0.00000000000000000000
1171 	 0.00007459545563839897 	 0.00002383633302596849 	 0.00000000000000000000
1172 	 0.00007457174490423927 	 0.00002271005444172028 	 0.00000000000000000000
1173 	 0.00007537906806853671 	 0.00002409716411685343 	 0.00000000000000000000
1174 	 0.00007503272133138684 	 0.00002963559379561758 	 0.00000000000000000000
1175 	 0.00007405725891924992 	 0.00003383799136151888 	 0.00000000000000000000
1176 	 0.00007527542981527910 	 0.00003213445228351709 	 0.00000000000000000000
1177 	 0.00007675480161923100 	 0.00002770152235291962 	 0.00000000000000000000
1178 	 0.00007443171454329924 	 0.00003118493901653069 	 0.00000000000000000000
1179 	 0.00007579797394792068 	 0.00003427856967679328 	 0.00000000000000000000
1180 	 0.00007691804607393849 	 0.00002946656736273556 	 0.00000000000000000000
1181 	 0.00007472988106720521 	 0.00003198198168482604 	 0.00000000000000000000
1182 	 0.00007623339640670209 	 0.00002540773481663119 	 0.00000000000000000000
1183 	 0.00007484081835744063 	 0.00002964652314622609 	 0.00000000000000000000
1184 	 0.00007484622719781434 	 0.00002516902232021008 	 0.00000000000000000000
1185 	 0.00007486138360473053 	 0.00002566594678005385 	 0.00000000000000000000
1186 	 0.00007613930486459784 	 0.00003383471334697395 	 0.00000000000000000000
1187 	 0.00007586119360751549 	 0.00002634556830099105 	 0.00000000000000000000
1188 	 0.00007748796287291221 	 0.00002959002951900416 	 0.00000000000000000000
1189 	 0.00007755854212349462 	 0.00002115539140101497 	 0.00000000000000000000
1190 	 0.00007580922874603946 	 0.00002342399620369908 	 0.00000000000000000000
1191 	 0.00007645846485159953 	 0.00002520508813501893 	 0.00000000000000000000
1192 	 0.00007587046208701609 	 0.00002574732112846276 	 0.00000000000000000000
1193 	 0.00007633672433738077 	 0.00002813828487035828 	 0.00000000000000000000
1194 	 0.00007582468417541307 	 0.00002968803383582017 	 0.00000000000000000000
1195 	 0.00007673835795720431 	 0.00002969852473696945 	 0.00000000000000000000
1196 	 0.00007635228737331253 	 0.00002058046683513547 	 0.00000000000000000000
1197 	 0.00007673835795720431 	 0.00002351512804357109 	 0.00000000000000000000
1198 	 0.00007702903267981588 	 0.00002168395736588496 	 0.00000000000000000000
1199 	 0.00007659004434188196 	 0.00002625260752243161 	 0.00000000000000000000
1200 	 0.00007673814018589971 	 0.00002517218947849878 	 0.00000000000000000000
1201 	 0.00007666491048406737 	 0.00002033469443126740 	 0.00000000000000000000
1202 	 0.00007664916707896280 	 0.00002796736014712301 	 0.00000000000000000000
1203 	 0.00007679346940815056 	 0.00002373928054943515 	 0.00000000000000000000
1204 	 0.00007716550229944216 	 0.00002042905582190653 	 0.00000000000000000000
1205 	 0.00007691511096472475 	 0.00003088814073089896 	 0.00000000000000000000
1206 	 0.00007774569091904745 	 0.00003189695552269099 	 0.00000000000000000000
1207 	 0.00007702075559641588 	 0.00002302523695866756 	 0.00000000000000000000
1208 	 0.00007721875916136334 	 0.00002201883442780118 	 0.00000000000000000000
1209 	 0.00007719579974177361 	 0.00002415892463729770 	 0.00000000000000000000
1210 	 0.00007761173650482009 	 0.00003199910738531016 	 0.00000000000000000000
1211 	 0.00007763069725482709 	 0.00002924461665083822 	 0.00000000000000000000
1212 	 0.00007719793927082362 	 0.00002611210404991838 	 0.00000000000000000000
1213 	 0.00007737416386403474 	 0.00002859805878246301 	 0.00000000000000000000
1214 	 0.00007732780587772038 	 0.00002479192552482999 	 0.00000000000000000000
1215 	 0.00007722553907500841 	 0.00002916445010085469 	 0.00000000000000000000
1216 	 0.00007736716237441077 	 0.00003138469021037641 	 0.00000000000000000000
1217 	 0.00007722553907500841 	 0.00003105748988149000 	 0.00000000000000000000
1218 	 0.00007725356734820998 	 0.00003047638595175297 	 0.00000000000000000000
1219 	 0.00007735260525196395 	 0.00002681771680853845 	 0.00000000000000000000
1220 	 0.00007728151891763391 	 0.00002472501257934285 	 0.00000000000000000000
1221 	 0.00007729202832783684 	 0.00002250826079459329 	 0.00000000000000000000
1222 	 0.00007770431997900893 	 0.00003382096624084149 	 0.00000000000000000000
1223 	 0.00007745516137431998 	 0.00002898608990086384 	 0.00000000000000000000
1224 	 0.00007755693907107184 	 0.00002096923809042586 	 0.00000000000000000000
1225 	 0.00007793449427079412 	 0.00003437094979150194 	 0.00000000000000000000
1226 	 0.00007790639509840374 	 0.00002528275077722943 	 0.00000000000000000000
1227 	 0.00007805353224706118 	 0.00002976737900849714 	 0.00000000000000000000
1228 	 0.00007714089136395827 	 0.00002518433916055785 	 0.00000000000000000000
1229 	 0.00007678188078092742 	 0.00002138369504762533 	 0.00000000000000000000
1230 	 0.00007805998603915654 	 0.00002725120528773802 	 0.00000000000000000000
1231 	 0.00007752498448675228 	 0.00002398820692409550 	 0.00000000000000000000
1232 	 0.00007764546404535163 	 0.00002933853126947646 	 0.00000000000000000000
1233 	 0.00007765341494962275 	 0.00003284326235493953 	 0.00000000000000000000
1234 	 0.00007750582841062505 	 0.00001871778403793989 	 0.00000000000000000000
1235 	 0.00007737745268788845 	 0.00002685729430853697 	 0.00000000000000000000
1236 	 0.00007718039634543307 	 0.00002312649540122675 	 0.00000000000000000000
1237 	 0.00007815855357037329 	 0.00001857059723049804 	 0.00000000000000000000
1238 	 0.00007788167171478313 	 0.00002795293157813853 	 0.00000000000000000000
1239 	 0.00007721516842949255 	 0.00002473804155706576 	 0.00000000000000000000
1240 	 0.00007729955718673239 	 0.00002468712306742179 	 0.00000000000000000000
1241 	 0.00007651382799783531 	 0.00002038412930085811 	 0.00000000000000000000
1242 	 0.00007642527216859498 	 0.00002347912858015511 	 0.00000000000000000000
1243 	 0.00007664594554394401 	 0.00003168356858148491 	 0.00000000000000000000
1244 	 0.00007706228272733855 	 0.00002444999012242164 	 0.00000000000000000000
1245 	 0.00007727445156872881 	 0.00002367484345402815 	 0.00000000000000000000
1246 	 0.00007724337229892099 	 0.00002399336503434115 	 0.00000000000000000000
1247 	 0.00007804313398380703 	 0.00002523829022902146 	 0.00000000000000000000
1248 	 0.00007804521735316313 	 0.00002076287167359645 	 0.00000000000000000000
1249 	 0.00007667083625548326 	 0.00002717540022126550 	 0.00000000000000000000
1250 	 0.00007698914546787435 	 0.00002491048381601136 	 0.00000000000000000000
1251 	 0.00007722750864695525 	 0.00002937756920579875 	 0.00000000000000000000
1252 	 0.00007686056688390334 	 0.00002725962609245172 	 0.00000000000000000000
1253 	 0.00007652468671466158 	 0.00001773607304037263 	 0.00000000000000000000
1254 	 0.00007712463341478184 	 0.00002418145036063678 	 0.00000000000000000000
1255 	 0.00007771483628481942 	 0.00002750192118764760 	 0.00000000000000000000
1256 	 0.00007713186497913705 	 0.00002027065786807398 	 0.00000000000000000000
1257 	 0.00007701077770511753 	 0.00002350255778967120 	 0.00000000000000000000
1258 	 0.00007716968952387099 	 0.00002793466497237635 	 0.00000000000000000000
1259 	 0.00007735268641572737 	 0.00002421599209099662 	 0.00000000000000000000
1260 	 0.00007739320255932795 	 0.00003271290691150936 	 0.00000000000000000000
1261 	 0.00007701597472187257 	 0.00002144989184977014 	 0.00000000000000000000
1262 	 0.00007740074724232658 	 0.00003428702934493187 	 0.00000000000000000000
1263 	 0.00007760878206334955 	 0.00002970384489874094 	 0.00000000000000000000
1264 	 0.00007743926905181123 	 0.00002784053901669952 	 0.00000000000000000000
1265 	 0.00007715161200667661 	 0.00002508067728722382 	 0.00000000000000000000
1266 	 0.00007746866358329805 	 0.00002898346353215102 	 0.00000000000000000000
1267 	 0.00007741864297223716 	 0.00002700752107883298 	 0.00000000000000000000
1268 	 0.00007708738698018297 	 0.00003761971177303001 	 0.00000000000000000000
1269 	 0.00007685360815855641 	 0.00001794948517280179 	 0.00000000000000000000
1270 	 0.00007684596578166864 	 0.00002002589243619325 	 0.00000000000000000000
1271 	 0.00007644961370421051 	 0.00003521295927528705 	 0.00000000000000000000
1272 	 0.00007653662124039306 	 0.00003055111120663335 	 0.00000000000000000000
1273 	 0.00007644961370421051 	 0.00003169822932604629 	 0.00000000000000000000
1274 	 0.00007699670493511131 	 0.00003146792782479021 	 0.00000000000000000000
1275 	 0.00007749567690434497 	 0.00002663986954759904 	 0.00000000000000000000
1276 	 0.00007684145209930249 	 0.00002956423598257462 	 0.00000000000000000000
1277 	 0.00007705898538367026 	 0.00003349978499814497 	 0.00000000000000000000
1278 	 0.00007710014364965850 	 0.00002608155528758652 	 0.00000000000000000000
1279 	 0.00007689918394018895 	 0.00003257085366433838 	 0.00000000000000000245
1280 	 0.00007705334586606372 	 0.00002517223472498654 	 0.00000000000000000000
1281 	 0.00007788634760561075 	 0.00002579289238960841 	 0.00000000000000000000
1282 	 0.00007659347632657867 	 0.00003349843812765410 	 0.00000000000000000000
1283 	 0.00007801036858136373 	 0.00001912869537195883 	 0.00000000000000000000
1284 	 0.00007732967537312027 	 0.00002843340794018542 	 0.00000000000000000000
1285 	 0.00007764842501642566 	 0.00002765788353044353 	 0.00000000000000000000
1286 	 0.00007771946332722350 	 0.00001520603090736377 	 0.00000000000000000000
1287 	 0.00007685109543853365 	 0.00002456320286981935 	 0.00000000000000000000
1288 	 0.00007771946332722350 	 0.00002450563800534773 	 0.00000000000000000000
1289 	 0.00007885383623027495 	 0.00002092574590042473 	 0.00000000000000000000
1290 	 0.00007737489543975936 	 0.00003086443683801058 	 0.00000000000000000000
1291 	 0.00007706733477913857 	 0.00002704016657111186 	 0.00000000000000000000
1292 	 0.00007692140778052561 	 0.00002419704557212688 	 0.00000000000000000000
1293 	 0.00007740554299583546 	 0.00002932712427570173 	 0.00000000000000000000
1294 	 0.00007670143995428630 	 0.00003038368301213685 	 0.00000000000000000000
1295 	 0.00007808380210012324 	 0.00002822250877521809 	 0.00000000000000000000
1296 	 0.00007650876466380770 	 0.00002836205460515452 	 0.00000000000000000000
1297 	 0.00007751242933528286 	 0.00002827539732899631 	 0.00000000000000000000
1298 	 0.00007675860197318252 	 0.00002737337767206436 	 0.00000000000000000000
1299 	 0.00007692261718219305 	 0.00002415871838376220 	 0.00000000000000000000
1300 	 0.00007773509059979842 	 0.00003409875634515766 	 0.00000000000000000000
1301 	 0.00007741095865458619 	 0.00002779020074917303 	 0.00000000000000000000
1302 	 0.00007770286570756490 	 0.00002878388729823414 	 0.00000000000000000000
1303 	 0.00007771946332722350 	 0.00003433265287001641 	 0.00000000000000000000
1304 	 0.00007749351116356465 	 0.00003219463261579656 	 0.00000000000000000000
1305 	 0.00007768121443717187 	 0.00002363083645447221 	 0.00000000000000000000
1306 	 0.00007814317328133618 	 0.00002374786887536583 	 0.00000000000000000000
1307 	 0.00007834063885241395 	 0.00003775116073346226 	 0.00000000000000000000
1308 	 0.00007914540184809387 	 0.00002786415811586961 	 0.00000000000000000000
1309 	 0.00007912574555597819 	 0.00002370286639311983 	 0.00000000000000000000
1310 	 0.00008066275012726458 	 0.00003708301029037783 	 0.00000000000000000000
1311 	 0.00007932387899103088 	 0.00002711849869346753 	 0.00000000000000000000
1312 	 0.00007937157742625810 	 0.00003378484309076039 	 0.00000000000000000000
1313 	 0.00007917106350065195 	 0.00002927816362153411 	 0.00000000000000000000
1314 	 0.00007911357038709961 	 0.00002182794403933809 	 0.00000000000000000000
1315 	 0.00007884702089578528 	 0.00002367800464476839 	 0.00000000000000000000
1316 	 0.00007829853707678462 	 0.00002727143773607582 	 0.00000000000000000000
1317 	 0.00007876587084306911 	 0.00002213938948834447 	 0.00000000000000000000
1318 	 0.00007899627315116792 	 0.00002740437855293756 	 0.00000000000000000000
1319 	 0.00007994318195387431 	 0.00002874729243734443 	 0.00000000000000000000
1320 	 0.00007933758200010005 	 0.00002668425511742323 	 0.00000000000000000000
1321 	 0.00007992847910514687 	 0.00002849129714275659 	 0.00000000000000000000
1322 	 0.00007995075909999809 	 0.00002664767695116834 	 0.00000000000000000000
1323 	 0.00007866426678054966 	 0.00002920513930341359 	 0.00000000000000000000
1324 	 0.00007810151026928187 	 0.00002524368537102781 	 0.00000000000000000000
1325 	 0.00007795689305906328 	 0.00003157798341377491 	 0.00000000000000000000
1326 	 0.00007876560523998696 	 0.00002645654249360677 	 0.00000000000000000001
1327 	 0.00007885399683476641 	 0.00003314409120079254 	 0.00000000000000000000
###############################################################
## Evolution started on Sun Jun  8 20:38:41 2025
###############################################################
1328 	 0.00007824446826604056 	 0.00003333022644129295 	 0.00000000000000000000
1329 	 0.00007845960646238087 	 0.00002452570595902190 	 0.00000000000000000000
1330 	 0.00007911057188564348 	 0.00002792386274428133 	 0.00000000000000000000
1331 	 0.00007865949786468328 	 0.00003707601707444794 	 0.00000000000000000000
1332 	 0.00007878645289470480 	 0.00003681501003951955 	 0.00000000000000000000
1333 	 0.00007895432800395043 	 0.00002499957651558622 	 0.00000000000000000000
1334 	 0.00007911057188564348 	 0.00003280911219847094 	 0.00000000000000000000
1335 	 0.00007893345190948639 	 0.00002952891912858971 	 0.00000000000000000000
1336 	 0.00007887795963525083 	 0.00001677650223434978 	 0.00000000000000000000
1337 	 0.00007851627752016610 	 0.00002453280389815010 	 0.00000000000000000000
1338 	 0.00007843827494387989 	 0.00003070414705888229 	 0.00000000000000000000
1339 	 0.00007934308720895652 	 0.00002701105889192010 	 0.00000000000000000000
1340 	 0.00007934308721950266 	 0.00002454911579806988 	 0.00000000000000000000
1341 	 0.00007934308721950266 	 0.00003534050183984230 	 0.00000000000000000000
1342 	 0.00007992177017593221 	 0.00002948417562155607 	 0.00000000000000000000
1343 	 0.00007939169264267763 	 0.00002462256336043735 	 0.00000000000000000000
1344 	 0.00007975679217717889 	 0.00003035920601244983 	 0.00000000000000000000
1345 	 0.00007941124448379191 	 0.00002651361237199165 	 0.00000000000000000000
1346 	 0.00007960590995617253 	 0.00002889443562431739 	 0.00000000000000000000
1347 	 0.00007931217287184095 	 0.00002286767415326542 	 0.00000000000000000000
1348 	 0.00007972645964905833 	 0.00002325227937162210 	 0.00000000000000000000
1349 	 0.00003679554143949005 	 0.00000073591082878980 	 0.00000000000000000000
1350 	 0.00006100440013411512 	 0.00000224170782835287 	 0.00000000000000000000
1351 	 0.00006465647039555261 	 0.00002520395123762228 	 0.00000000000000000000
1352 	 0.00007150073341177073 	 0.00002680107972631859 	 0.00000000000000000000
1353 	 0.00006950187787829264 	 0.00000561319215338400 	 0.00000000000000000000
1354 	 0.00007646232405524373 	 0.00003608258968136336 	 0.00000000000000000000
1355 	 0.00007646229283361790 	 0.00003392072643678093 	 0.00000000000000000000
1356 	 0.00007646230872027004 	 0.00002680626146787264 	 0.00000000000000000000
1357 	 0.00007646231939383586 	 0.00003145279857012739 	 0.00000000000000000000
1358 	 0.00000000000000000000 	 0.00000000000000000000 	 0.00000000000000000000
1359 	 0.00007414302338339822 	 0.00002866017887444476 	 0.00000000000000000000
1360 	 0.00007392593234804345 	 0.00002579656712086693 	 0.00000000000000000000
1361 	 0.00007501816643812934 	 0.00003249573834546628 	 0.00000000000000000000
1362 	 0.00007551583583971479 	 0.00003346030926286909 	 0.00000000000000000000
1363 	 0.00007486678222386688 	 0.00003037373908645297 	 0.00000000000000000000
1364 	 0.00007632016495562617 	 0.00003461759521167628 	 0.00000000000000000000
1365 	 0.00007652220996674010 	 0.00002955122607019023 	 0.00000000000000000000
1366 	 0.00007645095515063758 	 0.00004273418060590485 	 0.00000000000000000000
1367 	 0.00007505588154142730 	 0.00002991793248655409 	 0.00000000000000000000
1368 	 0.00007605382045285961 	 0.00003409363328565809 	 0.00000000000000000000
1369 	 0.00007592715479123036 	 0.00002339547052443758 	 0.00000000000000000002
1370 	 0.00007592715479123036 	 0.00002812942531599749 	 0.00000000000000000000
1371 	 0.00007539850124615388 	 0.00003024395837914919 	 0.00000000000000000000
1372 	 0.00007617996310536883 	 0.00003059878645131672 	 0.00000000000000000000
1373 	 0.00007480724065979746 	 0.00002166638531209762 	 0.00000000000000000000
1374 	 0.00007557154127558941 	 0.00003184715338373800 	 0.00000000000000000000
1375 	 0.00007585182848653628 	 0.00003251897900203852 	 0.00000000000000000000
1376 	 0.00007628514002823516 	 0.00003338019632666665 	 0.00000000000000000000
1377 	 0.00007681577743754505 	 0.00002948433579875663 	 0.00000000000000000000
1378 	 0.00007778560158890532 	 0.00002628091704912062 	 0.00000000000000000000
1379 	 0.00007754642342373983 	 0.00002795504079840378 	 0.00000000000000000000
1380 	 0.00007672237403057936 	 0.00003535316547935647 	 0.00000000000000000000
1381 	 0.00007672256937290888 	 0.00002835857719290901 	 0.00000000000000000000
1382 	 0.00000000000000000000 	 0.00000000000000000000 	 0.00000000000000000000
1383 	 0.00007389888035341831 	 0.00001169897899365370 	 0.00000000000000000000
1384 	 0.00007539413752832399 	 0.00002402228510630456 	 0.00000000000000000000
1385 	 0.00007556134997757907 	 0.00002747341663204256 	 0.00000000000000000000
1386 	 0.00007582455440523702 	 0.00002540808825157272 	 0.00000000000000000000
1387 	 0.00007760914605105422 	 0.00003123454857392617 	 0.00000000000000000000
1388 	 0.00007760908334810176 	 0.00003428731673860901 	 0.00000000000000000000
1389 	 0.00007760911755183848 	 0.00002943270908923803 	 0.00000000000000000000
1390 	 0.00007760911775220127 	 0.00002518328283277269 	 0.00000000000000000000
1391 	 0.00007761005366945114 	 0.00002190315137049726 	 0.00000000000000000000
1392 	 0.00007799161784200837 	 0.00002868566992693216 	 0.00000000000000000000
1393 	 0.00008172990013143757 	 0.00002830780233461738 	 0.00000000000000000000
1394 	 0.00008172991312050147 	 0.00001978523095519861 	 0.00000000000000000000
1395 	 0.00008172991312050147 	 0.00003562585860697564 	 0.00000000000000000000
1396 	 0.00008172985669291618 	 0.00002899508084841973 	 0.00000000000000000000
1397 	 0.00008172992948158364 	 0.00003346117454076035 	 0.00000000000000000000
1398 	 0.00008172989308586073 	 0.00002164048629738959 	 0.00000000000000000000
1399 	 0.00008172985310512038 	 0.00003424302048668929 	 0.00000000000000000000
1400 	 0.00008172986058661968 	 0.00002387895487373790 	 0.00000000000000000000
1401 	 0.00008172993279788366 	 0.00003387584472825880 	 0.00000000000000000000
1402 	 0.00008172985916345258 	 0.00002449574185257004 	 0.00000000000000000000
1403 	 0.00008172991312050147 	 0.00002893809035346064 	 0.00000000000000000000
1404 	 0.00008173042549707573 	 0.00002987632149194215 	 0.00000000000000000000
1405 	 0.00008172991058869085 	 0.00002924547794867561 	 0.00000000000000000000
1406 	 0.00008172990621055519 	 0.00002335295376757098 	 0.00000000000000000000
1407 	 0.00008172988772118183 	 0.00003158912493189926 	 0.00000000000000000000
1408 	 0.00008172988444631819 	 0.00002703119583932329 	 0.00000000000000000000
1409 	 0.00008172988444631819 	 0.00003600779400551289 	 0.00000000000000000000
1410 	 0.00008173042549707573 	 0.00002160713107301395 	 0.00000000000000000000
1411 	 0.00008172992713096155 	 0.00002908310370638307 	 0.00000000000000000000
1412 	 0.00008172988444631819 	 0.00003571106665333586 	 0.00000000000000000000
1413 	 0.00008173042549707573 	 0.00001889216993891896 	 0.00000000000000000000
1414 	 0.00008172990930876297 	 0.00002836057362671298 	 0.00000000000000000000
1415 	 0.00009248995771667364 	 0.00002354105582539258 	 0.00000000000000000000
1416 	 0.00009248996497189383 	 0.00002439443124268769 	 0.00000000000000000000
1417 	 0.00009248995898947187 	 0.00002346714194288077 	 0.00000000000000000000
1418 	 0.00009248996081829507 	 0.00002618715587600384 	 0.00000000000000000000
1419 	 0.00008258390443778612 	 0.00002525739172997596 	 0.00000000000000000000
1420 	 0.00008258390820644647 	 0.00003098741215033209 	 0.00000000000000000000
1421 	 0.00008258394861322706 	 0.00003474102961996291 	 0.00000000000000000000
1422 	 0.00008258392822237313 	 0.00002568519805535066 	 0.00000000000000000000
1423 	 0.00001922085030997876 	 0.00000038441700619958 	 0.00000000000000000000
1424 	 0.00007219867841098043 	 0.00000292795530688376 	 0.00000000000000000000
1425 	 0.00007497149482187698 	 0.00001442738179435467 	 0.00000000000000000000
1426 	 0.00007594260602522057 	 0.00003775524655983406 	 0.00000000000000000000
1427 	 0.00007594819594648382 	 0.00003249665951252228 	 0.00000000000000000000
1428 	 0.00007720951826762791 	 0.00002902092250484988 	 0.00000000000000000000
1429 	 0.00007640546918823954 	 0.00002445577569246050 	 0.00000000000000000000
1430 	 0.00007686038759804693 	 0.00002193959403477609 	 0.00000000000000000000
1431 	 0.00007837211002034663 	 0.00003289217872508050 	 0.00000000000000000000
1432 	 0.00008527182741445454 	 0.00002823058287353039 	 0.00000000000000000000
1433 	 0.00008527277592146696 	 0.00002229521378540245 	 0.00000000000000000000
1434 	 0.00008527435218220995 	 0.00003003151589959302 	 0.00000000000000000000
1435 	 0.00008527680344326815 	 0.00001670597180335908 	 0.00000000000000000000
1436 	 0.00008530508168993433 	 0.00002619550465926764 	 0.00000000000000000000
1437 	 0.00008530459732385904 	 0.00001906291774158038 	 0.00000000000000000000
1438 	 0.00008530510837582358 	 0.00002018870625694521 	 0.00000000000000000000
1439 	 0.00008530466343075632 	 0.00002326373346110412 	 0.00000000000000000000
1440 	 0.00008530406887929511 	 0.00002383936202384296 	 0.00000000000000000000
1441 	 0.00008527690883946395 	 0.00002316039252086610 	 0.00000000000000000000
1442 	 0.00008527252667268428 	 0.00002140990931410831 	 0.00000000000000000000
1443 	 0.00008527713930690365 	 0.00002519526192196493 	 0.00000000000000000000
1444 	 0.00004153064615808241 	 0.00000104566694487156 	 0.00000000000000000000
1445 	 0.00007326856319814324 	 0.00000146537163286208 	 0.00000000000000000000
1446 	 0.00007489674641396686 	 0.00003560190409725474 	 0.00000000000000000000
1447 	 0.00004288732376345054 	 0.00000085774647526901 	 0.00000000000000000000
1448 	 0.00007021010090295848 	 0.00000443997049345089 	 0.00000000000000000000
1449 	 0.00007969903942375718 	 0.00001607283679428935 	 0.00000000000000000000
1450 	 0.00007838594871675751 	 0.00002103057518203523 	 0.00000000000000000000
1451 	 0.00007946643022984504 	 0.00003154341158624326 	 0.00000000000000000000
1452 	 0.00000000025494520567 	 0.00000000000509890427 	 0.00000000000000000000
1453 	 0.00000917428318179879 	 0.00000040448550508918 	 0.00000000000000000000
1454 	 0.00001395357219869571 	 0.00000075419927182869 	 0.00000000000000000000
1455 	 0.00001409263142714261 	 0.00000094004322100277 	 0.00000000000000000000
1456 	 0.00000000000028003160 	 0.00000000000000560063 	 0.00000000000000000000
1457 	 0.00001864674697910511 	 0.00000040618927779974 	 0.00000000000000000000
1458 	 0.00000094177659959921 	 0.00000001890822680806 	 0.00000000000000000000
1459 	 0.00005623002884940052 	 0.00000271860132340016 	 0.00000000000000000000
1460 	 0.00007633957928466679 	 0.00000796989677902233 	 0.00000000000000000000
1461 	 0.00007711425123343142 	 0.00001450534818413449 	 0.00000000000000000000
1462 	 0.00007713476997491756 	 0.00001897989381667336 	 0.00000000000000000000
1463 	 0.00007739267835140358 	 0.00002333437954147715 	 0.00000000000000000000
1464 	 0.00007765211721032214 	 0.00003051989579393991 	 0.00000000000000000000
1465 	 0.00007765221888498545 	 0.00003307698852672917 	 0.00000000000000000000
1466 	 0.00007765215130285937 	 0.00003167540884807373 	 0.00000000000000000000
1467 	 0.00007800436012131488 	 0.00003215858446127794 	 0.00000000000000000000
1468 	 0.00007813251629750323 	 0.00002891562262126750 	 0.00000000000000000000
1469 	 0.00007813251798363887 	 0.00003243909017861720 	 0.00000000000000000000
1470 	 0.00007821793743003456 	 0.00003837832520781807 	 0.00000000000000000000
1471 	 0.00007814168274436901 	 0.00003593848976204316 	 0.00000000000000000000
1472 	 0.00007821789027729419 	 0.00002996280715227772 	 0.00000000000000000000
1473 	 0.00007821789497242123 	 0.00002707970706243258 	 0.00000000000000000000
1474 	 0.00007531658582725882 	 0.00000182085094766817 	 0.00000000000000000000
1475 	 0.00002836496589621432 	 0.00000056729931797733 	 0.00000000000000000000
1476 	 0.00005586173976172678 	 0.00000889270073377891 	 0.00000000000000000000
1477 	 0.00005792588207000512 	 0.00001860043948402114 	 0.00000000000000000000
1478 	 0.00006292886498331157 	 0.00001997407527495929 	 0.00000000000000000000
1479 	 0.00006408784893809753 	 0.00002194984038745117 	 0.00000000000000000000
1480 	 0.00006408784955939893 	 0.00002512116285040989 	 0.00000000000000000000
1481 	 0.00006408784379552634 	 0.00001522253180222161 	 0.00000000000000000000
1482 	 0.00006499968447370172 	 0.00002281761886612860 	 0.00000000000000000000
1483 	 0.00006722252935883517 	 0.00001822246341718883 	 0.00000000000000000000
1484 	 0.00007603134541110115 	 0.00002368638672817031 	 0.00000000000000000000
1485 	 0.00007603130240697319 	 0.00002268428577493362 	 0.00000000000000000000
1486 	 0.00007603130193215371 	 0.00002722099357912060 	 0.00000000000000000000
1487 	 0.00007603130476435387 	 0.00002430173241396666 	 0.00000000000000000000
1488 	 0.00007603134541110078 	 0.00002524815330114007 	 0.00000000000000000000
1489 	 0.00007603129590407918 	 0.00002725796967625121 	 0.00000000000000000000
1490 	 0.00007603130193218577 	 0.00003106007732946537 	 0.00000000000000000000
1491 	 0.00007735284684128437 	 0.00002799307094854775 	 0.00000000000000000000
1492 	 0.00007735285505871645 	 0.00002908373924800278 	 0.00000000000000000000
1493 	 0.00007735285088243737 	 0.00002384854836265296 	 0.00000000000000000000
1494 	 0.00007735286451556765 	 0.00002450465129664657 	 0.00000000000000000000
1495 	 0.00008011757034714535 	 0.00002692114510759202 	 0.00000000000000000000
1496 	 0.00008011758501291809 	 0.00002599323883509426 	 0.00000000000000000000
1497 	 0.00008011764692214592 	 0.00002864335437189205 	 0.00000000000000000000
1498 	 0.00008011758626819781 	 0.00002920750932407268 	 0.00000000000000000015
1499 	 0.00008011762294190861 	 0.00003394194870196330 	 0.00000000000000000000
1500 	 0.00007875556376056937 	 0.00002545024999499401 	 0.00000000000000000000
###############################################################
## Evolution ended on Sun Jun  8 21:22:30 2025
## Reason: Evolved till last generation 1500
## The best individual was found in generation 1416 (fitness: 0.00009249)
###############################################################
###############################################################
## Evolution started on Sun Jun  8 21:35:52 2025
###############################################################
1501 	 0.00000054096039507766 	 0.00000007105143244275 	 -0.00000000000000000000
1502 	 0.00000054096039033641 	 0.00000010088056315070 	 -0.00000000000000000000
1503 	 0.00000328305797769143 	 0.00000024576065750792 	 -0.00000000000000000000
1504 	 0.00000370091163345153 	 0.00000036470927156337 	 -0.00000000000000000000
1505 	 0.00000370092966040009 	 0.00000053050116509084 	 0.00000000000000000000
1506 	 0.00000370092078602528 	 0.00000048273826908928 	 -0.00000000000000000000
1507 	 0.00000454244185704174 	 0.00000109905601723970 	 0.00000000000000000000
1508 	 0.00000454244194964514 	 0.00000102252466056657 	 0.00000000000000000000
1509 	 0.00000454245047438829 	 0.00000062804970876081 	 0.00000000000000000000
1510 	 0.00004114368599015675 	 0.00000255886131202204 	 0.00000000000000000000
1511 	 0.00004266152162054518 	 0.00000574037264366055 	 -0.00000000000000000000
1512 	 0.00004302920883199946 	 0.00000717322866014314 	 -0.00000000000000000000
1513 	 0.00004302918046680827 	 0.00000741173772727225 	 -0.00000000000000000000
1514 	 0.00004358166488674229 	 0.00000862598194691228 	 -0.00000000000000000000
1515 	 0.00004549123643909815 	 0.00000877093780730995 	 -0.00000000000000000000
1516 	 0.00004549348944818828 	 0.00001078345708848144 	 -0.00000000000000000000
1517 	 0.00004549347341028761 	 0.00001039946456465704 	 -0.00000000000000000000
1518 	 0.00004549123643908167 	 0.00000987107634821082 	 -0.00000000000000000000
1519 	 0.00004549353462345487 	 0.00000670658978403107 	 -0.00000000000000000000
1520 	 0.00004549347300161767 	 0.00000662469451791584 	 -0.00000000000000000000
1521 	 0.00004549348502063889 	 0.00001087363034103275 	 -0.00000000000000000000
1522 	 0.00004549350344000073 	 0.00000942631353573854 	 -0.00000000000000000000
1523 	 0.00004549350636010981 	 0.00001186162877573482 	 -0.00000000000000000000
1524 	 0.00004549347422032085 	 0.00001270410894784236 	 -0.00000000000000000000
1525 	 0.00004549347898923525 	 0.00001221016774828894 	 -0.00000000000000000000
1526 	 0.00004549358816229209 	 0.00001302800188786244 	 -0.00000000000000000000
1527 	 0.00004549349220554957 	 0.00001053544113203974 	 -0.00000000000000000000
1528 	 0.00004549244386086918 	 0.00000617162828341185 	 0.00000000000000000000
1529 	 0.00004549358104740867 	 0.00000889435077153085 	 -0.00000000000000000000
1530 	 0.00004600414897307508 	 0.00000976821188702528 	 0.00000000000000000000
1531 	 0.00004600412267813388 	 0.00001365905675359583 	 -0.00000000000000000000
1532 	 0.00004600412972054904 	 0.00001196866965912897 	 -0.00000000000000000000
1533 	 0.00004600389999829801 	 0.00001250522708455893 	 0.00000000000000000000
1534 	 0.00004676594214795235 	 0.00001417308771225722 	 -0.00000000000000000000
1535 	 0.00004755087193992264 	 0.00000968124238787351 	 -0.00000000000000000000
1536 	 0.00004755283996088129 	 0.00001094725480821916 	 -0.00000000000000000000
1537 	 0.00004754511943987616 	 0.00001114441241865119 	 -0.00000000000000000000
1538 	 0.00004771788421247722 	 0.00001418307849683295 	 -0.00000000000000000000
1539 	 0.00004771754555517981 	 0.00001027173056169019 	 -0.00000000000000000000
1540 	 0.00004771759412343208 	 0.00001089678034636223 	 -0.00000000000000000000
1541 	 0.00004755889664893225 	 0.00001061057527184332 	 -0.00000000000000000000
1542 	 0.00004755088118749924 	 0.00001063608781507154 	 0.00000000000000000000
1543 	 0.00004755088522863707 	 0.00001068536071440191 	 -0.00000000000000000000
1544 	 0.00004755088484732042 	 0.00001169717313138072 	 -0.00000000000000000000
1545 	 0.00004754814968215644 	 0.00000903986421082833 	 0.00000000000000000000
1546 	 0.00004755285578166509 	 0.00001420668590615951 	 -0.00000000000000000000
1547 	 0.00005236652765479772 	 0.00001243609919464765 	 -0.00000000000000000000
1548 	 0.00005239349338149390 	 0.00001230936663555687 	 -0.00000000000000000000
1549 	 0.00005236652061242069 	 0.00001165025798196146 	 -0.00000000000000000000
1550 	 0.00005236654459386677 	 0.00000987065035337061 	 -0.00000000000000000000
1551 	 0.00005236656474847838 	 0.00000944381436147009 	 0.00000000000000000000
1552 	 0.00005236660282988100 	 0.00001036535093802109 	 -0.00000000000000000000
1553 	 0.00005941566851683979 	 0.00001082990197177205 	 -0.00000000000000000000
1554 	 0.00005941199414234961 	 0.00000732245911162871 	 -0.00000000000000000000
1555 	 0.00005941221897857841 	 0.00000811681298521142 	 -0.00000000000000000000
1556 	 0.00005941208236455316 	 0.00000793767989385570 	 -0.00000000000000000000
1557 	 0.00005941214228815455 	 0.00000951905303250858 	 -0.00000000000000000000
1558 	 0.00005942772059968849 	 0.00001534626884676042 	 -0.00000000000000000000
1559 	 0.00005941215619715790 	 0.00000696096617521817 	 0.00000000000000000000
1560 	 0.00006229321035576152 	 0.00001069190271442103 	 -0.00000000000000000000
1561 	 0.00005941566868195988 	 0.00000930146009575259 	 -0.00000000000000000000
1562 	 0.00005941214228815455 	 0.00001023171095524756 	 -0.00000000000000000000
1563 	 0.00005942763338166558 	 0.00000565702924453640 	 -0.00000000000000000000
1564 	 0.00005942760744562613 	 0.00000741325923370728 	 -0.00000000000000000000
1565 	 0.00005942903570882434 	 0.00000920481532660371 	 -0.00000000000000000000
1566 	 0.00005942759900721429 	 0.00000776147558532421 	 -0.00000000000000000000
1567 	 0.00005942903810763856 	 0.00000906668246199007 	 -0.00000000000000000000
1568 	 0.00005942759550289537 	 0.00000778728570753007 	 -0.00000000000000000000
1569 	 0.00005941214441784198 	 0.00000647672526041580 	 0.00000000000000000000
1570 	 0.00005941222675217268 	 0.00001037663415674153 	 -0.00000000000000000000
1571 	 0.00006020931729742602 	 0.00000583787292982533 	 0.00000000000000000000
1572 	 0.00005941215619715838 	 0.00000975395026392947 	 -0.00000000000000000000
1573 	 0.00005942762990840752 	 0.00000808981888179001 	 -0.00000000000000000000
1574 	 0.00005942764231638561 	 0.00000791661082050439 	 0.00000000000000000000
1575 	 0.00005941213269632889 	 0.00000592392898414248 	 0.00000000000000000000
1576 	 0.00006044440372242441 	 0.00000787791715305586 	 -0.00000000000000000000
1577 	 0.00005975460547735223 	 0.00000771041993993139 	 -0.00000000000000000000
1578 	 0.00006658688009399352 	 0.00000770077867659932 	 -0.00000000000000000000
1579 	 0.00006658707127006254 	 0.00000850435483808524 	 -0.00000000000000000000
1580 	 0.00006657316780017053 	 0.00000913592294845927 	 0.00000000000000000000
1581 	 0.00006657316780015381 	 0.00000977548495190666 	 -0.00000000000000000000
1582 	 0.00006658699360726755 	 0.00001049993291781305 	 -0.00000000000000000000
1583 	 0.00006658319850886724 	 0.00001270859680354006 	 0.00000000000000000000
1584 	 0.00006658699363626188 	 0.00000897102078431107 	 -0.00000000000000000000
1585 	 0.00006658699360892885 	 0.00001054479483744621 	 -0.00000000000000000000
1586 	 0.00006658706329952695 	 0.00000916587235971574 	 -0.00000000000000000000
1587 	 0.00006658640392749660 	 0.00000881860809283313 	 -0.00000000000000000000
1588 	 0.00006658679188734375 	 0.00000769674259975245 	 -0.00000000000000000000
1589 	 0.00006658716396756054 	 0.00000672627625003719 	 -0.00000000000000000000
1590 	 0.00006658638840794468 	 0.00000939391356849606 	 -0.00000000000000000000
1591 	 0.00006658626004250886 	 0.00000912704191479920 	 -0.00000000000000000000
1592 	 0.00006482951444663254 	 0.00000518942574862818 	 0.00000000000000000000
1593 	 0.00006482951444663216 	 0.00000692679401636872 	 0.00000000000000000000
1594 	 0.00006486079867956778 	 0.00001036083666994925 	 0.00000000000000000000
1595 	 0.00006478568329754831 	 0.00000722194121205959 	 -0.00000000000000000000
1596 	 0.00006486060136554346 	 0.00000786270778309989 	 -0.00000000000000000000
1597 	 0.00006482951444663254 	 0.00000697132846438204 	 0.00000000000000000000
1598 	 0.00006486060136554346 	 0.00000669968797203336 	 0.00000000000000000000
1599 	 0.00006486079422018056 	 0.00000880632903672917 	 -0.00000000000000000000
1600 	 0.00006478577068636573 	 0.00000680328790136185 	 -0.00000000000000000000
1601 	 0.00006486079422018056 	 0.00000800053344671806 	 0.00000000000000000000
1602 	 0.00006486058093103326 	 0.00000667223970981471 	 -0.00000000000000000000
1603 	 0.00006486056993625021 	 0.00000756433566110939 	 0.00000000000000000000
1604 	 0.00006486079422018056 	 0.00001100936520301294 	 -0.00000000000000000000
1605 	 0.00006553126888524508 	 0.00000886870809996203 	 -0.00000000000000000000
1606 	 0.00006553126889158334 	 0.00000812769428097785 	 -0.00000000000000000000
1607 	 0.00006482950927196706 	 0.00000695673601884116 	 0.00000000000000000000
1608 	 0.00006560114124647110 	 0.00000885021361032019 	 0.00000000000000000000
1609 	 0.00006486070187718360 	 0.00000811923297534940 	 0.00000000000000000000
1610 	 0.00006486060136573321 	 0.00000715603720736029 	 0.00000000000000000000
1611 	 0.00006480904152090363 	 0.00000496991098566645 	 -0.00000000000000000000
1612 	 0.00006478568193784911 	 0.00000540163526432613 	 0.00000000000000000000
1613 	 0.00006486079422018056 	 0.00000756018838807069 	 -0.00000000000000000000
1614 	 0.00006486056993642662 	 0.00000530860288844036 	 -0.00000000000000000000
1615 	 0.00006486060415884312 	 0.00000816639742160417 	 0.00000000000000000000
1616 	 0.00006482951444671122 	 0.00001015582318324466 	 0.00000000000000000000
1617 	 0.00006486079422018056 	 0.00000713737984972462 	 -0.00000000000000000000
1618 	 0.00006486056993642662 	 0.00000959555751919189 	 -0.00000000000000000000
1619 	 0.00006523915758247699 	 0.00000735102218807559 	 -0.00000000000000000000
1620 	 0.00006486095194631386 	 0.00000736087418664075 	 -0.00000000000000000000
1621 	 0.00006486060136573322 	 0.00001036015499812871 	 0.00000000000000000000
1622 	 0.00006486060563323962 	 0.00000819660958183535 	 -0.00000000000000000000
1623 	 0.00006486079422018056 	 0.00000728826909142695 	 0.00000000000000000000
1624 	 0.00006482951444670778 	 0.00000655706493431050 	 -0.00000000000000000000
1625 	 0.00006486060539079954 	 0.00000640112127364149 	 0.00000000000000000000
1626 	 0.00006486060136573321 	 0.00000843565228109257 	 -0.00000000000000000000
1627 	 0.00006486079646140968 	 0.00000873783566616243 	 -0.00000000000000000000
1628 	 0.00006478568330260105 	 0.00000806888152308601 	 -0.00000000000000000000
1629 	 0.00006486093897967819 	 0.00000628070053037314 	 -0.00000000000000000000
1630 	 0.00006486079422018056 	 0.00000661247755114972 	 0.00000000000000000000
1631 	 0.00006480884893987557 	 0.00000584134889864779 	 0.00000000000000000000
1632 	 0.00006486078580204622 	 0.00000546496940692337 	 -0.00000000000000000000
1633 	 0.00006480898736996115 	 0.00000645051293382108 	 -0.00000000000000000000
1634 	 0.00006785819152780799 	 0.00000868849435207223 	 -0.00000000000000000000
1635 	 0.00006787515253379470 	 0.00000697228767757863 	 0.00000000000000000000
1636 	 0.00006783709971073351 	 0.00000835756740337629 	 -0.00000000000000000000
1637 	 0.00006783710468078480 	 0.00000817291558858216 	 0.00000000000000000000
1638 	 0.00006478568329747796 	 0.00000473831201554556 	 -0.00000000000000000000
1639 	 0.00006613647336898278 	 0.00000715643941428088 	 0.00000000000000000000
1640 	 0.00006613647336898278 	 0.00000726935193678626 	 -0.00000000000000000000
1641 	 0.00006613660030723076 	 0.00000808618471465868 	 0.00000000000000000000
1642 	 0.00006613643803848520 	 0.00000774003302126545 	 -0.00000000000000000000
1643 	 0.00006613684572875239 	 0.00000886356352623479 	 -0.00000000000000000000
1644 	 0.00006613677849732408 	 0.00000724009289054697 	 -0.00000000000000000000
1645 	 0.00006611923556277977 	 0.00000823329142506330 	 -0.00000000000000000000
1646 	 0.00006613643790121288 	 0.00000757506139425187 	 0.00000000000000000000
1647 	 0.00006613672067303718 	 0.00000674565727383487 	 -0.00000000000000000000
1648 	 0.00006613654663553590 	 0.00000648671038496926 	 -0.00000000000000000000
1649 	 0.00006613604411182578 	 0.00000839604863811369 	 -0.00000000000000000000
1650 	 0.00006613697726452799 	 0.00000853895250280218 	 0.00000000000000000000
1651 	 0.00006611923556278134 	 0.00000788193389470953 	 -0.00000000000000000000
1652 	 0.00006613677695219897 	 0.00000753031434985399 	 -0.00000000000000000000
1653 	 0.00006613631115925637 	 0.00000953807229069402 	 -0.00000000000000000000
1654 	 0.00006846111549180730 	 0.00000850331183721394 	 -0.00000000000000000000
1655 	 0.00006482951444663254 	 0.00000444190813562313 	 -0.00000000000000000000
1656 	 0.00006486059672732390 	 0.00000665390439091971 	 0.00000000000000000000
1657 	 0.00006486079422018056 	 0.00000871408835060024 	 -0.00000000000000000000
1658 	 0.00006480719531635799 	 0.00000823909341175330 	 -0.00000000000000000000
1659 	 0.00006486028182997770 	 0.00000566444232512124 	 -0.00000000000000000000
1660 	 0.00006619766573660128 	 0.00001012067146959675 	 -0.00000000000000000000
1661 	 0.00006620598674990288 	 0.00000858551417739556 	 -0.00000000000000000000
1662 	 0.00006619766748052334 	 0.00000849262022387262 	 -0.00000000000000000000
1663 	 0.00006620592067818374 	 0.00000666601406134192 	 -0.00000000000000000000
1664 	 0.00006620598679059420 	 0.00000684917472414916 	 0.00000000000000000000
1665 	 0.00006650084991220923 	 0.00000861150867028622 	 -0.00000000000000000000
1666 	 0.00006619766748052334 	 0.00000797901095530955 	 0.00000000000000000000
1667 	 0.00006619767142137359 	 0.00000655501783525651 	 -0.00000000000000000000
1668 	 0.00006619767916555758 	 0.00000560740767641154 	 -0.00000000000000000000
1669 	 0.00006619767543599556 	 0.00000636893748914198 	 -0.00000000000000000000
1670 	 0.00006619767140106611 	 0.00000633494459029390 	 -0.00000000000000000000
1671 	 0.00006619767111741895 	 0.00000693326261391840 	 0.00000000000000000000
1672 	 0.00006650084852109574 	 0.00000759515300547178 	 0.00000000000000000000
1673 	 0.00006619767146976528 	 0.00000679465269973333 	 -0.00000000000000000000
1674 	 0.00006619766821675686 	 0.00000693043007174943 	 0.00000000000000000000
1675 	 0.00006619766732227401 	 0.00000979376252699366 	 -0.00000000000000000000
1676 	 0.00006619766748052334 	 0.00000966192943178230 	 0.00000000000000000000
1677 	 0.00006620598679056381 	 0.00000780337236127297 	 -0.00000000000000000000
1678 	 0.00006619765274065782 	 0.00000997014510718357 	 0.00000000000000000000
1679 	 0.00006619767145562130 	 0.00000605751720467130 	 -0.00000000000000000000
1680 	 0.00006619767140106611 	 0.00000653112386346165 	 -0.00000000000000000000
1681 	 0.00006620601911166158 	 0.00001087886729975565 	 -0.00000000000000000000
1682 	 0.00006619766748052334 	 0.00000848909273443528 	 -0.00000000000000000000
1683 	 0.00006619767147188316 	 0.00000695621742829727 	 -0.00000000000000000000
1684 	 0.00006619767140106611 	 0.00000822386886486820 	 0.00000000000000000000
1685 	 0.00006619766748052334 	 0.00000663017570575239 	 -0.00000000000000000000
1686 	 0.00006619767140106668 	 0.00000920828444827091 	 -0.00000000000000000000
1687 	 0.00006619766748052334 	 0.00000916458095236315 	 -0.00000000000000000000
1688 	 0.00006620601911166472 	 0.00000884770514444505 	 -0.00000000000000000000
1689 	 0.00006619767140106611 	 0.00000804516304398679 	 0.00000000000000000000
1690 	 0.00006619767140075387 	 0.00000857674226522007 	 -0.00000000000000000000
1691 	 0.00006619767110679754 	 0.00000762910615239310 	 0.00000000000000000000
1692 	 0.00006619767999812412 	 0.00000740357316977998 	 -0.00000000000000000000
1693 	 0.00006620601906248120 	 0.00000716961209346730 	 0.00000000000000000000
1694 	 0.00006620593761972885 	 0.00000956908526944872 	 0.00000000000000000000
1695 	 0.00006619767140109065 	 0.00001027412229379085 	 0.00000000000000000000
1696 	 0.00006619766794730576 	 0.00000987983515868835 	 -0.00000000000000000000
1697 	 0.00006619766748466115 	 0.00001116700035176577 	 -0.00000000000000000000
1698 	 0.00006619766748093327 	 0.00000694265904302180 	 -0.00000000000000000000
1699 	 0.00006619766748093327 	 0.00000765386729268844 	 -0.00000000000000000000
1700 	 0.00006619767425811610 	 0.00000979866044458034 	 -0.00000000000000000000
###############################################################
## Evolution ended on --- ---  - 22:26:20 2025
## Reason: Evolved till last generation 1700
## The best individual was found in generation 1654 (fitness: 0.00006846)
###############################################################
